Mod:Item:MetaData, Localized Name
minecraft:air, 隙间
minecraft:stone:0, 石头
minecraft:stone:1, 花岗岩
minecraft:stone:2, 磨制花岗岩
minecraft:stone:3, 闪长岩
minecraft:stone:4, 磨制闪长岩
minecraft:stone:5, 安山岩
minecraft:stone:6, 磨制安山岩
minecraft:grass, 草方块
minecraft:dirt:0, 泥土
minecraft:dirt:1, 砂土
minecraft:dirt:2, 灰化土
minecraft:cobblestone, 圆石
minecraft:planks:0, 橡木木板
minecraft:planks:1, 云杉木板
minecraft:planks:2, 白桦木板
minecraft:planks:3, 丛林木板
minecraft:planks:4, 金合欢木板
minecraft:planks:5, 深色橡木木板
minecraft:sapling:0, 橡树树苗
minecraft:sapling:1, 云杉树苗
minecraft:sapling:2, 白桦树苗
minecraft:sapling:3, 丛林树苗
minecraft:sapling:4, 金合欢树苗
minecraft:sapling:5, 深色橡树树苗
minecraft:bedrock, 基岩
minecraft:sand:0, 沙子
minecraft:sand:1, 红沙
minecraft:gravel, 沙砾
minecraft:gold_ore, 金矿石
minecraft:iron_ore, 铁矿石
minecraft:coal_ore, 煤矿石
minecraft:log:0, 橡木
minecraft:log:1, 云杉木
minecraft:log:2, 白桦木
minecraft:log:3, 丛林木
minecraft:leaves:0, 橡树树叶
minecraft:leaves:1, 云杉树叶
minecraft:leaves:2, 白桦树叶
minecraft:leaves:3, 丛林树叶
minecraft:sponge:0, 海绵
minecraft:sponge:1, 湿海绵
minecraft:glass, 玻璃
minecraft:lapis_ore, 青金石矿石
minecraft:lapis_block, 青金石块
minecraft:dispenser, 发射器
minecraft:sandstone:0, 砂岩
minecraft:sandstone:1, 錾制砂岩
minecraft:sandstone:2, 切制砂岩
minecraft:noteblock, 音符盒
minecraft:golden_rail, 充能铁轨
minecraft:detector_rail, 探测铁轨
minecraft:sticky_piston, 粘性活塞
minecraft:web, 蜘蛛网
minecraft:tallgrass:1, 草
minecraft:tallgrass:2, 蕨
minecraft:deadbush, 枯萎的灌木
minecraft:piston, 活塞
minecraft:wool:0, 白色羊毛
minecraft:wool:1, 橙色羊毛
minecraft:wool:2, 品红色羊毛
minecraft:wool:3, 淡蓝色羊毛
minecraft:wool:4, 黄色羊毛
minecraft:wool:5, 黄绿色羊毛
minecraft:wool:6, 粉红色羊毛
minecraft:wool:7, 灰色羊毛
minecraft:wool:8, 淡灰色羊毛
minecraft:wool:9, 青色羊毛
minecraft:wool:10, 紫色羊毛
minecraft:wool:11, 蓝色羊毛
minecraft:wool:12, 棕色羊毛
minecraft:wool:13, 绿色羊毛
minecraft:wool:14, 红色羊毛
minecraft:wool:15, 黑色羊毛
minecraft:yellow_flower:0, 蒲公英
minecraft:red_flower:0, 虞美人
minecraft:red_flower:1, 兰花
minecraft:red_flower:2, 绒球葱
minecraft:red_flower:3, 蓝花美耳草
minecraft:red_flower:4, 红色郁金香
minecraft:red_flower:5, 橙色郁金香
minecraft:red_flower:6, 白色郁金香
minecraft:red_flower:7, 粉红色郁金香
minecraft:red_flower:8, 滨菊
minecraft:brown_mushroom, 蘑菇
minecraft:red_mushroom, 蘑菇
minecraft:gold_block, 金块
minecraft:iron_block, 铁块
minecraft:stone_slab:0, 石台阶
minecraft:stone_slab:1, 砂岩台阶
minecraft:stone_slab:3, 圆石台阶
minecraft:stone_slab:4, 砖台阶
minecraft:stone_slab:5, 石砖台阶
minecraft:stone_slab:6, 下界砖台阶
minecraft:stone_slab:7, 石英台阶
minecraft:brick_block, 砖块
minecraft:tnt, TNT
minecraft:bookshelf, 书架
minecraft:mossy_cobblestone, 苔石
minecraft:obsidian, 黑曜石
minecraft:torch, 火把
minecraft:mob_spawner, 刷怪笼
minecraft:oak_stairs, 橡木楼梯
minecraft:chest, 箱子
minecraft:diamond_ore, 钻石矿石
minecraft:diamond_block, 钻石块
minecraft:crafting_table, 工作台
minecraft:farmland, 耕地
minecraft:furnace, 熔炉
minecraft:ladder, 梯子
minecraft:rail, 铁轨
minecraft:stone_stairs, 石头楼梯
minecraft:lever, 拉杆
minecraft:stone_pressure_plate, 石质压力板
minecraft:wooden_pressure_plate, 木质压力板
minecraft:redstone_ore, 红石矿石
minecraft:redstone_torch, 红石火把
minecraft:stone_button, 按钮
minecraft:snow_layer, 雪
minecraft:ice, 冰
minecraft:snow, 雪
minecraft:cactus, 仙人掌
minecraft:clay, 粘土块
minecraft:jukebox, 唱片机
minecraft:fence, 橡木栅栏
minecraft:pumpkin, 南瓜
minecraft:netherrack, 下界岩
minecraft:soul_sand, 灵魂沙
minecraft:glowstone, 荧石
minecraft:lit_pumpkin, 南瓜灯
minecraft:stained_glass:0, 白色染色玻璃
minecraft:stained_glass:1, 橙色染色玻璃
minecraft:stained_glass:2, 品红色染色玻璃
minecraft:stained_glass:3, 淡蓝色染色玻璃
minecraft:stained_glass:4, 黄色染色玻璃
minecraft:stained_glass:5, 黄绿色染色玻璃
minecraft:stained_glass:6, 粉红色染色玻璃
minecraft:stained_glass:7, 灰色染色玻璃
minecraft:stained_glass:8, 淡灰色染色玻璃
minecraft:stained_glass:9, 青色染色玻璃
minecraft:stained_glass:10, 紫色染色玻璃
minecraft:stained_glass:11, 蓝色染色玻璃
minecraft:stained_glass:12, 棕色染色玻璃
minecraft:stained_glass:13, 绿色染色玻璃
minecraft:stained_glass:14, 红色染色玻璃
minecraft:stained_glass:15, 黑色染色玻璃
minecraft:trapdoor, 活板门
minecraft:monster_egg:0, 被虫蚀的石头
minecraft:monster_egg:1, 被虫蚀的圆石
minecraft:monster_egg:2, 被虫蚀的石砖
minecraft:monster_egg:3, 被虫蚀的苔石砖
minecraft:monster_egg:4, 被虫蚀的裂石砖
minecraft:monster_egg:5, 被虫蚀的錾制石砖
minecraft:stonebrick:0, 石砖
minecraft:stonebrick:1, 苔石砖
minecraft:stonebrick:2, 裂石砖
minecraft:stonebrick:3, 錾制石砖
minecraft:brown_mushroom_block, 蘑菇
minecraft:red_mushroom_block, 蘑菇
minecraft:iron_bars, 铁栏杆
minecraft:glass_pane, 玻璃板
minecraft:melon_block, 西瓜
minecraft:vine, 藤蔓
minecraft:fence_gate, 橡木栅栏门
minecraft:brick_stairs, 砖楼梯
minecraft:stone_brick_stairs, 石砖楼梯
minecraft:mycelium, 菌丝
minecraft:waterlily, 睡莲
minecraft:nether_brick, 下界砖
minecraft:nether_brick_fence, 下界砖栅栏
minecraft:nether_brick_stairs, 下界砖楼梯
minecraft:enchanting_table, 附魔台
minecraft:end_portal_frame, 末地传送门
minecraft:end_stone, 末地石
minecraft:dragon_egg, 龙蛋
minecraft:redstone_lamp, 红石灯
minecraft:wooden_slab:0, 橡木台阶
minecraft:wooden_slab:1, 云杉木台阶
minecraft:wooden_slab:2, 桦木台阶
minecraft:wooden_slab:3, 丛林木台阶
minecraft:wooden_slab:4, 金合欢木台阶
minecraft:wooden_slab:5, 深色橡木台阶
minecraft:sandstone_stairs, 砂岩楼梯
minecraft:emerald_ore, 绿宝石矿石
minecraft:ender_chest, 末影箱
minecraft:tripwire_hook, 绊线钩
minecraft:emerald_block, 绿宝石块
minecraft:spruce_stairs, 云杉木楼梯
minecraft:birch_stairs, 桦木楼梯
minecraft:jungle_stairs, 丛林木楼梯
minecraft:command_block, 命令方块
minecraft:beacon, 信标
minecraft:cobblestone_wall:0, 圆石墙
minecraft:cobblestone_wall:1, 苔石墙
minecraft:wooden_button, 按钮
minecraft:anvil:0, 铁砧
minecraft:anvil:1, 轻微损坏的铁砧
minecraft:anvil:2, 严重损坏的铁砧
minecraft:trapped_chest, 陷阱箱
minecraft:light_weighted_pressure_plate, 轻质测重压力板
minecraft:heavy_weighted_pressure_plate, 重质测重压力板
minecraft:daylight_detector, 阳光探测器
minecraft:redstone_block, 红石块
minecraft:quartz_ore, 下界石英矿石
minecraft:hopper, 漏斗
minecraft:quartz_block:0, 石英块
minecraft:quartz_block:1, 錾制石英块
minecraft:quartz_block:2, 竖纹石英块
minecraft:quartz_stairs, 石英楼梯
minecraft:activator_rail, 激活铁轨
minecraft:dropper, 投掷器
minecraft:stained_hardened_clay:0, 白色陶瓦
minecraft:stained_hardened_clay:1, 橙色陶瓦
minecraft:stained_hardened_clay:2, 品红色陶瓦
minecraft:stained_hardened_clay:3, 淡蓝色陶瓦
minecraft:stained_hardened_clay:4, 黄色陶瓦
minecraft:stained_hardened_clay:5, 黄绿色陶瓦
minecraft:stained_hardened_clay:6, 粉红色陶瓦
minecraft:stained_hardened_clay:7, 灰色陶瓦
minecraft:stained_hardened_clay:8, 淡灰色陶瓦
minecraft:stained_hardened_clay:9, 青色陶瓦
minecraft:stained_hardened_clay:10, 紫色陶瓦
minecraft:stained_hardened_clay:11, 蓝色陶瓦
minecraft:stained_hardened_clay:12, 棕色陶瓦
minecraft:stained_hardened_clay:13, 绿色陶瓦
minecraft:stained_hardened_clay:14, 红色陶瓦
minecraft:stained_hardened_clay:15, 黑色陶瓦
minecraft:stained_glass_pane:0, 白色染色玻璃板
minecraft:stained_glass_pane:1, 橙色染色玻璃板
minecraft:stained_glass_pane:2, 品红色染色玻璃板
minecraft:stained_glass_pane:3, 淡蓝色染色玻璃板
minecraft:stained_glass_pane:4, 黄色染色玻璃板
minecraft:stained_glass_pane:5, 黄绿色染色玻璃板
minecraft:stained_glass_pane:6, 粉红色染色玻璃板
minecraft:stained_glass_pane:7, 灰色染色玻璃板
minecraft:stained_glass_pane:8, 淡灰色染色玻璃板
minecraft:stained_glass_pane:9, 青色染色玻璃板
minecraft:stained_glass_pane:10, 紫色染色玻璃板
minecraft:stained_glass_pane:11, 蓝色染色玻璃板
minecraft:stained_glass_pane:12, 棕色染色玻璃板
minecraft:stained_glass_pane:13, 绿色染色玻璃板
minecraft:stained_glass_pane:14, 红色染色玻璃板
minecraft:stained_glass_pane:15, 黑色染色玻璃板
minecraft:leaves2:0, 金合欢树叶
minecraft:leaves2:1, 深色橡树树叶
minecraft:log2:0, 金合欢木
minecraft:log2:1, 深色橡木
minecraft:acacia_stairs, 金合欢木楼梯
minecraft:dark_oak_stairs, 深色橡木楼梯 
minecraft:slime, 粘液块
minecraft:barrier, 守护之光
minecraft:iron_trapdoor, 铁活板门
minecraft:prismarine:0, 海晶石
minecraft:prismarine:1, 海晶石砖
minecraft:prismarine:2, 暗海晶石
minecraft:sea_lantern, 海晶灯
minecraft:hay_block, 干草块
minecraft:carpet:0, 白色地毯
minecraft:carpet:1, 橙色地毯
minecraft:carpet:2, 品红色地毯
minecraft:carpet:3, 淡蓝色地毯
minecraft:carpet:4, 黄色地毯
minecraft:carpet:5, 黄绿色地毯
minecraft:carpet:6, 粉红色地毯
minecraft:carpet:7, 灰色地毯
minecraft:carpet:8, 淡灰色地毯
minecraft:carpet:9, 青色地毯
minecraft:carpet:10, 紫色地毯
minecraft:carpet:11, 蓝色地毯
minecraft:carpet:12, 棕色地毯
minecraft:carpet:13, 绿色地毯
minecraft:carpet:14, 红色地毯
minecraft:carpet:15, 黑色地毯
minecraft:hardened_clay, 陶瓦
minecraft:coal_block, 煤炭块
minecraft:packed_ice, 浮冰
minecraft:double_plant:0, 向日葵
minecraft:double_plant:1, 丁香
minecraft:double_plant:2, 高草丛
minecraft:double_plant:3, 大型蕨
minecraft:double_plant:4, 玫瑰丛
minecraft:double_plant:5, 牡丹
minecraft:red_sandstone:0, 红砂岩
minecraft:red_sandstone:1, 錾制红砂岩
minecraft:red_sandstone:2, 切制红砂岩
minecraft:red_sandstone_stairs, 红砂岩楼梯
minecraft:stone_slab2:0, 红砂岩台阶
minecraft:spruce_fence_gate, 云杉木栅栏门
minecraft:birch_fence_gate, 白桦木栅栏门
minecraft:jungle_fence_gate, 丛林木栅栏门
minecraft:dark_oak_fence_gate, 深色橡木栅栏门
minecraft:acacia_fence_gate, 金合欢木栅栏门
minecraft:spruce_fence, 云杉木栅栏
minecraft:birch_fence, 白桦木栅栏
minecraft:jungle_fence, 丛林木栅栏
minecraft:dark_oak_fence, 深色橡木栅栏
minecraft:acacia_fence, 金合欢木栅栏
minecraft:end_rod, 末地烛
minecraft:chorus_plant, 紫颂植物
minecraft:chorus_flower, 紫颂花
minecraft:purpur_block, 紫珀块
minecraft:purpur_pillar, 竖纹紫珀块
minecraft:purpur_stairs, 紫珀楼梯
minecraft:purpur_slab:0, 紫珀台阶
minecraft:end_bricks, 末地石砖
minecraft:grass_path, 草径
minecraft:repeating_command_block, 循环型命令方块
minecraft:chain_command_block, 连锁型命令方块
minecraft:magma, 岩浆块
minecraft:nether_wart_block, 下界疣块
minecraft:red_nether_brick, 红色下界砖
minecraft:bone_block, 骨块
minecraft:structure_void, 结构空位
minecraft:observer, 侦测器
minecraft:white_shulker_box, 白色潜影盒
minecraft:orange_shulker_box, 橙色潜影盒
minecraft:magenta_shulker_box, 品红色潜影盒
minecraft:light_blue_shulker_box, 淡蓝色潜影盒
minecraft:yellow_shulker_box, 黄色潜影盒
minecraft:lime_shulker_box, 黄绿色潜影盒
minecraft:pink_shulker_box, 粉红色潜影盒
minecraft:gray_shulker_box, 灰色潜影盒
minecraft:silver_shulker_box, 淡灰色潜影盒
minecraft:cyan_shulker_box, 青色潜影盒
minecraft:purple_shulker_box, 紫色潜影盒
minecraft:blue_shulker_box, 蓝色潜影盒
minecraft:brown_shulker_box, 棕色潜影盒
minecraft:green_shulker_box, 绿色潜影盒
minecraft:red_shulker_box, 红色潜影盒
minecraft:black_shulker_box, 黑色潜影盒
minecraft:white_glazed_terracotta, 白色带釉陶瓦
minecraft:orange_glazed_terracotta, 橙色带釉陶瓦
minecraft:magenta_glazed_terracotta, 品红色带釉陶瓦
minecraft:light_blue_glazed_terracotta, 淡蓝色带釉陶瓦
minecraft:yellow_glazed_terracotta, 黄色带釉陶瓦
minecraft:lime_glazed_terracotta, 黄绿色带釉陶瓦
minecraft:pink_glazed_terracotta, 粉红色带釉陶瓦
minecraft:gray_glazed_terracotta, 灰色带釉陶瓦
minecraft:silver_glazed_terracotta, 淡灰色带釉陶瓦
minecraft:cyan_glazed_terracotta, 青色带釉陶瓦
minecraft:purple_glazed_terracotta, 紫色带釉陶瓦
minecraft:blue_glazed_terracotta, 蓝色带釉陶瓦
minecraft:brown_glazed_terracotta, 棕色带釉陶瓦
minecraft:green_glazed_terracotta, 绿色带釉陶瓦
minecraft:red_glazed_terracotta, 红色带釉陶瓦
minecraft:black_glazed_terracotta, 黑色带釉陶瓦
minecraft:concrete:0, 白色混凝土
minecraft:concrete:1, 橙色混凝土
minecraft:concrete:2, 品红色混凝土
minecraft:concrete:3, 淡蓝色混凝土
minecraft:concrete:4, 黄色混凝土
minecraft:concrete:5, 黄绿色混凝土
minecraft:concrete:6, 粉红色混凝土
minecraft:concrete:7, 灰色混凝土
minecraft:concrete:8, 淡灰色混凝土
minecraft:concrete:9, 青色混凝土
minecraft:concrete:10, 紫色混凝土
minecraft:concrete:11, 蓝色混凝土
minecraft:concrete:12, 棕色混凝土
minecraft:concrete:13, 绿色混凝土
minecraft:concrete:14, 红色混凝土
minecraft:concrete:15, 黑色混凝土
minecraft:concrete_powder:0, 白色混凝土粉末
minecraft:concrete_powder:1, 橙色混凝土粉末
minecraft:concrete_powder:2, 品红色混凝土粉末
minecraft:concrete_powder:3, 淡蓝色混凝土粉末
minecraft:concrete_powder:4, 黄色混凝土粉末
minecraft:concrete_powder:5, 黄绿色混凝土粉末
minecraft:concrete_powder:6, 粉红色混凝土粉末
minecraft:concrete_powder:7, 灰色混凝土粉末
minecraft:concrete_powder:8, 淡灰色混凝土粉末
minecraft:concrete_powder:9, 青色混凝土粉末
minecraft:concrete_powder:10, 紫色混凝土粉末
minecraft:concrete_powder:11, 蓝色混凝土粉末
minecraft:concrete_powder:12, 棕色混凝土粉末
minecraft:concrete_powder:13, 绿色混凝土粉末
minecraft:concrete_powder:14, 红色混凝土粉末
minecraft:concrete_powder:15, 黑色混凝土粉末
minecraft:structure_block, 结构方块
minecraft:iron_shovel, 铁锹
minecraft:iron_pickaxe, 铁镐
minecraft:iron_axe, 铁斧
minecraft:flint_and_steel, 打火石
minecraft:apple, 苹果
minecraft:bow, 弓
minecraft:arrow, 箭
minecraft:coal:0, 煤炭
minecraft:coal:1, 木炭
minecraft:diamond, 钻石
minecraft:iron_ingot, 铁锭
minecraft:gold_ingot, 金锭
minecraft:iron_sword, 铁剑
minecraft:wooden_sword, 木剑
minecraft:wooden_shovel, 木锹
minecraft:wooden_pickaxe, 木镐
minecraft:wooden_axe, 木斧
minecraft:stone_sword, 石剑
minecraft:stone_shovel, 石锹
minecraft:stone_pickaxe, 石镐
minecraft:stone_axe, 石斧
minecraft:diamond_sword, 钻石剑
minecraft:diamond_shovel, 钻石锹
minecraft:diamond_pickaxe, 钻石镐
minecraft:diamond_axe, 钻石斧
minecraft:stick, 木棍
minecraft:bowl, 碗
minecraft:mushroom_stew, 蘑菇煲
minecraft:golden_sword, 金剑
minecraft:golden_shovel, 金锹
minecraft:golden_pickaxe, 金镐
minecraft:golden_axe, 金斧
minecraft:string, 线
minecraft:feather, 羽毛
minecraft:gunpowder, 火药
minecraft:wooden_hoe, 木锄
minecraft:stone_hoe, 石锄
minecraft:iron_hoe, 铁锄
minecraft:diamond_hoe, 钻石锄
minecraft:golden_hoe, 金锄
minecraft:wheat_seeds, 小麦种子
minecraft:wheat, 小麦
minecraft:bread, 面包
minecraft:leather_helmet, 皮革帽子
minecraft:leather_chestplate, 皮革外套
minecraft:leather_leggings, 皮革裤子
minecraft:leather_boots, 皮革靴子
minecraft:chainmail_helmet, 锁链头盔
minecraft:chainmail_chestplate, 锁链胸甲
minecraft:chainmail_leggings, 锁链护腿
minecraft:chainmail_boots, 锁链靴子
minecraft:iron_helmet, 铁头盔
minecraft:iron_chestplate, 铁胸甲
minecraft:iron_leggings, 铁护腿
minecraft:iron_boots, 铁靴子
minecraft:diamond_helmet, 钻石头盔
minecraft:diamond_chestplate, 钻石胸甲
minecraft:diamond_leggings, 钻石护腿
minecraft:diamond_boots, 钻石靴子
minecraft:golden_helmet, 金头盔
minecraft:golden_chestplate, 金胸甲
minecraft:golden_leggings, 金护腿
minecraft:golden_boots, 金靴子
minecraft:flint, 燧石
minecraft:porkchop, 生猪排
minecraft:cooked_porkchop, 熟猪排
minecraft:painting, 画
minecraft:golden_apple:0, 金苹果
minecraft:golden_apple:1, 金苹果
minecraft:sign, 告示牌
minecraft:wooden_door, 橡木门
minecraft:bucket, 桶
minecraft:water_bucket, 水桶
minecraft:lava_bucket, 熔岩桶
minecraft:minecart, 矿车
minecraft:saddle, 鞍
minecraft:iron_door, 铁门
minecraft:redstone, 红石粉
minecraft:snowball, 雪球
minecraft:boat, 橡木船
minecraft:leather, 皮革
minecraft:milk_bucket, 牛奶
minecraft:brick, 红砖
minecraft:clay_ball, 粘土球
minecraft:reeds, 甘蔗
minecraft:paper, 纸
minecraft:book, 书
minecraft:slime_ball, 粘液球
minecraft:chest_minecart, 运输矿车
minecraft:furnace_minecart, 动力矿车
minecraft:egg, 鸡蛋
minecraft:compass, 指南针
minecraft:fishing_rod, 木钓鱼竿
minecraft:clock, 时钟
minecraft:glowstone_dust, 荧石粉
minecraft:fish:0, 生鱼
minecraft:fish:1, 生鲑鱼
minecraft:fish:2, 小丑鱼
minecraft:fish:3, 河豚
minecraft:cooked_fish:0, 熟鱼
minecraft:cooked_fish:1, 熟鲑鱼
minecraft:dye:0, 墨囊
minecraft:dye:1, 玫瑰红
minecraft:dye:2, 仙人掌绿
minecraft:dye:3, 可可豆
minecraft:dye:4, 青金石
minecraft:dye:5, 紫色染料
minecraft:dye:6, 青色染料
minecraft:dye:7, 淡灰色染料
minecraft:dye:8, 灰色染料
minecraft:dye:9, 粉红色染料
minecraft:dye:10, 黄绿色染料
minecraft:dye:11, 蒲公英黄
minecraft:dye:12, 淡蓝色染料
minecraft:dye:13, 品红色染料
minecraft:dye:14, 橙色染料
minecraft:dye:15, 骨粉
minecraft:bone, 骨头
minecraft:sugar, 糖
minecraft:cake, 蛋糕
minecraft:bed:0, 白色床
minecraft:bed:1, 橙色床
minecraft:bed:2, 品红色床
minecraft:bed:3, 淡蓝色床
minecraft:bed:4, 黄色床
minecraft:bed:5, 黄绿色床
minecraft:bed:6, 粉红色床
minecraft:bed:7, 灰色床
minecraft:bed:8, 淡灰色床
minecraft:bed:9, 青色床
minecraft:bed:10, 紫色床
minecraft:bed:11, 蓝色床
minecraft:bed:12, 棕色床
minecraft:bed:13, 绿色床
minecraft:bed:14, 红色床
minecraft:bed:15, 黑色床
minecraft:repeater, 红石中继器
minecraft:cookie, 曲奇
minecraft:filled_map:0, 地图
minecraft:shears, 剪刀
minecraft:melon, 西瓜
minecraft:pumpkin_seeds, 南瓜种子
minecraft:melon_seeds, 西瓜种子
minecraft:beef, 生牛肉
minecraft:cooked_beef, 牛排
minecraft:chicken, 生鸡肉
minecraft:cooked_chicken, 熟鸡肉
minecraft:rotten_flesh, 腐肉
minecraft:ender_pearl, 末影珍珠
minecraft:blaze_rod, 烈焰棒
minecraft:ghast_tear, 恶魂之泪
minecraft:gold_nugget, 金粒
minecraft:nether_wart, 下界疣
minecraft:potion, 药水
minecraft:glass_bottle, 玻璃瓶
minecraft:spider_eye, 蜘蛛眼
minecraft:fermented_spider_eye, 发酵蛛眼
minecraft:blaze_powder, 烈焰粉
minecraft:magma_cream, 岩浆膏
minecraft:brewing_stand, 酿造台
minecraft:cauldron, 炼药锅
minecraft:ender_eye, 末影之眼
minecraft:speckled_melon, 闪烁的西瓜
minecraft:spawn_egg, 刷怪蛋
minecraft:experience_bottle, 附魔之瓶
minecraft:fire_charge, 火焰弹
minecraft:writable_book, 书与笔
minecraft:written_book, 成书
minecraft:emerald, 绿宝石
minecraft:item_frame, 物品展示框
minecraft:flower_pot, 花盆
minecraft:carrot, 胡萝卜
minecraft:potato, 马铃薯
minecraft:baked_potato, 烤马铃薯
minecraft:poisonous_potato, 毒马铃薯
minecraft:map, 空地图
minecraft:golden_carrot, 金胡萝卜
minecraft:skull:0, 骷髅头颅
minecraft:skull:1, 凋灵骷髅头颅
minecraft:skull:2, 僵尸的头
minecraft:skull:3, 玩家头颅
minecraft:skull:4, 苦力怕的头
minecraft:skull:5, 龙首
minecraft:carrot_on_a_stick, 胡萝卜钓竿
minecraft:nether_star, 下界之星
minecraft:pumpkin_pie, 南瓜派
minecraft:fireworks, 烟花火箭
minecraft:firework_charge, 烟火之星
minecraft:enchanted_book, 附魔书
minecraft:comparator, 红石比较器
minecraft:netherbrick, 下界砖块
minecraft:quartz, 下界石英
minecraft:tnt_minecart, TNT矿车
minecraft:hopper_minecart, 漏斗矿车
minecraft:prismarine_shard, 海晶碎片
minecraft:prismarine_crystals, 海晶砂粒
minecraft:rabbit, 生兔肉
minecraft:cooked_rabbit, 熟兔肉
minecraft:rabbit_stew, 兔肉煲
minecraft:rabbit_foot, 兔子脚
minecraft:rabbit_hide, 兔子皮
minecraft:armor_stand, 盔甲架
minecraft:iron_horse_armor, 铁马铠
minecraft:golden_horse_armor, 金马铠
minecraft:diamond_horse_armor, 钻石马铠
minecraft:lead, 拴绳
minecraft:name_tag, 命名牌
minecraft:command_block_minecart, 命令方块矿车
minecraft:mutton, 生羊肉
minecraft:cooked_mutton, 熟羊肉
minecraft:banner:15, 白色旗帜
minecraft:banner:14, 橙色旗帜
minecraft:banner:13, 品红色旗帜
minecraft:banner:12, 淡蓝色旗帜
minecraft:banner:11, 黄色旗帜
minecraft:banner:10, 黄绿色旗帜
minecraft:banner:9, 粉红色旗帜
minecraft:banner:8, 灰色旗帜
minecraft:banner:7, 淡灰色旗帜
minecraft:banner:6, 青色旗帜
minecraft:banner:5, 紫色旗帜
minecraft:banner:4, 蓝色旗帜
minecraft:banner:3, 棕色旗帜
minecraft:banner:2, 绿色旗帜
minecraft:banner:1, 红色旗帜
minecraft:banner:0, 黑色旗帜
minecraft:end_crystal, 末影水晶
minecraft:spruce_door, 云杉木门
minecraft:birch_door, 白桦木门
minecraft:jungle_door, 丛林木门
minecraft:acacia_door, 金合欢木门
minecraft:dark_oak_door, 深色橡木门
minecraft:chorus_fruit, 紫颂果
minecraft:chorus_fruit_popped, 爆裂紫颂果
minecraft:beetroot, 甜菜根
minecraft:beetroot_seeds, 甜菜种子
minecraft:beetroot_soup, 甜菜汤
minecraft:dragon_breath, 龙息
minecraft:splash_potion, 喷溅药水
minecraft:spectral_arrow, 光灵箭
minecraft:tipped_arrow, 药箭
minecraft:lingering_potion, 滞留药水
minecraft:shield, 盾牌
minecraft:elytra, 鞘翅
minecraft:spruce_boat, 云杉木船
minecraft:birch_boat, 白桦木船
minecraft:jungle_boat, 丛林木船
minecraft:acacia_boat, 金合欢木船
minecraft:dark_oak_boat, 深色橡木船
minecraft:totem_of_undying, 不死图腾
minecraft:shulker_shell, 潜影壳
minecraft:iron_nugget, 铁粒
minecraft:knowledge_book, 知识之书
minecraft:record_13, 音乐唱片
minecraft:record_cat, 音乐唱片
minecraft:record_blocks, 音乐唱片
minecraft:record_chirp, 音乐唱片
minecraft:record_far, 音乐唱片
minecraft:record_mall, 音乐唱片
minecraft:record_mellohi, 音乐唱片
minecraft:record_stal, 音乐唱片
minecraft:record_strad, 音乐唱片
minecraft:record_ward, 音乐唱片
minecraft:record_11, 音乐唱片
minecraft:record_wait, 音乐唱片
ic2:te:1, 工业TNT
ic2:te:2, 核弹
ic2:te:3, 火力发电机
ic2:te:4, 地热发电机
ic2:te:5, 动能发电机
ic2:te:6, 放射性同位素温差发电机
ic2:te:7, 半流质发电机
ic2:te:8, 太阳能板
ic2:te:9, 斯特林发电机
ic2:te:10, 水力发电机
ic2:te:11, 风力发电机
ic2:te:12, 电力加热机
ic2:te:13, 流体加热机
ic2:te:14, 放射性同位素温差加热机
ic2:te:15, 固体加热机
ic2:te:16, 电力动能发生机
ic2:te:17, 手摇动能发生机
ic2:te:18, 蒸汽动能发生机
ic2:te:19, 斯特林动能发生器
ic2:te:20, 水力动能发生机
ic2:te:21, 风力动能发生机
ic2:te:22, 核反应堆
ic2:te:23, 反应堆访问接口
ic2:te:24, 核反应仓
ic2:te:25, 反应堆流体接口
ic2:te:26, 反应堆红石接口
ic2:te:27, 冷凝机
ic2:te:28, 流体装罐机
ic2:te:29, 流体分配机
ic2:te:30, 流体流量调节机
ic2:te:31, 流体热交换机
ic2:te:32, 泵
ic2:te:33, 太阳能蒸馏机
ic2:te:34, 蒸汽机
ic2:te:35, 物品缓冲机
ic2:te:36, 日光灯
ic2:te:37, 磁化机
ic2:te:38, 电动分拣机
ic2:te:39, 传送机
ic2:te:40, 地形转换机
ic2:te:41, 特斯拉线圈
ic2:te:42, 流体/固体装罐机
ic2:te:43, 压缩机
ic2:te:44, 电炉
ic2:te:45, 提取机
ic2:te:46, 铁炉
ic2:te:47, 打粉机
ic2:te:48, 回收机
ic2:te:49, 固体装罐机
ic2:te:50, 高炉
ic2:te:51, 方块切割机
ic2:te:52, 热能离心机
ic2:te:53, 发酵机
ic2:te:54, 感应炉
ic2:te:55, 金属成型机
ic2:te:56, 洗矿机
ic2:te:57, 高级采矿机
ic2:te:58, 作物收割机
ic2:te:59, 作物监管机
ic2:te:60, 采矿机
ic2:te:92, 物质生成机
ic2:te:93, UU组装台
ic2:te:61, 物质生成机
ic2:te:62, 模式存储机
ic2:te:63, 复制机
ic2:te:64, 模式扫描机
ic2:te:65, 能源交易机
ic2:te:66, 保险箱
ic2:te:67, 贸易箱
ic2:te:94, Trading Terminal
ic2:te:68, 充电座（储电盒）
ic2:te:68, 充电座（储电盒）
ic2:te:69, 充电座（CESU）
ic2:te:69, 充电座（CESU）
ic2:te:70, 充电座（MFE）
ic2:te:70, 充电座（MFE）
ic2:te:71, 充电座（MFSU）
ic2:te:71, 充电座（MFSU）
ic2:te:72, 储电箱
ic2:te:72, 储电箱
ic2:te:73, CESU储电箱
ic2:te:73, CESU储电箱
ic2:te:74, MFE储电箱
ic2:te:74, MFE储电箱
ic2:te:75, MFSU储电箱
ic2:te:75, MFSU储电箱
ic2:te:76, 电解机
ic2:te:77, 低压变压器
ic2:te:78, 中压变压器
ic2:te:79, 高压变压器
ic2:te:80, 超高压变压器
ic2:te:81, 流体储存器
ic2:te:82, 区块加载器
ic2:te:83, 致密物品缓冲机
ic2:te:86, 创造模式发电机
ic2:te:87, 蒸汽再加压机
ic2:te:90, 高级流体分配机
ic2:te:91, 高级物品分配机
ic2:te:84, 反应堆冷却液注入器（RSH）
ic2:te:85, 反应堆冷却液注入器（LZH）
ic2:te:88, 工业工作台
ic2:te:89, 批量工作台
ic2:te:100, 焦炉
ic2:te:101, 焦炉接口
ic2:te:102, 焦炉炉床
ic2:te:111, 木质储物箱
ic2:te:112, 铁质储物箱
ic2:te:113, 青铜储物箱
ic2:te:114, 钢质储物箱
ic2:te:115, 铱质储物箱
ic2:te:131, 青铜储罐
ic2:te:132, 铁储罐
ic2:te:133, 钢储罐
ic2:te:134, 铱储罐
advanced_solar_panels:machines:0, 分子重组仪
advanced_solar_panels:machines:1, 量子发电机
advanced_solar_panels:machines:2, 高级太阳能板
advanced_solar_panels:machines:3, 混合太阳能板
advanced_solar_panels:machines:4, 终极混合太阳能板
advanced_solar_panels:machines:5, 量子太阳能板
ic2:resource:0, 玄武岩
ic2:resource:1, 铜矿石
ic2:resource:2, 铅矿石
ic2:resource:3, 锡矿石
ic2:resource:4, 铀矿石
ic2:resource:5, 青铜块
ic2:resource:6, 铜块
ic2:resource:7, 铅块
ic2:resource:8, 钢块
ic2:resource:9, 锡块
ic2:resource:10, 铀块
ic2:resource:11, 防爆石
ic2:resource:12, 基础机械外壳
ic2:resource:13, 高级机械外壳
ic2:resource:14, 核反应堆压力容器
ic2:resource:15, 银块
ic2:leaves, ic2.leaves.name
ic2:rubber_wood, ic2.rubber_wood.name
ic2:sapling, ic2.sapling.rubber.name
ic2:scaffold:0, 脚手架
ic2:scaffold:1, 强化脚手架
ic2:scaffold:2, 铁质脚手架
ic2:scaffold:3, 强化铁质脚手架
ic2:fence:0, 铁栅栏
ic2:sheet:0, 树脂垫
ic2:sheet:1, 橡胶垫
ic2:sheet:2, 羊毛垫
ic2:glass:0, 防爆玻璃
ic2:foam:0, 建筑泡沫
ic2:foam:1, 强化建筑泡沫
ic2:wall:0, 建筑泡沫墙（黑色）
ic2:wall:1, 建筑泡沫墙（蓝色）
ic2:wall:2, 建筑泡沫墙（棕色）
ic2:wall:3, 建筑泡沫墙（青色）
ic2:wall:4, 建筑泡沫墙（灰色）
ic2:wall:5, 建筑泡沫墙（绿色）
ic2:wall:6, 建筑泡沫墙（淡蓝色）
ic2:wall:7, 建筑泡沫墙（淡灰色）
ic2:wall:8, 建筑泡沫墙（黄绿色）
ic2:wall:9, 建筑泡沫墙（品红色）
ic2:wall:10, 建筑泡沫墙（橙色）
ic2:wall:11, 建筑泡沫墙（粉红色）
ic2:wall:12, 建筑泡沫墙（紫色）
ic2:wall:13, 建筑泡沫墙（红色）
ic2:wall:14, 建筑泡沫墙（白色）
ic2:wall:15, 建筑泡沫墙（黄色）
ic2:mining_pipe:0, 采矿管道
ic2:reinforced_door, ic2.reinforced_door.name
ic2:refractory_bricks, ic2.refractory_bricks.name
ic2:uu_matter, ic2.uu_matter.name
ic2:construction_foam, ic2.construction_foam.name
ic2:coolant, ic2.coolant.name
ic2:creosote, ic2.creosote.name
ic2:hot_coolant, ic2.hot_coolant.name
ic2:pahoehoe_lava, ic2.pahoehoe_lava.name
ic2:biomass, ic2.biomass.name
ic2:biogas, ic2.biogas.name
ic2:distilled_water, ic2.distilled_water.name
ic2:superheated_steam, ic2.superheated_steam.name
ic2:steam, ic2.steam.name
ic2:hot_water, ic2.hot_water.name
ic2:weed_ex, ic2.weed_ex.name
ic2:air, ic2.air.name
ic2:hydrogen, ic2.hydrogen.name
ic2:oxygen, ic2.oxygen.name
ic2:heavy_water, ic2.heavy_water.name
ic2:milk, ic2.milk.name
ic2:advanced_batpack, ic2.advanced_batpack.name
ic2:alloy_chestplate, ic2.alloy_chestplate.name
ic2:batpack, ic2.batpack.name
ic2:bronze_boots, ic2.bronze_boots.name
ic2:bronze_chestplate, ic2.bronze_chestplate.name
ic2:bronze_helmet, ic2.bronze_helmet.name
ic2:bronze_leggings, ic2.bronze_leggings.name
ic2:cf_pack, ic2.cf_pack.name
ic2:energy_pack, ic2.energy_pack.name
ic2:hazmat_chestplate, ic2.hazmat_chestplate.name
ic2:hazmat_helmet, ic2.hazmat_helmet.name
ic2:hazmat_leggings, ic2.hazmat_leggings.name
ic2:jetpack, ic2.jetpack.name
ic2:jetpack_electric, ic2.jetpack_electric.name
ic2:lappack, ic2.lappack.name
ic2:nano_boots, ic2.nano_boots.name
ic2:nano_chestplate, ic2.nano_chestplate.name
ic2:nano_helmet, ic2.nano_helmet.name
ic2:nano_leggings, ic2.nano_leggings.name
ic2:nightvision_goggles, ic2.nightvision_goggles.name
ic2:quantum_boots, ic2.quantum_boots.name
ic2:quantum_chestplate, ic2.quantum_chestplate.name
ic2:quantum_helmet, ic2.quantum_helmet.name
ic2:quantum_leggings, ic2.quantum_leggings.name
ic2:rubber_boots, ic2.rubber_boots.name
ic2:solar_helmet, ic2.solar_helmet.name
ic2:static_boots, ic2.static_boots.name
ic2:boat:0, 损坏的橡皮艇
ic2:boat:1, 橡皮艇
ic2:boat:2, 碳纤维轻艇
ic2:boat:3, 电动艇
ic2:barrel, ic2.barrel.name
ic2:mug:0, 石杯
ic2:mug:1, 冷咖啡
ic2:mug:2, 黑咖啡
ic2:mug:3, 咖啡
ic2:booze_mug, ic2.booze_mug.name
ic2:crushed:0, 粉碎铜矿石
ic2:crushed:1, 粉碎金矿石
ic2:crushed:2, 粉碎铁矿石
ic2:crushed:3, 粉碎铅矿石
ic2:crushed:4, 粉碎银矿石
ic2:crushed:5, 粉碎锡矿石
ic2:crushed:6, 粉碎铀矿石
ic2:purified:0, 纯净的粉碎铜矿石
ic2:purified:1, 纯净的粉碎金矿石
ic2:purified:2, 纯净的粉碎铁矿石
ic2:purified:3, 纯净的粉碎铅矿石
ic2:purified:4, 纯净的粉碎银矿石
ic2:purified:5, 纯净的粉碎锡矿石
ic2:purified:6, 纯净的粉碎铀矿石
ic2:dust:0, 青铜粉
ic2:dust:1, 粘土粉
ic2:dust:2, 煤粉
ic2:dust:3, 湿煤粉
ic2:dust:4, 铜粉
ic2:dust:5, 钻石粉
ic2:dust:6, 能量水晶粉
ic2:dust:7, 金粉
ic2:dust:8, 铁粉
ic2:dust:9, 青金石粉
ic2:dust:10, 铅粉
ic2:dust:11, 锂粉
ic2:dust:12, 黑曜石粉
ic2:dust:13, 二氧化硅粉
ic2:dust:14, 银粉
ic2:dust:15, 石粉
ic2:dust:16, 硫粉
ic2:dust:17, 锡粉
ic2:dust:18, 小撮青铜粉
ic2:dust:19, 小撮铜粉
ic2:dust:20, 小撮金粉
ic2:dust:21, 小撮铁粉
ic2:dust:22, 小撮青金石粉
ic2:dust:23, 小撮铅粉
ic2:dust:24, 小撮锂粉
ic2:dust:25, 小撮黑曜石粉
ic2:dust:26, 小撮银粉
ic2:dust:27, 小撮硫粉
ic2:dust:28, 小撮锡粉
ic2:dust:29, 湿锡粉
ic2:dust:30, 地狱岩粉
ic2:dust:31, Ender Pearl Dust
ic2:dust:32, Ender Eye Dust
ic2:dust:33, Milk Powder
ic2:dust:34, Emerald Dust
ic2:dust:35, Tiny Pile of Emerald Dust
ic2:dust:36, Tiny Pile of Diamond Dust
ic2:ingot:0, 合金锭
ic2:ingot:1, 青铜锭
ic2:ingot:2, 铜锭
ic2:ingot:3, 铅锭
ic2:ingot:4, 银锭
ic2:ingot:5, 钢锭
ic2:ingot:6, 锡锭
ic2:plate:0, 青铜板
ic2:plate:1, 铜板
ic2:plate:2, 金板
ic2:plate:3, 铁板
ic2:plate:4, 青金石板
ic2:plate:5, 铅板
ic2:plate:6, 黑曜石板
ic2:plate:7, 钢板
ic2:plate:8, 锡板
ic2:plate:9, 致密青铜板
ic2:plate:10, 致密铜板
ic2:plate:11, 致密金板
ic2:plate:12, 致密铁板
ic2:plate:13, 致密青金石板
ic2:plate:14, 致密铅板
ic2:plate:15, 致密黑曜石板
ic2:plate:16, 致密钢板
ic2:plate:17, 致密锡板
ic2:casing:0, 青铜外壳
ic2:casing:1, 铜质外壳
ic2:casing:2, 黄金外壳
ic2:casing:3, 铁质外壳
ic2:casing:4, 铅质外壳
ic2:casing:5, 钢质外壳
ic2:casing:6, 锡质外壳
ic2:nuclear:0, 浓缩铀核燃料
ic2:nuclear:1, 铀-235
ic2:nuclear:2, 铀-238
ic2:nuclear:3, 钚
ic2:nuclear:4, 钚铀混合氧化物核燃料（MOX）
ic2:nuclear:5, 小撮铀-235
ic2:nuclear:6, 小撮铀-238
ic2:nuclear:7, 小撮钚
ic2:nuclear:8, 浓缩铀核燃料靶丸
ic2:nuclear:9, 钚铀混合氧化物核燃料靶丸（MOX）
ic2:nuclear:10, 放射性同位素燃料靶丸
ic2:nuclear:11, 燃料棒（枯竭铀）
ic2:nuclear:12, 双联燃料棒（枯竭铀）
ic2:nuclear:13, 四联燃料棒（枯竭铀）
ic2:nuclear:14, 燃料棒（枯竭MOX）
ic2:nuclear:15, 双联燃料棒（枯竭MOX）
ic2:nuclear:16, 四联燃料棒（枯竭MOX）
ic2:misc_resource:0, 灰烬
ic2:misc_resource:1, 铱矿石
ic2:misc_resource:2, 铱碎片
ic2:misc_resource:3, UU物质
ic2:misc_resource:4, 粘性树脂
ic2:misc_resource:5, 炉渣
ic2:misc_resource:6, 碘
ic2:misc_resource:7, 水
ic2:misc_resource:8, 熔岩
ic2:crafting:0, 橡胶
ic2:crafting:1, 电路板
ic2:crafting:2, 高级电路板
ic2:crafting:3, 高级合金
ic2:crafting:4, 强化铱板
ic2:crafting:5, 线圈
ic2:crafting:6, 电动马达
ic2:crafting:7, 热传导器
ic2:crafting:8, 铜锅炉
ic2:crafting:9, 燃料棒（空）
ic2:crafting:10, 锡罐（空）
ic2:crafting:11, 小型驱动把手
ic2:crafting:12, 驱动把手
ic2:crafting:13, 粗制碳网
ic2:crafting:14, 粗制碳板
ic2:crafting:15, 碳板
ic2:crafting:16, 煤球
ic2:crafting:17, 压缩煤球
ic2:crafting:18, 煤块
ic2:crafting:19, 工业钻石
ic2:crafting:20, 植物球
ic2:crafting:21, 糠
ic2:crafting:23, 废料
ic2:crafting:24, 废料盒
ic2:crafting:25, 建筑泡沫粉
ic2:crafting:27, 模式存储水晶（粗制）
ic2:crafting:29, 铁柄
ic2:crafting:30, 钢柄
ic2:crafting:31, 木扇叶
ic2:crafting:32, 铁扇叶
ic2:crafting:33, 钢扇叶
ic2:crafting:34, 碳扇叶
ic2:crafting:35, 蒸汽涡轮扇叶
ic2:crafting:36, 蒸汽涡轮
ic2:crafting:37, 喷气背包附着带
ic2:crafting:38, 工业货币
ic2:crafting:41, 青铜扇叶
ic2:crafting:42, 青铜柄
ic2:block_cutting_blade:0, 切割锯片（铁）
ic2:block_cutting_blade:1, 切割锯片（钢）
ic2:block_cutting_blade:2, 切割锯片（钻石）
ic2:upgrade_kit:0, MFSU升级组件
ic2:crop_stick, ic2.crop_stick.name
ic2:crop_res:0, 咖啡豆
ic2:crop_res:1, 咖啡粉
ic2:crop_res:2, 肥料
ic2:crop_res:3, 蛤蛤粉
ic2:crop_res:4, 啤酒花
ic2:crop_res:5, 杂草
ic2:crop_res:6, Milk Wart
ic2:crop_res:7, Oil Berry
ic2:crop_res:8, Bobs-Yer-Uncle-Ranks Berry
ic2:terra_wart, ic2.terra_wart.name
ic2:cropnalyzer, ic2.cropnalyzer.name
ic2:re_battery, ic2.re_battery.name
ic2:advanced_re_battery, ic2.advanced_re_battery.name
ic2:energy_crystal, ic2.energy_crystal.name
ic2:lapotron_crystal, ic2.lapotron_crystal.name
ic2:single_use_battery, ic2.single_use_battery.name
ic2:charging_re_battery, ic2.charging_re_battery.name
ic2:advanced_charging_re_battery, ic2.advanced_charging_re_battery.name
ic2:charging_energy_crystal, ic2.charging_energy_crystal.name
ic2:charging_lapotron_crystal, ic2.charging_lapotron_crystal.name
ic2:heat_storage, ic2.heat_storage.name
ic2:tri_heat_storage, ic2.tri_heat_storage.name
ic2:hex_heat_storage, ic2.hex_heat_storage.name
ic2:plating, ic2.plating.name
ic2:heat_plating, ic2.heat_plating.name
ic2:containment_plating, ic2.containment_plating.name
ic2:heat_exchanger, ic2.heat_exchanger.name
ic2:reactor_heat_exchanger, ic2.reactor_heat_exchanger.name
ic2:component_heat_exchanger, ic2.component_heat_exchanger.name
ic2:advanced_heat_exchanger, ic2.advanced_heat_exchanger.name
ic2:heat_vent, ic2.heat_vent.name
ic2:reactor_heat_vent, ic2.reactor_heat_vent.name
ic2:overclocked_heat_vent, ic2.overclocked_heat_vent.name
ic2:component_heat_vent, ic2.component_heat_vent.name
ic2:advanced_heat_vent, ic2.advanced_heat_vent.name
ic2:neutron_reflector, ic2.neutron_reflector.name
ic2:thick_neutron_reflector, ic2.thick_neutron_reflector.name
ic2:iridium_reflector, ic2.iridium_reflector.name
ic2:rsh_condensator, ic2.rsh_condensator.name
ic2:lzh_condensator, ic2.lzh_condensator.name
ic2:heatpack, ic2.heatpack.name
ic2:uranium_fuel_rod, ic2.uranium_fuel_rod.name
ic2:dual_uranium_fuel_rod, ic2.dual_uranium_fuel_rod.name
ic2:quad_uranium_fuel_rod, ic2.quad_uranium_fuel_rod.name
ic2:mox_fuel_rod, ic2.mox_fuel_rod.name
ic2:dual_mox_fuel_rod, ic2.dual_mox_fuel_rod.name
ic2:quad_mox_fuel_rod, ic2.quad_mox_fuel_rod.name
ic2:lithium_fuel_rod, ic2.lithium_fuel_rod.name
ic2:depleted_isotope_fuel_rod, ic2.depleted_isotope_fuel_rod.name
ic2:tfbp:0, 地形转换模板-空白
ic2:tfbp:1, 地形转换模板-冰原
ic2:tfbp:2, 地形转换模板-耕地
ic2:tfbp:3, 地形转换模板-沙漠
ic2:tfbp:4, 地形转换模板-平地
ic2:tfbp:5, 地形转换模板-灌溉
ic2:tfbp:6, 地形转换模板-蘑菇
ic2:bronze_axe, ic2.bronze_axe.name
ic2:bronze_hoe, ic2.bronze_hoe.name
ic2:bronze_pickaxe, ic2.bronze_pickaxe.name
ic2:bronze_shovel, ic2.bronze_shovel.name
ic2:bronze_sword, ic2.bronze_sword.name
ic2:cutter, ic2.cutter.name
ic2:debug_item, ic2.debug_item.name
ic2:foam_sprayer:0, 建筑泡沫喷枪
ic2:foam_sprayer:0, 建筑泡沫喷枪
ic2:forge_hammer, ic2.forge_hammer.name
ic2:frequency_transmitter, ic2.frequency_transmitter.name
ic2:meter, ic2.meter.name
ic2:tool_box, ic2.tool_box.name
ic2:treetap, ic2.treetap.name
ic2:wrench, ic2.wrench.name
ic2:wrench_new, ic2.wrench_new.name
ic2:crowbar, ic2.crowbar.name
ic2:containment_box, ic2.containment_box.name
ic2:weeding_trowel, ic2.weeding_trowel.name
ic2:crop_seed_bag, ic2.crop_seed_bag.name
ic2:advanced_scanner, ic2.advanced_scanner.name
ic2:chainsaw, ic2.chainsaw.name
ic2:diamond_drill, ic2.diamond_drill.name
ic2:drill, ic2.drill.name
ic2:electric_hoe, ic2.electric_hoe.name
ic2:electric_treetap, ic2.electric_treetap.name
ic2:electric_wrench, ic2.electric_wrench.name
ic2:iridium_drill, ic2.iridium_drill.name
ic2:mining_laser, ic2.mining_laser.name
ic2:nano_saber, ic2.nano_saber.name
ic2:obscurator, ic2.obscurator.name
ic2:scanner, ic2.scanner.name
ic2:wind_meter, ic2.wind_meter.name
ic2:painter:0, 刷子
ic2:painter:0, 黑色刷子
ic2:painter:0, 蓝色刷子
ic2:painter:0, 棕色刷子
ic2:painter:0, 青色刷子
ic2:painter:0, 灰色刷子
ic2:painter:0, 绿色刷子
ic2:painter:0, 淡蓝色刷子
ic2:painter:0, 淡灰色刷子
ic2:painter:0, 黄绿色刷子
ic2:painter:0, 品红色刷子
ic2:painter:0, 橙色刷子
ic2:painter:0, 粉红色刷子
ic2:painter:0, 紫色刷子
ic2:painter:0, 红色刷子
ic2:painter:0, 白色刷子
ic2:painter:0, 黄色刷子
ic2:fluid_cell:0, 通用流体单元
ic2:fluid_cell:0, 通用流体单元
ic2:fluid_cell:0, 通用流体单元
ic2:fluid_cell:0, 通用流体单元
ic2:fluid_cell:0, 通用流体单元
ic2:fluid_cell:0, 通用流体单元
ic2:fluid_cell:0, 通用流体单元
ic2:fluid_cell:0, 通用流体单元
ic2:fluid_cell:0, 通用流体单元
ic2:fluid_cell:0, 通用流体单元
ic2:fluid_cell:0, 通用流体单元
ic2:fluid_cell:0, 通用流体单元
ic2:fluid_cell:0, 通用流体单元
ic2:fluid_cell:0, 通用流体单元
ic2:fluid_cell:0, 通用流体单元
ic2:fluid_cell:0, 通用流体单元
ic2:fluid_cell:0, 通用流体单元
ic2:fluid_cell:0, 通用流体单元
ic2:fluid_cell:0, 通用流体单元
ic2:fluid_cell:0, 通用流体单元
ic2:fluid_cell:0, 通用流体单元
ic2:fluid_cell:0, 通用流体单元
ic2:fluid_cell:0, 通用流体单元
ic2:fluid_cell:0, 通用流体单元
ic2:fluid_cell:0, 通用流体单元
ic2:fluid_cell:0, 通用流体单元
ic2:fluid_cell:0, 通用流体单元
ic2:fluid_cell:0, 通用流体单元
ic2:fluid_cell:0, 通用流体单元
ic2:fluid_cell:0, 通用流体单元
ic2:fluid_cell:0, 通用流体单元
ic2:fluid_cell:0, 通用流体单元
ic2:fluid_cell:0, 通用流体单元
ic2:fluid_cell:0, 通用流体单元
ic2:fluid_cell:0, 通用流体单元
ic2:fluid_cell:0, 通用流体单元
ic2:fluid_cell:0, 通用流体单元
ic2:fluid_cell:0, 通用流体单元
ic2:fluid_cell:0, 通用流体单元
ic2:fluid_cell:0, 通用流体单元
ic2:fluid_cell:0, 通用流体单元
ic2:fluid_cell:0, 通用流体单元
ic2:fluid_cell:0, 通用流体单元
ic2:fluid_cell:0, 通用流体单元
ic2:fluid_cell:0, 通用流体单元
ic2:fluid_cell:0, 通用流体单元
ic2:fluid_cell:0, 通用流体单元
ic2:fluid_cell:0, 通用流体单元
ic2:fluid_cell:0, 通用流体单元
ic2:fluid_cell:0, 通用流体单元
ic2:fluid_cell:0, 通用流体单元
ic2:fluid_cell:0, 通用流体单元
ic2:fluid_cell:0, 通用流体单元
ic2:fluid_cell:0, 通用流体单元
ic2:fluid_cell:0, 通用流体单元
ic2:fluid_cell:0, 通用流体单元
ic2:fluid_cell:0, 通用流体单元
ic2:fluid_cell:0, 通用流体单元
ic2:fluid_cell:0, 通用流体单元
ic2:fluid_cell:0, 通用流体单元
ic2:fluid_cell:0, 通用流体单元
ic2:fluid_cell:0, 通用流体单元
ic2:fluid_cell:0, 通用流体单元
ic2:fluid_cell:0, 通用流体单元
ic2:fluid_cell:0, 通用流体单元
ic2:fluid_cell:0, 通用流体单元
ic2:fluid_cell:0, 通用流体单元
ic2:fluid_cell:0, 通用流体单元
ic2:fluid_cell:0, 通用流体单元
ic2:fluid_cell:0, 通用流体单元
ic2:fluid_cell:0, 通用流体单元
ic2:fluid_cell:0, 通用流体单元
ic2:fluid_cell:0, 通用流体单元
ic2:fluid_cell:0, 通用流体单元
ic2:fluid_cell:0, 通用流体单元
ic2:fluid_cell:0, 通用流体单元
ic2:fluid_cell:0, 通用流体单元
ic2:fluid_cell:0, 通用流体单元
ic2:fluid_cell:0, 通用流体单元
ic2:fluid_cell:0, 通用流体单元
ic2:fluid_cell:0, 通用流体单元
ic2:fluid_cell:0, 通用流体单元
ic2:fluid_cell:0, 通用流体单元
ic2:fluid_cell:0, 通用流体单元
ic2:fluid_cell:0, 通用流体单元
ic2:fluid_cell:0, 通用流体单元
ic2:fluid_cell:0, 通用流体单元
ic2:fluid_cell:0, 通用流体单元
ic2:fluid_cell:0, 通用流体单元
ic2:fluid_cell:0, 通用流体单元
ic2:fluid_cell:0, 通用流体单元
ic2:fluid_cell:0, 通用流体单元
ic2:fluid_cell:0, 通用流体单元
ic2:fluid_cell:0, 通用流体单元
ic2:fluid_cell:0, 通用流体单元
ic2:fluid_cell:0, 通用流体单元
ic2:fluid_cell:0, 通用流体单元
ic2:fluid_cell:0, 通用流体单元
ic2:fluid_cell:0, 通用流体单元
ic2:fluid_cell:0, 通用流体单元
ic2:fluid_cell:0, 通用流体单元
ic2:fluid_cell:0, 通用流体单元
ic2:fluid_cell:0, 通用流体单元
ic2:fluid_cell:0, 通用流体单元
ic2:fluid_cell:0, 通用流体单元
ic2:fluid_cell:0, 通用流体单元
ic2:fluid_cell:0, 通用流体单元
ic2:fluid_cell:0, 通用流体单元
ic2:fluid_cell:0, 通用流体单元
ic2:fluid_cell:0, 通用流体单元
ic2:fluid_cell:0, 通用流体单元
ic2:fluid_cell:0, 通用流体单元
ic2:fluid_cell:0, 通用流体单元
ic2:fluid_cell:0, 通用流体单元
ic2:fluid_cell:0, 通用流体单元
ic2:fluid_cell:0, 通用流体单元
ic2:fluid_cell:0, 通用流体单元
ic2:fluid_cell:0, 通用流体单元
ic2:fluid_cell:0, 通用流体单元
ic2:fluid_cell:0, 通用流体单元
ic2:fluid_cell:0, 通用流体单元
ic2:fluid_cell:0, 通用流体单元
ic2:fluid_cell:0, 通用流体单元
ic2:fluid_cell:0, 通用流体单元
ic2:fluid_cell:0, 通用流体单元
ic2:fluid_cell:0, 通用流体单元
ic2:fluid_cell:0, 通用流体单元
ic2:fluid_cell:0, 通用流体单元
ic2:fluid_cell:0, 通用流体单元
ic2:fluid_cell:0, 通用流体单元
ic2:fluid_cell:0, 通用流体单元
ic2:fluid_cell:0, 通用流体单元
ic2:fluid_cell:0, 通用流体单元
ic2:fluid_cell:0, 通用流体单元
ic2:fluid_cell:0, 通用流体单元
ic2:fluid_cell:0, 通用流体单元
ic2:fluid_cell:0, 通用流体单元
ic2:fluid_cell:0, 通用流体单元
ic2:fluid_cell:0, 通用流体单元
ic2:fluid_cell:0, 通用流体单元
ic2:fluid_cell:0, 通用流体单元
ic2:fluid_cell:0, 通用流体单元
ic2:fluid_cell:0, 通用流体单元
ic2:fluid_cell:0, 通用流体单元
ic2:fluid_cell:0, 通用流体单元
ic2:fluid_cell:0, 通用流体单元
ic2:fluid_cell:0, 通用流体单元
ic2:fluid_cell:0, 通用流体单元
ic2:fluid_cell:0, 通用流体单元
ic2:fluid_cell:0, 通用流体单元
ic2:fluid_cell:0, 通用流体单元
ic2:fluid_cell:0, 通用流体单元
ic2:fluid_cell:0, 通用流体单元
ic2:fluid_cell:0, 通用流体单元
ic2:fluid_cell:0, 通用流体单元
ic2:fluid_cell:0, 通用流体单元
ic2:fluid_cell:0, 通用流体单元
ic2:fluid_cell:0, 通用流体单元
ic2:fluid_cell:0, 通用流体单元
ic2:fluid_cell:0, 通用流体单元
ic2:fluid_cell:0, 通用流体单元
ic2:fluid_cell:0, 通用流体单元
ic2:fluid_cell:0, 通用流体单元
ic2:fluid_cell:0, 通用流体单元
ic2:fluid_cell:0, 通用流体单元
ic2:fluid_cell:0, 通用流体单元
ic2:fluid_cell:0, 通用流体单元
ic2:fluid_cell:0, 通用流体单元
ic2:fluid_cell:0, 通用流体单元
ic2:fluid_cell:0, 通用流体单元
ic2:fluid_cell:0, 通用流体单元
ic2:fluid_cell:0, 通用流体单元
ic2:fluid_cell:0, 通用流体单元
ic2:fluid_cell:0, 通用流体单元
ic2:fluid_cell:0, 通用流体单元
ic2:fluid_cell:0, 通用流体单元
ic2:fluid_cell:0, 通用流体单元
ic2:fluid_cell:0, 通用流体单元
ic2:fluid_cell:0, 通用流体单元
ic2:fluid_cell:0, 通用流体单元
ic2:fluid_cell:0, 通用流体单元
ic2:fluid_cell:0, 通用流体单元
ic2:fluid_cell:0, 通用流体单元
ic2:fluid_cell:0, 通用流体单元
ic2:fluid_cell:0, 通用流体单元
ic2:fluid_cell:0, 通用流体单元
ic2:fluid_cell:0, 通用流体单元
ic2:fluid_cell:0, 通用流体单元
ic2:fluid_cell:0, 通用流体单元
ic2:fluid_cell:0, 通用流体单元
ic2:fluid_cell:0, 通用流体单元
ic2:fluid_cell:0, 通用流体单元
ic2:fluid_cell:0, 通用流体单元
ic2:fluid_cell:0, 通用流体单元
ic2:fluid_cell:0, 通用流体单元
ic2:fluid_cell:0, 通用流体单元
ic2:fluid_cell:0, 通用流体单元
ic2:fluid_cell:0, 通用流体单元
ic2:fluid_cell:0, 通用流体单元
ic2:fluid_cell:0, 通用流体单元
ic2:fluid_cell:0, 通用流体单元
ic2:fluid_cell:0, 通用流体单元
ic2:fluid_cell:0, 通用流体单元
ic2:fluid_cell:0, 通用流体单元
ic2:fluid_cell:0, 通用流体单元
ic2:fluid_cell:0, 通用流体单元
ic2:fluid_cell:0, 通用流体单元
ic2:fluid_cell:0, 通用流体单元
ic2:fluid_cell:0, 通用流体单元
ic2:fluid_cell:0, 通用流体单元
ic2:fluid_cell:0, 通用流体单元
ic2:fluid_cell:0, 通用流体单元
ic2:fluid_cell:0, 通用流体单元
ic2:fluid_cell:0, 通用流体单元
ic2:fluid_cell:0, 通用流体单元
ic2:fluid_cell:0, 通用流体单元
ic2:fluid_cell:0, 通用流体单元
ic2:fluid_cell:0, 通用流体单元
ic2:fluid_cell:0, 通用流体单元
ic2:fluid_cell:0, 通用流体单元
ic2:fluid_cell:0, 通用流体单元
ic2:fluid_cell:0, 通用流体单元
ic2:fluid_cell:0, 通用流体单元
ic2:fluid_cell:0, 通用流体单元
ic2:fluid_cell:0, 通用流体单元
ic2:fluid_cell:0, 通用流体单元
ic2:fluid_cell:0, 通用流体单元
ic2:fluid_cell:0, 通用流体单元
ic2:fluid_cell:0, 通用流体单元
ic2:fluid_cell:0, 通用流体单元
ic2:fluid_cell:0, 通用流体单元
ic2:fluid_cell:0, 通用流体单元
ic2:fluid_cell:0, 通用流体单元
ic2:fluid_cell:0, 通用流体单元
ic2:fluid_cell:0, 通用流体单元
ic2:fluid_cell:0, 通用流体单元
ic2:fluid_cell:0, 通用流体单元
ic2:fluid_cell:0, 通用流体单元
ic2:fluid_cell:0, 通用流体单元
ic2:fluid_cell:0, 通用流体单元
ic2:fluid_cell:0, 通用流体单元
ic2:fluid_cell:0, 通用流体单元
ic2:fluid_cell:0, 通用流体单元
ic2:fluid_cell:0, 通用流体单元
ic2:fluid_cell:0, 通用流体单元
ic2:fluid_cell:0, 通用流体单元
ic2:fluid_cell:0, 通用流体单元
ic2:fluid_cell:0, 通用流体单元
ic2:fluid_cell:0, 通用流体单元
ic2:fluid_cell:0, 通用流体单元
ic2:fluid_cell:0, 通用流体单元
ic2:fluid_cell:0, 通用流体单元
ic2:fluid_cell:0, 通用流体单元
ic2:fluid_cell:0, 通用流体单元
ic2:fluid_cell:0, 通用流体单元
ic2:fluid_cell:0, 通用流体单元
ic2:fluid_cell:0, 通用流体单元
ic2:fluid_cell:0, 通用流体单元
ic2:fluid_cell:0, 通用流体单元
ic2:fluid_cell:0, 通用流体单元
ic2:fluid_cell:0, 通用流体单元
ic2:fluid_cell:0, 通用流体单元
ic2:fluid_cell:0, 通用流体单元
ic2:fluid_cell:0, 通用流体单元
ic2:fluid_cell:0, 通用流体单元
ic2:fluid_cell:0, 通用流体单元
ic2:fluid_cell:0, 通用流体单元
ic2:fluid_cell:0, 通用流体单元
ic2:fluid_cell:0, 通用流体单元
ic2:fluid_cell:0, 通用流体单元
ic2:fluid_cell:0, 通用流体单元
ic2:fluid_cell:0, 通用流体单元
ic2:fluid_cell:0, 通用流体单元
ic2:fluid_cell:0, 通用流体单元
ic2:fluid_cell:0, 通用流体单元
ic2:fluid_cell:0, 通用流体单元
ic2:fluid_cell:0, 通用流体单元
ic2:fluid_cell:0, 通用流体单元
ic2:fluid_cell:0, 通用流体单元
ic2:fluid_cell:0, 通用流体单元
ic2:fluid_cell:0, 通用流体单元
ic2:fluid_cell:0, 通用流体单元
ic2:fluid_cell:0, 通用流体单元
ic2:fluid_cell:0, 通用流体单元
ic2:fluid_cell:0, 通用流体单元
ic2:fluid_cell:0, 通用流体单元
ic2:fluid_cell:0, 通用流体单元
ic2:fluid_cell:0, 通用流体单元
ic2:fluid_cell:0, 通用流体单元
ic2:fluid_cell:0, 通用流体单元
ic2:fluid_cell:0, 通用流体单元
ic2:fluid_cell:0, 通用流体单元
ic2:fluid_cell:0, 通用流体单元
ic2:fluid_cell:0, 通用流体单元
ic2:fluid_cell:0, 通用流体单元
ic2:fluid_cell:0, 通用流体单元
ic2:fluid_cell:0, 通用流体单元
ic2:fluid_cell:0, 通用流体单元
ic2:fluid_cell:0, 通用流体单元
ic2:fluid_cell:0, 通用流体单元
ic2:fluid_cell:0, 通用流体单元
ic2:fluid_cell:0, 通用流体单元
ic2:fluid_cell:0, 通用流体单元
ic2:fluid_cell:0, 通用流体单元
ic2:fluid_cell:0, 通用流体单元
ic2:fluid_cell:0, 通用流体单元
ic2:fluid_cell:0, 通用流体单元
ic2:fluid_cell:0, 通用流体单元
ic2:fluid_cell:0, 通用流体单元
ic2:fluid_cell:0, 通用流体单元
ic2:fluid_cell:0, 通用流体单元
ic2:fluid_cell:0, 通用流体单元
ic2:fluid_cell:0, 通用流体单元
ic2:fluid_cell:0, 通用流体单元
ic2:fluid_cell:0, 通用流体单元
ic2:fluid_cell:0, 通用流体单元
ic2:fluid_cell:0, 通用流体单元
ic2:fluid_cell:0, 通用流体单元
ic2:fluid_cell:0, 通用流体单元
ic2:fluid_cell:0, 通用流体单元
ic2:fluid_cell:0, 通用流体单元
ic2:fluid_cell:0, 通用流体单元
ic2:fluid_cell:0, 通用流体单元
ic2:fluid_cell:0, 通用流体单元
ic2:fluid_cell:0, 通用流体单元
ic2:fluid_cell:0, 通用流体单元
ic2:fluid_cell:0, 通用流体单元
ic2:fluid_cell:0, 通用流体单元
ic2:fluid_cell:0, 通用流体单元
ic2:fluid_cell:0, 通用流体单元
ic2:fluid_cell:0, 通用流体单元
ic2:fluid_cell:0, 通用流体单元
ic2:fluid_cell:0, 通用流体单元
ic2:fluid_cell:0, 通用流体单元
ic2:fluid_cell:0, 通用流体单元
ic2:fluid_cell:0, 通用流体单元
ic2:fluid_cell:0, 通用流体单元
ic2:fluid_cell:0, 通用流体单元
ic2:fluid_cell:0, 通用流体单元
ic2:fluid_cell:0, 通用流体单元
ic2:fluid_cell:0, 通用流体单元
ic2:fluid_cell:0, 通用流体单元
ic2:fluid_cell:0, 通用流体单元
ic2:fluid_cell:0, 通用流体单元
ic2:fluid_cell:0, 通用流体单元
ic2:fluid_cell:0, 通用流体单元
ic2:fluid_cell:0, 通用流体单元
ic2:fluid_cell:0, 通用流体单元
ic2:fluid_cell:0, 通用流体单元
ic2:fluid_cell:0, 通用流体单元
ic2:fluid_cell:0, 通用流体单元
ic2:fluid_cell:0, 通用流体单元
ic2:fluid_cell:0, 通用流体单元
ic2:fluid_cell:0, 通用流体单元
ic2:fluid_cell:0, 通用流体单元
ic2:fluid_cell:0, 通用流体单元
ic2:fluid_cell:0, 通用流体单元
ic2:fluid_cell:0, 通用流体单元
ic2:fluid_cell:0, 通用流体单元
ic2:fluid_cell:0, 通用流体单元
ic2:fluid_cell:0, 通用流体单元
ic2:fluid_cell:0, 通用流体单元
ic2:fluid_cell:0, 通用流体单元
ic2:fluid_cell:0, 通用流体单元
ic2:fluid_cell:0, 通用流体单元
ic2:fluid_cell:0, 通用流体单元
ic2:fluid_cell:0, 通用流体单元
ic2:fluid_cell:0, 通用流体单元
ic2:fluid_cell:0, 通用流体单元
ic2:fluid_cell:0, 通用流体单元
ic2:fluid_cell:0, 通用流体单元
ic2:fluid_cell:0, 通用流体单元
ic2:fluid_cell:0, 通用流体单元
ic2:fluid_cell:0, 通用流体单元
ic2:fluid_cell:0, 通用流体单元
ic2:fluid_cell:0, 通用流体单元
ic2:fluid_cell:0, 通用流体单元
ic2:fluid_cell:0, 通用流体单元
ic2:fluid_cell:0, 通用流体单元
ic2:fluid_cell:0, 通用流体单元
ic2:fluid_cell:0, 通用流体单元
ic2:fluid_cell:0, 通用流体单元
ic2:fluid_cell:0, 通用流体单元
ic2:fluid_cell:0, 通用流体单元
ic2:fluid_cell:0, 通用流体单元
ic2:fluid_cell:0, 通用流体单元
ic2:fluid_cell:0, 通用流体单元
ic2:fluid_cell:0, 通用流体单元
ic2:fluid_cell:0, 通用流体单元
ic2:fluid_cell:0, 通用流体单元
ic2:fluid_cell:0, 通用流体单元
ic2:fluid_cell:0, 通用流体单元
ic2:fluid_cell:0, 通用流体单元
ic2:fluid_cell:0, 通用流体单元
ic2:fluid_cell:0, 通用流体单元
ic2:fluid_cell:0, 通用流体单元
ic2:fluid_cell:0, 通用流体单元
ic2:fluid_cell:0, 通用流体单元
ic2:fluid_cell:0, 通用流体单元
ic2:fluid_cell:0, 通用流体单元
ic2:fluid_cell:0, 通用流体单元
ic2:fluid_cell:0, 通用流体单元
ic2:fluid_cell:0, 通用流体单元
ic2:fluid_cell:0, 通用流体单元
ic2:fluid_cell:0, 通用流体单元
ic2:fluid_cell:0, 通用流体单元
ic2:fluid_cell:0, 通用流体单元
ic2:fluid_cell:0, 通用流体单元
ic2:fluid_cell:0, 通用流体单元
ic2:fluid_cell:0, 通用流体单元
ic2:fluid_cell:0, 通用流体单元
ic2:fluid_cell:0, 通用流体单元
ic2:fluid_cell:0, 通用流体单元
ic2:fluid_cell:0, 通用流体单元
ic2:fluid_cell:0, 通用流体单元
ic2:fluid_cell:0, 通用流体单元
ic2:fluid_cell:0, 通用流体单元
ic2:fluid_cell:0, 通用流体单元
ic2:fluid_cell:0, 通用流体单元
ic2:fluid_cell:0, 通用流体单元
ic2:fluid_cell:0, 通用流体单元
ic2:fluid_cell:0, 通用流体单元
ic2:fluid_cell:0, 通用流体单元
ic2:fluid_cell:0, 通用流体单元
ic2:fluid_cell:0, 通用流体单元
ic2:fluid_cell:0, 通用流体单元
ic2:fluid_cell:0, 通用流体单元
ic2:fluid_cell:0, 通用流体单元
ic2:fluid_cell:0, 通用流体单元
ic2:fluid_cell:0, 通用流体单元
ic2:fluid_cell:0, 通用流体单元
ic2:fluid_cell:0, 通用流体单元
ic2:fluid_cell:0, 通用流体单元
ic2:fluid_cell:0, 通用流体单元
ic2:fluid_cell:0, 通用流体单元
ic2:fluid_cell:0, 通用流体单元
ic2:fluid_cell:0, 通用流体单元
ic2:fluid_cell:0, 通用流体单元
ic2:fluid_cell:0, 通用流体单元
ic2:fluid_cell:0, 通用流体单元
ic2:fluid_cell:0, 通用流体单元
ic2:fluid_cell:0, 通用流体单元
ic2:fluid_cell:0, 通用流体单元
ic2:fluid_cell:0, 通用流体单元
ic2:fluid_cell:0, 通用流体单元
ic2:fluid_cell:0, 通用流体单元
ic2:fluid_cell:0, 通用流体单元
ic2:fluid_cell:0, 通用流体单元
ic2:fluid_cell:0, 通用流体单元
ic2:fluid_cell:0, 通用流体单元
ic2:fluid_cell:0, 通用流体单元
ic2:fluid_cell:0, 通用流体单元
ic2:fluid_cell:0, 通用流体单元
ic2:fluid_cell:0, 通用流体单元
ic2:fluid_cell:0, 通用流体单元
ic2:fluid_cell:0, 通用流体单元
ic2:fluid_cell:0, 通用流体单元
ic2:fluid_cell:0, 通用流体单元
ic2:fluid_cell:0, 通用流体单元
ic2:fluid_cell:0, 通用流体单元
ic2:fluid_cell:0, 通用流体单元
ic2:fluid_cell:0, 通用流体单元
ic2:fluid_cell:0, 通用流体单元
ic2:fluid_cell:0, 通用流体单元
ic2:fluid_cell:0, 通用流体单元
ic2:fluid_cell:0, 通用流体单元
ic2:fluid_cell:0, 通用流体单元
ic2:fluid_cell:0, 通用流体单元
ic2:fluid_cell:0, 通用流体单元
ic2:fluid_cell:0, 通用流体单元
ic2:fluid_cell:0, 通用流体单元
ic2:fluid_cell:0, 通用流体单元
ic2:fluid_cell:0, 通用流体单元
ic2:fluid_cell:0, 通用流体单元
ic2:fluid_cell:0, 通用流体单元
ic2:fluid_cell:0, 通用流体单元
ic2:fluid_cell:0, 通用流体单元
ic2:fluid_cell:0, 通用流体单元
ic2:fluid_cell:0, 通用流体单元
ic2:fluid_cell:0, 通用流体单元
ic2:fluid_cell:0, 通用流体单元
ic2:fluid_cell:0, 通用流体单元
ic2:fluid_cell:0, 通用流体单元
ic2:fluid_cell:0, 通用流体单元
ic2:fluid_cell:0, 通用流体单元
ic2:fluid_cell:0, 通用流体单元
ic2:fluid_cell:0, 通用流体单元
ic2:fluid_cell:0, 通用流体单元
ic2:fluid_cell:0, 通用流体单元
ic2:fluid_cell:0, 通用流体单元
ic2:fluid_cell:0, 通用流体单元
ic2:fluid_cell:0, 通用流体单元
ic2:fluid_cell:0, 通用流体单元
ic2:fluid_cell:0, 通用流体单元
ic2:fluid_cell:0, 通用流体单元
ic2:fluid_cell:0, 通用流体单元
ic2:fluid_cell:0, 通用流体单元
ic2:fluid_cell:0, 通用流体单元
ic2:fluid_cell:0, 通用流体单元
ic2:fluid_cell:0, 通用流体单元
ic2:fluid_cell:0, 通用流体单元
ic2:fluid_cell:0, 通用流体单元
ic2:fluid_cell:0, 通用流体单元
ic2:fluid_cell:0, 通用流体单元
ic2:fluid_cell:0, 通用流体单元
ic2:fluid_cell:0, 通用流体单元
ic2:fluid_cell:0, 通用流体单元
ic2:fluid_cell:0, 通用流体单元
ic2:fluid_cell:0, 通用流体单元
ic2:fluid_cell:0, 通用流体单元
ic2:fluid_cell:0, 通用流体单元
ic2:fluid_cell:0, 通用流体单元
ic2:fluid_cell:0, 通用流体单元
ic2:fluid_cell:0, 通用流体单元
ic2:fluid_cell:0, 通用流体单元
ic2:fluid_cell:0, 通用流体单元
ic2:fluid_cell:0, 通用流体单元
ic2:fluid_cell:0, 通用流体单元
ic2:fluid_cell:0, 通用流体单元
ic2:fluid_cell:0, 通用流体单元
ic2:fluid_cell:0, 通用流体单元
ic2:fluid_cell:0, 通用流体单元
ic2:fluid_cell:0, 通用流体单元
ic2:fluid_cell:0, 通用流体单元
ic2:fluid_cell:0, 通用流体单元
ic2:fluid_cell:0, 通用流体单元
ic2:fluid_cell:0, 通用流体单元
ic2:fluid_cell:0, 通用流体单元
ic2:fluid_cell:0, 通用流体单元
ic2:fluid_cell:0, 通用流体单元
ic2:fluid_cell:0, 通用流体单元
ic2:fluid_cell:0, 通用流体单元
ic2:fluid_cell:0, 通用流体单元
ic2:fluid_cell:0, 通用流体单元
ic2:fluid_cell:0, 通用流体单元
ic2:fluid_cell:0, 通用流体单元
ic2:fluid_cell:0, 通用流体单元
ic2:fluid_cell:0, 通用流体单元
ic2:fluid_cell:0, 通用流体单元
ic2:fluid_cell:0, 通用流体单元
ic2:fluid_cell:0, 通用流体单元
ic2:fluid_cell:0, 通用流体单元
ic2:fluid_cell:0, 通用流体单元
ic2:fluid_cell:0, 通用流体单元
ic2:fluid_cell:0, 通用流体单元
ic2:fluid_cell:0, 通用流体单元
ic2:fluid_cell:0, 通用流体单元
ic2:fluid_cell:0, 通用流体单元
ic2:fluid_cell:0, 通用流体单元
ic2:fluid_cell:0, 通用流体单元
ic2:fluid_cell:0, 通用流体单元
ic2:fluid_cell:0, 通用流体单元
ic2:fluid_cell:0, 通用流体单元
ic2:fluid_cell:0, 通用流体单元
ic2:fluid_cell:0, 通用流体单元
ic2:fluid_cell:0, 通用流体单元
ic2:fluid_cell:0, 通用流体单元
ic2:fluid_cell:0, 通用流体单元
ic2:fluid_cell:0, 通用流体单元
ic2:fluid_cell:0, 通用流体单元
ic2:fluid_cell:0, 通用流体单元
ic2:fluid_cell:0, 通用流体单元
ic2:fluid_cell:0, 通用流体单元
ic2:fluid_cell:0, 通用流体单元
ic2:fluid_cell:0, 通用流体单元
ic2:fluid_cell:0, 通用流体单元
ic2:fluid_cell:0, 通用流体单元
ic2:fluid_cell:0, 通用流体单元
ic2:fluid_cell:0, 通用流体单元
ic2:fluid_cell:0, 通用流体单元
ic2:fluid_cell:0, 通用流体单元
ic2:fluid_cell:0, 通用流体单元
ic2:fluid_cell:0, 通用流体单元
ic2:fluid_cell:0, 通用流体单元
ic2:fluid_cell:0, 通用流体单元
ic2:fluid_cell:0, 通用流体单元
ic2:fluid_cell:0, 通用流体单元
ic2:fluid_cell:0, 通用流体单元
ic2:fluid_cell:0, 通用流体单元
ic2:fluid_cell:0, 通用流体单元
ic2:fluid_cell:0, 通用流体单元
ic2:fluid_cell:0, 通用流体单元
ic2:fluid_cell:0, 通用流体单元
ic2:fluid_cell:0, 通用流体单元
ic2:fluid_cell:0, 通用流体单元
ic2:fluid_cell:0, 通用流体单元
ic2:fluid_cell:0, 通用流体单元
ic2:fluid_cell:0, 通用流体单元
ic2:fluid_cell:0, 通用流体单元
ic2:fluid_cell:0, 通用流体单元
ic2:fluid_cell:0, 通用流体单元
ic2:fluid_cell:0, 通用流体单元
ic2:fluid_cell:0, 通用流体单元
ic2:fluid_cell:0, 通用流体单元
ic2:fluid_cell:0, 通用流体单元
ic2:fluid_cell:0, 通用流体单元
ic2:fluid_cell:0, 通用流体单元
ic2:fluid_cell:0, 通用流体单元
ic2:fluid_cell:0, 通用流体单元
ic2:fluid_cell:0, 通用流体单元
ic2:fluid_cell:0, 通用流体单元
ic2:fluid_cell:0, 通用流体单元
ic2:fluid_cell:0, 通用流体单元
ic2:fluid_cell:0, 通用流体单元
ic2:fluid_cell:0, 通用流体单元
ic2:cable:0, 铜质导线
ic2:cable:0, 绝缘铜质导线
ic2:cable:1, 玻璃纤维导线
ic2:cable:2, 金质导线
ic2:cable:2, 绝缘金质导线
ic2:cable:2, 2x绝缘金质导线
ic2:cable:3, 高压导线
ic2:cable:3, 绝缘高压导线
ic2:cable:3, 2x绝缘高压导线
ic2:cable:3, 3x绝缘高压导线
ic2:cable:4, 锡质导线
ic2:cable:4, 绝缘锡质导线
ic2:cable:5, EU检测导线
ic2:cable:6, EU分流导线
ic2:upgrade:0, 超频升级
ic2:upgrade:1, 高压升级
ic2:upgrade:2, 储能升级
ic2:upgrade:3, 红石信号反转升级
ic2:upgrade:4, 弹出升级
ic2:upgrade:5, 高级弹出升级
ic2:upgrade:6, 抽入升级
ic2:upgrade:7, 高级抽入升级
ic2:upgrade:8, 流体弹出升级
ic2:upgrade:9, 流体抽入升级
ic2:upgrade:10, Remote Interface Upgrade
ic2:filled_tin_can, ic2.filled_tin_can.name
ic2:filled_fuel_can, ic2.filled_fuel_can.name
ic2:iodine_tablet, ic2.iodine_tablet.name
ic2:crystal_memory, ic2.crystal_memory.name
ic2:rotor_wood, ic2.rotor_wood.name
ic2:rotor_bronze, ic2.rotor_bronze.name
ic2:rotor_iron, ic2.rotor_iron.name
ic2:rotor_steel, ic2.rotor_steel.name
ic2:rotor_carbon, ic2.rotor_carbon.name
ic2:dynamite, ic2.dynamite.name
ic2:dynamite_sticky, ic2.dynamite_sticky.name
ic2:remote, ic2.remote.name
ic2:pipe:0, 微型青铜管道
ic2:pipe:0, 小型青铜管道
ic2:pipe:0, 中型青铜管道
ic2:pipe:0, 大型青铜管道
ic2:pipe:1, 微型钢管道
ic2:pipe:1, 小型钢管道
ic2:pipe:1, 中型钢管道
ic2:pipe:1, 大型钢管道
ic2:cover:0, 泵附件（低压）
ic2:cover:1, 泵附件（中压）
ic2:coke, ic2.coke.name
forestry:fertilizer_bio, 堆肥
forestry:fertilizer_compound, 肥料
forestry:apatite, 磷灰石
forestry:research_note, %s 的笔记
forestry:portable_alyzer, 便携式多用分析仪
forestry:ingot_copper, 铜锭
forestry:ingot_tin, 锡锭
forestry:ingot_bronze, 青铜锭
forestry:wrench, 扳手
forestry:pipette, 移液管
forestry:sturdy_machine, 坚固部件
forestry:hardened_machine, 强化部件
forestry:impregnated_casing, 浸渍部件
forestry:flexible_casing, 灵活部件
forestry:crafting_material:0, 脉动之尘
forestry:crafting_material:1, 脉动网格
forestry:crafting_material:2, 丝缕
forestry:crafting_material:3, 丝绸
forestry:crafting_material:4, 驱云电荷
forestry:crafting_material:5, 碎冰
forestry:crafting_material:6, 飘香镶板
forestry:crafting_material:7, 伪装镶板
forestry:naturalist_helmet, 眼镜
forestry:peat, 泥炭
forestry:ash, 灰烬
forestry:bituminous_peat, 沥青质泥炭
forestry:gear_bronze, 青铜齿轮
forestry:gear_copper, 铜齿轮
forestry:gear_tin, 锡齿轮
forestry:chipsets:0, 小型电子板
forestry:chipsets:1, 中型电子板
forestry:chipsets:2, 大型电子板
forestry:chipsets:3, 先进电子板
forestry:soldering_iron, 电烙铁
forestry:thermionic_tubes:0, 铜电子管
forestry:thermionic_tubes:1, 锡电子管
forestry:thermionic_tubes:2, 青铜电子管
forestry:thermionic_tubes:3, 铁电子管
forestry:thermionic_tubes:4, 金电子管
forestry:thermionic_tubes:5, 钻石电子管
forestry:thermionic_tubes:6, 黑曜石电子管
forestry:thermionic_tubes:7, 烈焰电子管
forestry:thermionic_tubes:8, 橡胶电子管
forestry:thermionic_tubes:9, 绿宝石电子管
forestry:thermionic_tubes:10, 磷灰石电子管
forestry:thermionic_tubes:11, 青金石电子管
forestry:thermionic_tubes:12, 末影电子管
forestry:thermionic_tubes:13, 红兰花电子管
forestry:carton, 纸板箱
forestry:oak_stick, 浸渍木棍
forestry:wood_pulp, 木浆
forestry:broken_bronze_pickaxe, 损坏的镐
forestry:broken_bronze_shovel, 损坏的锹
forestry:bronze_pickaxe, 幸存者之镐
forestry:bronze_shovel, 幸存者之锹
forestry:kit_shovel, 锹应急袋
forestry:kit_pickaxe, 镐应急袋
forestry:mouldy_wheat, 发霉小麦
forestry:decaying_wheat, 腐烂小麦
forestry:mulch, 覆盖戍
forestry:iodine_capsule, 碘酒胶囊
forestry:phosphor, 荧光粉
forestry:beeswax, 蜂蜡
forestry:refractory_wax, 耐火蜂蜡
forestry:fruits:0, 樱桃
forestry:fruits:1, 核桃
forestry:fruits:2, 栗子
forestry:fruits:3, 柠檬
forestry:fruits:4, 李子
forestry:fruits:5, 椰枣
forestry:fruits:6, 木瓜
forestry:analyzer:0, 分析仪
forestry:escritoire:0, 写字台
forestry:bog_earth:0, 沼泽泥
forestry:humus:0, 腐殖土
forestry:resources:0, 磷矿石
forestry:resources:1, 铜矿石
forestry:resources:2, 锡矿石
forestry:resource_storage:0, 磷灰石块
forestry:resource_storage:1, 铜块
forestry:resource_storage:2, 锡块
forestry:resource_storage:3, 青铜块
forestry:ash_brick:0, 灰砖
forestry:ash_stairs:0, 灰砖楼梯
forestry:bottler:0, 装瓶机
forestry:carpenter:0, 木工机
forestry:centrifuge:0, 离心机
forestry:fermenter:0, 发酵机
forestry:moistener:0, 加湿器
forestry:squeezer:0, 榨汁机
forestry:still:0, 蒸馏器
forestry:rainmaker:0, 造雨机
forestry:fabricator:0, 热电子加工台
forestry:raintank:0, 集雨蓄水槽
forestry:sapling:0, 苹果橡树苗
forestry:sapling:0, 黑橡树苗
forestry:sapling:0, 银桦树苗
forestry:sapling:0, 银橙树苗
forestry:sapling:0, 胡桃树苗
forestry:sapling:0, 甜栗树苗
forestry:sapling:0, 山丘樱树苗
forestry:sapling:0, 柠檬树苗
forestry:sapling:0, 李子树苗
forestry:sapling:0, 糖枫树苗
forestry:sapling:0, 红果云杉树苗
forestry:sapling:0, 落叶松树苗
forestry:sapling:0, 西黄松树苗
forestry:sapling:0, 海岸红杉树苗
forestry:sapling:0, 巨杉树苗
forestry:sapling:0, 丛林树苗
forestry:sapling:0, 柚树苗
forestry:sapling:0, 重蚁树树苗
forestry:sapling:0, 木棉树苗
forestry:sapling:0, 乌檀树苗
forestry:sapling:0, 斑木树树苗
forestry:sapling:0, 黄桉树苗
forestry:sapling:0, 金合欢树苗
forestry:sapling:0, 沙漠刺槐树苗
forestry:sapling:0, 紫檀树树苗
forestry:sapling:0, 巴尔杉树苗
forestry:sapling:0, 黄檀树树苗
forestry:sapling:0, 崖豆树苗
forestry:sapling:0, 猴面包树苗
forestry:sapling:0, 高槿树苗
forestry:sapling:0, 银柳树苗
forestry:sapling:0, 绿心樟树苗
forestry:sapling:0, 木瓜树苗
forestry:sapling:0, 椰枣树苗
forestry:sapling:0, 白杨树苗
forestry:pollen_fertile:0, 苹果橡花粉
forestry:pollen_fertile:0, 黑橡花粉
forestry:pollen_fertile:0, 银桦花粉
forestry:pollen_fertile:0, 银橙花粉
forestry:pollen_fertile:0, 胡桃花粉
forestry:pollen_fertile:0, 甜栗花粉
forestry:pollen_fertile:0, 山丘樱花粉
forestry:pollen_fertile:0, 柠檬花粉
forestry:pollen_fertile:0, 李子花粉
forestry:pollen_fertile:0, 糖枫花粉
forestry:pollen_fertile:0, 红果云杉花粉
forestry:pollen_fertile:0, 落叶松花粉
forestry:pollen_fertile:0, 西黄松花粉
forestry:pollen_fertile:0, 海岸红杉花粉
forestry:pollen_fertile:0, 巨杉花粉
forestry:pollen_fertile:0, 丛林花粉
forestry:pollen_fertile:0, 柚花粉
forestry:pollen_fertile:0, 重蚁树花粉
forestry:pollen_fertile:0, 木棉花粉
forestry:pollen_fertile:0, 乌檀花粉
forestry:pollen_fertile:0, 斑木树花粉
forestry:pollen_fertile:0, 黄桉花粉
forestry:pollen_fertile:0, 金合欢花粉
forestry:pollen_fertile:0, 沙漠刺槐花粉
forestry:pollen_fertile:0, 紫檀树花粉
forestry:pollen_fertile:0, 巴尔杉花粉
forestry:pollen_fertile:0, 黄檀树花粉
forestry:pollen_fertile:0, 崖豆花粉
forestry:pollen_fertile:0, 猴面包花粉
forestry:pollen_fertile:0, 高槿花粉
forestry:pollen_fertile:0, 银柳花粉
forestry:pollen_fertile:0, 绿心樟花粉
forestry:pollen_fertile:0, 木瓜花粉
forestry:pollen_fertile:0, 椰枣花粉
forestry:pollen_fertile:0, 白杨花粉
forestry:grafter, 剪枝器
forestry:grafter_proven, 标定剪枝器
forestry:logs.0:0, 落叶树原木
forestry:logs.0:1, 柚树原木
forestry:logs.0:2, 金合欢树原木
forestry:logs.0:3, 酸橙树原木
forestry:logs.1:0, 栗树原木
forestry:logs.1:1, 崖豆树原木
forestry:logs.1:2, 猴面包树原木
forestry:logs.1:3, 红杉树原木
forestry:logs.2:0, 木棉树原木
forestry:logs.2:1, 乌檀树原木
forestry:logs.2:2, 桃心树原木
forestry:logs.2:3, 巴尔杉树原木
forestry:logs.3:0, 柳树原木
forestry:logs.3:1, 胡桃树原木
forestry:logs.3:2, 绿樟树原木
forestry:logs.3:3, 樱树原木
forestry:logs.4:0, 高槿树原木
forestry:logs.4:1, 白杨树原木
forestry:logs.4:2, 棕榈树原木
forestry:logs.4:3, 木瓜树原木
forestry:logs.5:0, 松树原木
forestry:logs.5:1, 李子树原木
forestry:logs.5:2, 枫树原木
forestry:logs.5:3, 柑橘树原木
forestry:logs.6:0, 巨杉树原木
forestry:logs.6:1, 重蚁树原木
forestry:logs.6:2, 紫檀树原木
forestry:logs.6:3, 黄檀树原木
forestry:logs.7:0, 斑木树原木
forestry:logs.fireproof.0:0, 抗燃落叶树原木
forestry:logs.fireproof.0:1, 抗燃柚树原木
forestry:logs.fireproof.0:2, 抗燃金合欢树原木
forestry:logs.fireproof.0:3, 抗燃酸橙树原木
forestry:logs.fireproof.1:0, 抗燃栗树原木
forestry:logs.fireproof.1:1, 抗燃崖豆树原木
forestry:logs.fireproof.1:2, 抗燃猴面包树原木
forestry:logs.fireproof.1:3, 抗燃红杉树原木
forestry:logs.fireproof.2:0, 抗燃木棉树原木
forestry:logs.fireproof.2:1, 抗燃乌檀树原木
forestry:logs.fireproof.2:2, 抗燃桃心树原木
forestry:logs.fireproof.2:3, 抗燃巴尔杉树原木
forestry:logs.fireproof.3:0, 抗燃柳树原木
forestry:logs.fireproof.3:1, 抗燃胡桃树原木
forestry:logs.fireproof.3:2, 抗燃绿樟树原木
forestry:logs.fireproof.3:3, 抗燃樱树原木
forestry:logs.fireproof.4:0, 抗燃高槿树原木
forestry:logs.fireproof.4:1, 抗燃白杨树原木
forestry:logs.fireproof.4:2, 抗燃棕榈树原木
forestry:logs.fireproof.4:3, 抗燃木瓜树原木
forestry:logs.fireproof.5:0, 抗燃松树原木
forestry:logs.fireproof.5:1, 抗燃李子树原木
forestry:logs.fireproof.5:2, 抗燃枫树原木
forestry:logs.fireproof.5:3, 抗燃柑橘树原木
forestry:logs.fireproof.6:0, 抗燃巨杉树原木
forestry:logs.fireproof.6:1, 抗燃重蚁树原木
forestry:logs.fireproof.6:2, 抗燃紫檀树原木
forestry:logs.fireproof.6:3, 抗燃黄檀树原木
forestry:logs.fireproof.7:0, 抗燃斑木树原木
forestry:logs.vanilla.fireproof.0:0, 抗燃橡木
forestry:logs.vanilla.fireproof.0:1, 抗燃云杉木
forestry:logs.vanilla.fireproof.0:2, 抗燃白桦木
forestry:logs.vanilla.fireproof.0:3, 抗燃丛林木
forestry:logs.vanilla.fireproof.1:0, 抗燃金合欢木
forestry:logs.vanilla.fireproof.1:1, 抗燃深色橡木
forestry:planks.0:0, 落叶树木板
forestry:planks.0:1, 柚树木板
forestry:planks.0:2, 金合欢树木板
forestry:planks.0:3, 酸橙树木板
forestry:planks.0:4, 栗树木板
forestry:planks.0:5, 崖豆树木板
forestry:planks.0:6, 猴面包树木板
forestry:planks.0:7, 红杉树木板
forestry:planks.0:8, 木棉树木板
forestry:planks.0:9, 乌檀树木板
forestry:planks.0:10, 桃心树木板
forestry:planks.0:11, 巴尔杉树木板
forestry:planks.0:12, 柳树木板
forestry:planks.0:13, 胡桃树木板
forestry:planks.0:14, 绿樟树木板
forestry:planks.0:15, 樱树木板
forestry:planks.1:0, 高槿树木板
forestry:planks.1:1, 白杨树木板
forestry:planks.1:2, 棕榈树木板
forestry:planks.1:3, 木瓜树木板
forestry:planks.1:4, 松树木板
forestry:planks.1:5, 李子树木板
forestry:planks.1:6, 枫树木板
forestry:planks.1:7, 柑橘树木板
forestry:planks.1:8, 巨杉树木板
forestry:planks.1:9, 重蚁树木板
forestry:planks.1:10, 紫檀树木板
forestry:planks.1:11, 黄檀树木板
forestry:planks.1:12, 斑木树木板
forestry:planks.fireproof.0:0, 抗燃落叶树木板
forestry:planks.fireproof.0:1, 抗燃柚树木板
forestry:planks.fireproof.0:2, 抗燃金合欢树木板
forestry:planks.fireproof.0:3, 抗燃酸橙树木板
forestry:planks.fireproof.0:4, 抗燃栗树木板
forestry:planks.fireproof.0:5, 抗燃崖豆树木板
forestry:planks.fireproof.0:6, 抗燃猴面包树木板
forestry:planks.fireproof.0:7, 抗燃红杉树木板
forestry:planks.fireproof.0:8, 抗燃木棉树木板
forestry:planks.fireproof.0:9, 抗燃乌檀树木板
forestry:planks.fireproof.0:10, 抗燃桃心树木板
forestry:planks.fireproof.0:11, 抗燃巴尔杉树木板
forestry:planks.fireproof.0:12, 抗燃柳树木板
forestry:planks.fireproof.0:13, 抗燃胡桃树木板
forestry:planks.fireproof.0:14, 抗燃绿樟树木板
forestry:planks.fireproof.0:15, 抗燃樱树木板
forestry:planks.fireproof.1:0, 抗燃高槿树木板
forestry:planks.fireproof.1:1, 抗燃白杨树木板
forestry:planks.fireproof.1:2, 抗燃棕榈树木板
forestry:planks.fireproof.1:3, 抗燃木瓜树木板
forestry:planks.fireproof.1:4, 抗燃松树木板
forestry:planks.fireproof.1:5, 抗燃李子树木板
forestry:planks.fireproof.1:6, 抗燃枫树木板
forestry:planks.fireproof.1:7, 抗燃柑橘树木板
forestry:planks.fireproof.1:8, 抗燃巨杉树木板
forestry:planks.fireproof.1:9, 抗燃重蚁树木板
forestry:planks.fireproof.1:10, 抗燃紫檀树木板
forestry:planks.fireproof.1:11, 抗燃黄檀树木板
forestry:planks.fireproof.1:12, 抗燃斑木树木板
forestry:planks.vanilla.fireproof.0:0, 抗燃橡木木板
forestry:planks.vanilla.fireproof.0:1, 抗燃云杉木板
forestry:planks.vanilla.fireproof.0:2, 抗燃白桦木板
forestry:planks.vanilla.fireproof.0:3, 抗燃丛林木板
forestry:planks.vanilla.fireproof.0:4, 抗燃金合欢木板
forestry:planks.vanilla.fireproof.0:5, 抗燃深色橡木木板
forestry:slabs.0:0, 落叶树台阶
forestry:slabs.0:1, 柚树台阶
forestry:slabs.0:2, 金合欢树台阶
forestry:slabs.0:3, 酸橙树台阶
forestry:slabs.0:4, 栗树台阶
forestry:slabs.0:5, 崖豆树台阶
forestry:slabs.0:6, 猴面包树台阶
forestry:slabs.0:7, 红杉树台阶
forestry:slabs.1:0, 木棉树台阶
forestry:slabs.1:1, 乌檀树台阶
forestry:slabs.1:2, 桃心树台阶
forestry:slabs.1:3, 巴尔杉树台阶
forestry:slabs.1:4, 柳树台阶
forestry:slabs.1:5, 胡桃树台阶
forestry:slabs.1:6, 绿樟树台阶
forestry:slabs.1:7, 樱树台阶
forestry:slabs.2:0, 高槿树台阶
forestry:slabs.2:1, 白杨树台阶
forestry:slabs.2:2, 棕榈树台阶
forestry:slabs.2:3, 木瓜树台阶
forestry:slabs.2:4, 松树台阶
forestry:slabs.2:5, 李子树台阶
forestry:slabs.2:6, 枫树台阶
forestry:slabs.2:7, 柑橘树台阶
forestry:slabs.3:0, 巨杉树台阶
forestry:slabs.3:1, 重蚁树台阶
forestry:slabs.3:2, 紫檀树台阶
forestry:slabs.3:3, 黄檀树台阶
forestry:slabs.3:4, 斑木树台阶
forestry:slabs.fireproof.0:0, 抗燃落叶树台阶
forestry:slabs.fireproof.0:1, 抗燃柚树台阶
forestry:slabs.fireproof.0:2, 抗燃金合欢树台阶
forestry:slabs.fireproof.0:3, 抗燃酸橙树台阶
forestry:slabs.fireproof.0:4, 抗燃栗树台阶
forestry:slabs.fireproof.0:5, 抗燃崖豆树台阶
forestry:slabs.fireproof.0:6, 抗燃猴面包树台阶
forestry:slabs.fireproof.0:7, 抗燃红杉树台阶
forestry:slabs.fireproof.1:0, 抗燃木棉树台阶
forestry:slabs.fireproof.1:1, 抗燃乌檀树台阶
forestry:slabs.fireproof.1:2, 抗燃桃心树台阶
forestry:slabs.fireproof.1:3, 抗燃巴尔杉树台阶
forestry:slabs.fireproof.1:4, 抗燃柳树台阶
forestry:slabs.fireproof.1:5, 抗燃胡桃树台阶
forestry:slabs.fireproof.1:6, 抗燃绿樟树台阶
forestry:slabs.fireproof.1:7, 抗燃樱树台阶
forestry:slabs.fireproof.2:0, 抗燃高槿树台阶
forestry:slabs.fireproof.2:1, 抗燃白杨树台阶
forestry:slabs.fireproof.2:2, 抗燃棕榈树台阶
forestry:slabs.fireproof.2:3, 抗燃木瓜树台阶
forestry:slabs.fireproof.2:4, 抗燃松树台阶
forestry:slabs.fireproof.2:5, 抗燃李子树台阶
forestry:slabs.fireproof.2:6, 抗燃枫树台阶
forestry:slabs.fireproof.2:7, 抗燃柑橘树台阶
forestry:slabs.fireproof.3:0, 抗燃巨杉树台阶
forestry:slabs.fireproof.3:1, 抗燃重蚁树台阶
forestry:slabs.fireproof.3:2, 抗燃紫檀树台阶
forestry:slabs.fireproof.3:3, 抗燃黄檀树台阶
forestry:slabs.fireproof.3:4, 抗燃斑木树台阶
forestry:slabs.vanilla.fireproof.0:0, 抗燃橡木台阶
forestry:slabs.vanilla.fireproof.0:1, 抗燃云杉木台阶
forestry:slabs.vanilla.fireproof.0:2, 抗燃桦木台阶
forestry:slabs.vanilla.fireproof.0:3, 抗燃丛林木台阶
forestry:slabs.vanilla.fireproof.0:4, 抗燃金合欢木台阶
forestry:slabs.vanilla.fireproof.0:5, 抗燃深色橡木台阶
forestry:fences.0:0, 落叶树栅栏
forestry:fences.0:1, 柚树栅栏
forestry:fences.0:2, 金合欢树栅栏
forestry:fences.0:3, 酸橙树栅栏
forestry:fences.0:4, 栗树栅栏
forestry:fences.0:5, 崖豆树栅栏
forestry:fences.0:6, 猴面包树栅栏
forestry:fences.0:7, 红杉树栅栏
forestry:fences.0:8, 木棉树栅栏
forestry:fences.0:9, 乌檀树栅栏
forestry:fences.0:10, 桃心树栅栏
forestry:fences.0:11, 巴尔杉树栅栏
forestry:fences.0:12, 柳树栅栏
forestry:fences.0:13, 胡桃树栅栏
forestry:fences.0:14, 绿樟树栅栏
forestry:fences.0:15, 樱树栅栏
forestry:fences.1:0, 高槿树栅栏
forestry:fences.1:1, 白杨树栅栏
forestry:fences.1:2, 棕榈树栅栏
forestry:fences.1:3, 木瓜树栅栏
forestry:fences.1:4, 松树栅栏
forestry:fences.1:5, 李子树栅栏
forestry:fences.1:6, 枫树栅栏
forestry:fences.1:7, 柑橘树栅栏
forestry:fences.1:8, 巨杉树栅栏
forestry:fences.1:9, 重蚁树栅栏
forestry:fences.1:10, 紫檀树栅栏
forestry:fences.1:11, 黄檀树栅栏
forestry:fences.1:12, 斑木树栅栏
forestry:fences.fireproof.0:0, 抗燃落叶树栅栏
forestry:fences.fireproof.0:1, 抗燃柚树栅栏
forestry:fences.fireproof.0:2, 抗燃金合欢树栅栏
forestry:fences.fireproof.0:3, 抗燃酸橙树栅栏
forestry:fences.fireproof.0:4, 抗燃栗树栅栏
forestry:fences.fireproof.0:5, 抗燃崖豆树栅栏
forestry:fences.fireproof.0:6, 抗燃猴面包树栅栏
forestry:fences.fireproof.0:7, 抗燃红杉树栅栏
forestry:fences.fireproof.0:8, 抗燃木棉树栅栏
forestry:fences.fireproof.0:9, 抗燃乌檀树栅栏
forestry:fences.fireproof.0:10, 抗燃桃心树栅栏
forestry:fences.fireproof.0:11, 抗燃巴尔杉树栅栏
forestry:fences.fireproof.0:12, 抗燃柳树栅栏
forestry:fences.fireproof.0:13, 抗燃胡桃树栅栏
forestry:fences.fireproof.0:14, 抗燃绿樟树栅栏
forestry:fences.fireproof.0:15, 抗燃樱树栅栏
forestry:fences.fireproof.1:0, 抗燃高槿树栅栏
forestry:fences.fireproof.1:1, 抗燃白杨树栅栏
forestry:fences.fireproof.1:2, 抗燃棕榈树栅栏
forestry:fences.fireproof.1:3, 抗燃木瓜树栅栏
forestry:fences.fireproof.1:4, 抗燃松树栅栏
forestry:fences.fireproof.1:5, 抗燃李子树栅栏
forestry:fences.fireproof.1:6, 抗燃枫树栅栏
forestry:fences.fireproof.1:7, 抗燃柑橘树栅栏
forestry:fences.fireproof.1:8, 抗燃巨杉树栅栏
forestry:fences.fireproof.1:9, 抗燃重蚁树栅栏
forestry:fences.fireproof.1:10, 抗燃紫檀树栅栏
forestry:fences.fireproof.1:11, 抗燃黄檀树栅栏
forestry:fences.fireproof.1:12, 抗燃斑木树栅栏
forestry:fences.vanilla.fireproof.0:0, 抗燃橡木栅栏
forestry:fences.vanilla.fireproof.0:1, 抗燃云杉木栅栏
forestry:fences.vanilla.fireproof.0:2, 抗燃白桦木栅栏
forestry:fences.vanilla.fireproof.0:3, 抗燃丛林木栅栏
forestry:fences.vanilla.fireproof.0:4, 抗燃金合欢木栅栏
forestry:fences.vanilla.fireproof.0:5, 抗燃深色橡木栅栏
forestry:fence.gates.larch:0, 落叶树栅栏门
forestry:fence.gates.fireproof.larch:0, 抗燃落叶树栅栏门
forestry:fence.gates.teak:0, 柚树栅栏门
forestry:fence.gates.fireproof.teak:0, 抗燃柚树栅栏门
forestry:fence.gates.acacia:0, 金合欢树栅栏门
forestry:fence.gates.fireproof.acacia:0, 抗燃金合欢树栅栏门
forestry:fence.gates.lime:0, 酸橙树栅栏门
forestry:fence.gates.fireproof.lime:0, 抗燃酸橙树栅栏门
forestry:fence.gates.chestnut:0, 栗树栅栏门
forestry:fence.gates.fireproof.chestnut:0, 抗燃栗树栅栏门
forestry:fence.gates.wenge:0, 崖豆树栅栏门
forestry:fence.gates.fireproof.wenge:0, 抗燃崖豆树栅栏门
forestry:fence.gates.baobab:0, 猴面包树栅栏门
forestry:fence.gates.fireproof.baobab:0, 抗燃猴面包树栅栏门
forestry:fence.gates.sequoia:0, 红杉树栅栏门
forestry:fence.gates.fireproof.sequoia:0, 抗燃红杉树栅栏门
forestry:fence.gates.kapok:0, 木棉树栅栏门
forestry:fence.gates.fireproof.kapok:0, 抗燃木棉树栅栏门
forestry:fence.gates.ebony:0, 乌檀树栅栏门
forestry:fence.gates.fireproof.ebony:0, 抗燃乌檀树栅栏门
forestry:fence.gates.mahogany:0, 桃心树栅栏门
forestry:fence.gates.fireproof.mahogany:0, 抗燃桃心树栅栏门
forestry:fence.gates.balsa:0, 巴尔杉树栅栏门
forestry:fence.gates.fireproof.balsa:0, 抗燃巴尔杉树栅栏门
forestry:fence.gates.willow:0, 柳树栅栏门
forestry:fence.gates.fireproof.willow:0, 抗燃柳树栅栏门
forestry:fence.gates.walnut:0, 胡桃树栅栏门
forestry:fence.gates.fireproof.walnut:0, 抗燃胡桃树栅栏门
forestry:fence.gates.greenheart:0, 绿樟树栅栏门
forestry:fence.gates.fireproof.greenheart:0, 抗燃绿樟树栅栏门
forestry:fence.gates.cherry:0, 樱树栅栏门
forestry:fence.gates.fireproof.cherry:0, 抗燃樱树栅栏门
forestry:fence.gates.mahoe:0, 高槿树栅栏门
forestry:fence.gates.fireproof.mahoe:0, 抗燃高槿树栅栏门
forestry:fence.gates.poplar:0, 白杨树栅栏门
forestry:fence.gates.fireproof.poplar:0, 抗燃白杨树栅栏门
forestry:fence.gates.palm:0, 棕榈树栅栏门
forestry:fence.gates.fireproof.palm:0, 抗燃棕榈树栅栏门
forestry:fence.gates.papaya:0, 木瓜树栅栏门
forestry:fence.gates.fireproof.papaya:0, 抗燃木瓜树栅栏门
forestry:fence.gates.pine:0, 松树栅栏门
forestry:fence.gates.fireproof.pine:0, 抗燃松树栅栏门
forestry:fence.gates.plum:0, 李子树栅栏门
forestry:fence.gates.fireproof.plum:0, 抗燃李子树栅栏门
forestry:fence.gates.maple:0, 枫树栅栏门
forestry:fence.gates.fireproof.maple:0, 抗燃枫树栅栏门
forestry:fence.gates.citrus:0, 柑橘树栅栏门
forestry:fence.gates.fireproof.citrus:0, 抗燃柑橘树栅栏门
forestry:fence.gates.giganteum:0, 巨杉树栅栏门
forestry:fence.gates.fireproof.giganteum:0, 抗燃巨杉树栅栏门
forestry:fence.gates.ipe:0, 重蚁树栅栏门
forestry:fence.gates.fireproof.ipe:0, 抗燃重蚁树栅栏门
forestry:fence.gates.padauk:0, 紫檀树栅栏门
forestry:fence.gates.fireproof.padauk:0, 抗燃紫檀树栅栏门
forestry:fence.gates.cocobolo:0, 黄檀树栅栏门
forestry:fence.gates.fireproof.cocobolo:0, 抗燃黄檀树栅栏门
forestry:fence.gates.zebrawood:0, 斑木树栅栏门
forestry:fence.gates.fireproof.zebrawood:0, 抗燃斑木树栅栏门
forestry:fence.gates.vanilla.fireproof.oak:0, 抗燃橡木栅栏门
forestry:fence.gates.vanilla.fireproof.spruce:0, 抗燃云杉木栅栏门
forestry:fence.gates.vanilla.fireproof.birch:0, 抗燃白桦木栅栏门
forestry:fence.gates.vanilla.fireproof.jungle:0, 抗燃丛林木栅栏门
forestry:fence.gates.vanilla.fireproof.acacia:0, 抗燃金合欢木栅栏门
forestry:fence.gates.vanilla.fireproof.dark_oak:0, 抗燃深色橡木栅栏门
forestry:stairs.larch:0, 落叶树楼梯
forestry:stairs.teak:0, 柚树楼梯
forestry:stairs.acacia:0, 金合欢树楼梯
forestry:stairs.lime:0, 酸橙树楼梯
forestry:stairs.chestnut:0, 栗树楼梯
forestry:stairs.wenge:0, 崖豆树楼梯
forestry:stairs.baobab:0, 猴面包树楼梯
forestry:stairs.sequoia:0, 红杉树楼梯
forestry:stairs.kapok:0, 木棉树楼梯
forestry:stairs.ebony:0, 乌檀树楼梯
forestry:stairs.mahogany:0, 桃心树楼梯
forestry:stairs.balsa:0, 巴尔杉树楼梯
forestry:stairs.willow:0, 柳树楼梯
forestry:stairs.walnut:0, 胡桃树楼梯
forestry:stairs.greenheart:0, 绿樟树楼梯
forestry:stairs.cherry:0, 樱树楼梯
forestry:stairs.mahoe:0, 高槿树楼梯
forestry:stairs.poplar:0, 白杨树楼梯
forestry:stairs.palm:0, 棕榈树楼梯
forestry:stairs.papaya:0, 木瓜树楼梯
forestry:stairs.pine:0, 松树楼梯
forestry:stairs.plum:0, 李子树楼梯
forestry:stairs.maple:0, 枫树楼梯
forestry:stairs.citrus:0, 柑橘树楼梯
forestry:stairs.giganteum:0, 巨杉树楼梯
forestry:stairs.ipe:0, 重蚁树楼梯
forestry:stairs.padauk:0, 紫檀树楼梯
forestry:stairs.cocobolo:0, 黄檀树楼梯
forestry:stairs.zebrawood:0, 斑木树楼梯
forestry:stairs.fireproof.larch:0, 抗燃落叶树楼梯
forestry:stairs.fireproof.teak:0, 抗燃柚树楼梯
forestry:stairs.fireproof.acacia:0, 抗燃金合欢树楼梯
forestry:stairs.fireproof.lime:0, 抗燃酸橙树楼梯
forestry:stairs.fireproof.chestnut:0, 抗燃栗树楼梯
forestry:stairs.fireproof.wenge:0, 抗燃崖豆树楼梯
forestry:stairs.fireproof.baobab:0, 抗燃猴面包树楼梯
forestry:stairs.fireproof.sequoia:0, 抗燃红杉树楼梯
forestry:stairs.fireproof.kapok:0, 抗燃木棉树楼梯
forestry:stairs.fireproof.ebony:0, 抗燃乌檀树楼梯
forestry:stairs.fireproof.mahogany:0, 抗燃桃心树楼梯
forestry:stairs.fireproof.balsa:0, 抗燃巴尔杉树楼梯
forestry:stairs.fireproof.willow:0, 抗燃柳树楼梯
forestry:stairs.fireproof.walnut:0, 抗燃胡桃树楼梯
forestry:stairs.fireproof.greenheart:0, 抗燃绿樟树楼梯
forestry:stairs.fireproof.cherry:0, 抗燃樱树楼梯
forestry:stairs.fireproof.mahoe:0, 抗燃高槿树楼梯
forestry:stairs.fireproof.poplar:0, 抗燃白杨树楼梯
forestry:stairs.fireproof.palm:0, 抗燃棕榈树楼梯
forestry:stairs.fireproof.papaya:0, 抗燃木瓜树楼梯
forestry:stairs.fireproof.pine:0, 抗燃松树楼梯
forestry:stairs.fireproof.plum:0, 抗燃李子树楼梯
forestry:stairs.fireproof.maple:0, 抗燃枫树楼梯
forestry:stairs.fireproof.citrus:0, 抗燃柑橘树楼梯
forestry:stairs.fireproof.giganteum:0, 抗燃巨杉树楼梯
forestry:stairs.fireproof.ipe:0, 抗燃重蚁树楼梯
forestry:stairs.fireproof.padauk:0, 抗燃紫檀树楼梯
forestry:stairs.fireproof.cocobolo:0, 抗燃黄檀树楼梯
forestry:stairs.fireproof.zebrawood:0, 抗燃斑木树楼梯
forestry:stairs.vanilla.fireproof.oak:0, 抗燃橡木楼梯
forestry:stairs.vanilla.fireproof.spruce:0, 抗燃云杉木楼梯
forestry:stairs.vanilla.fireproof.birch:0, 抗燃桦木楼梯
forestry:stairs.vanilla.fireproof.jungle:0, 抗燃丛林木楼梯
forestry:stairs.vanilla.fireproof.acacia:0, 抗燃金合欢木楼梯
forestry:stairs.vanilla.fireproof.dark_oak:0, 抗燃深色橡木楼梯
forestry:doors.larch:0, 落叶树门
forestry:doors.teak:0, 柚树门
forestry:doors.acacia:0, 金合欢树门
forestry:doors.lime:0, 酸橙树门
forestry:doors.chestnut:0, 栗树门
forestry:doors.wenge:0, 崖豆树门
forestry:doors.baobab:0, 猴面包树门
forestry:doors.sequoia:0, 红杉树门
forestry:doors.kapok:0, 木棉树门
forestry:doors.ebony:0, 乌檀树门
forestry:doors.mahogany:0, 桃心树门
forestry:doors.balsa:0, 巴尔杉树门
forestry:doors.willow:0, 柳树门
forestry:doors.walnut:0, 胡桃树门
forestry:doors.greenheart:0, 绿樟树门
forestry:doors.cherry:0, 樱树门
forestry:doors.mahoe:0, 高槿树门
forestry:doors.poplar:0, 白杨树门
forestry:doors.palm:0, 棕榈树门
forestry:doors.papaya:0, 木瓜树门
forestry:doors.pine:0, 松树门
forestry:doors.plum:0, 李子树门
forestry:doors.maple:0, 枫树门
forestry:doors.citrus:0, 柑橘树门
forestry:doors.giganteum:0, 巨杉树门
forestry:doors.ipe:0, 重蚁树门
forestry:doors.padauk:0, 紫檀树门
forestry:doors.cocobolo:0, 黄檀树门
forestry:doors.zebrawood:0, 斑木树门
forestry:sapling_ge:0, tile.for.sapling_ge.name
forestry:leaves.decorative.0:0, 苹果橡树叶
forestry:leaves.decorative.0:1, 黑橡树叶
forestry:leaves.decorative.0:2, 银桦树叶
forestry:leaves.decorative.0:3, 银橙树叶
forestry:leaves.decorative.0:4, 胡桃树叶
forestry:leaves.decorative.0:5, 甜栗树叶
forestry:leaves.decorative.0:6, 山丘樱树叶
forestry:leaves.decorative.0:7, 柠檬树叶
forestry:leaves.decorative.0:8, 李子树叶
forestry:leaves.decorative.0:9, 糖枫树叶
forestry:leaves.decorative.0:10, 红果云杉树叶
forestry:leaves.decorative.0:11, 落叶松树叶
forestry:leaves.decorative.0:12, 西黄松树叶
forestry:leaves.decorative.0:13, 海岸红杉树叶
forestry:leaves.decorative.0:14, 巨杉树叶
forestry:leaves.decorative.0:15, 丛林树叶
forestry:leaves.decorative.1:0, 柚树叶
forestry:leaves.decorative.1:1, 重蚁树树叶
forestry:leaves.decorative.1:2, 木棉树叶
forestry:leaves.decorative.1:3, 乌檀树叶
forestry:leaves.decorative.1:4, 斑木树树叶
forestry:leaves.decorative.1:5, 黄桉树叶
forestry:leaves.decorative.1:6, 金合欢树叶
forestry:leaves.decorative.1:7, 沙漠刺槐树叶
forestry:leaves.decorative.1:8, 紫檀树树叶
forestry:leaves.decorative.1:9, 巴尔杉树叶
forestry:leaves.decorative.1:10, 黄檀树树叶
forestry:leaves.decorative.1:11, 崖豆树叶
forestry:leaves.decorative.1:12, 猴面包树叶
forestry:leaves.decorative.1:13, 高槿树叶
forestry:leaves.decorative.1:14, 银柳树叶
forestry:leaves.decorative.1:15, 绿心樟树叶
forestry:leaves.decorative.2:0, 木瓜树叶
forestry:leaves.decorative.2:1, 椰枣树叶
forestry:leaves.decorative.2:2, 白杨树叶
forestry:tree_chest:0, 林业员箱子
forestry:mushroom:0, tile.for.mushroom.name
forestry:mushroom:1, tile.for.mushroom.name
forestry:ffarm:0, 农场方块
forestry:ffarm:0, 农场方块
forestry:ffarm:0, 农场方块
forestry:ffarm:0, 农场方块
forestry:ffarm:0, 农场方块
forestry:ffarm:0, 农场方块
forestry:ffarm:0, 农场方块
forestry:ffarm:0, 农场方块
forestry:ffarm:0, 农场方块
forestry:ffarm:0, 农场方块
forestry:ffarm:0, 农场方块
forestry:ffarm:2, 农场齿轮箱
forestry:ffarm:2, 农场齿轮箱
forestry:ffarm:2, 农场齿轮箱
forestry:ffarm:2, 农场齿轮箱
forestry:ffarm:2, 农场齿轮箱
forestry:ffarm:2, 农场齿轮箱
forestry:ffarm:2, 农场齿轮箱
forestry:ffarm:2, 农场齿轮箱
forestry:ffarm:2, 农场齿轮箱
forestry:ffarm:2, 农场齿轮箱
forestry:ffarm:2, 农场齿轮箱
forestry:ffarm:3, 农场出货箱
forestry:ffarm:3, 农场出货箱
forestry:ffarm:3, 农场出货箱
forestry:ffarm:3, 农场出货箱
forestry:ffarm:3, 农场出货箱
forestry:ffarm:3, 农场出货箱
forestry:ffarm:3, 农场出货箱
forestry:ffarm:3, 农场出货箱
forestry:ffarm:3, 农场出货箱
forestry:ffarm:3, 农场出货箱
forestry:ffarm:3, 农场出货箱
forestry:ffarm:4, 农场水阀
forestry:ffarm:4, 农场水阀
forestry:ffarm:4, 农场水阀
forestry:ffarm:4, 农场水阀
forestry:ffarm:4, 农场水阀
forestry:ffarm:4, 农场水阀
forestry:ffarm:4, 农场水阀
forestry:ffarm:4, 农场水阀
forestry:ffarm:4, 农场水阀
forestry:ffarm:4, 农场水阀
forestry:ffarm:4, 农场水阀
forestry:ffarm:5, 农场控制盒
forestry:ffarm:5, 农场控制盒
forestry:ffarm:5, 农场控制盒
forestry:ffarm:5, 农场控制盒
forestry:ffarm:5, 农场控制盒
forestry:ffarm:5, 农场控制盒
forestry:ffarm:5, 农场控制盒
forestry:ffarm:5, 农场控制盒
forestry:ffarm:5, 农场控制盒
forestry:ffarm:5, 农场控制盒
forestry:ffarm:5, 农场控制盒
forestry:arboretum:0, 自动伐木机
forestry:arboretum:1, 手动伐木机
forestry:farm_crops:0, 自动收割机
forestry:farm_crops:1, 手动收割机
forestry:farm_mushroom:0, 自动蘑菇收割机
forestry:farm_mushroom:1, 手动蘑菇收割机
forestry:farm_gourd:0, 自动瓜类收割机
forestry:farm_gourd:1, 手动瓜类收割机
forestry:farm_nether:0, 自动地狱收割机
forestry:farm_nether:1, 手动地狱收割机
forestry:farm_ender:0, 自动末影收割机
forestry:farm_ender:1, 手动末影收割机
forestry:peat_bog:0, 自动泥炭沼泽
forestry:peat_bog:1, 手动泥炭沼泽
forestry:engine_peat:0, 泥炭引擎
forestry:engine_biogas:0, 沼气引擎
forestry:engine_clockwork:0, 发条引擎
forestry:stamps:0, 邮票(1n)
forestry:stamps:1, 邮票(2n)
forestry:stamps:2, 邮票(5n)
forestry:stamps:3, 邮票(10n)
forestry:stamps:4, 邮票(20n)
forestry:stamps:5, 邮票(50n)
forestry:stamps:6, 邮票(100n)
forestry:letters, 信件
forestry:catalogue, 贸易目录
forestry:mailbox:0, 信箱
forestry:trade_station:0, 贸易站
forestry:stamp_collector:0, 集邮箱
forestry:honeyed_slice, 蜂蜜面包
forestry:ambrosia, 仙馔密酒
forestry:honey_pot, 蜜罐
forestry:crate, 板条箱
forestry:charcoal:0, 木炭块
forestry:wood_pile:0, 原木堆
forestry:wood_pile_decorative:0, 装饰用原木堆
forestry:ash_block_0:0, Ash Block
forestry:ash_block_1:0, Ash Block
forestry:ash_block_2:0, Ash Block
forestry:ash_block_3:0, Ash Block
forestry:loam:0, 壤土
forestry:worktable:0, 工作台
forestry:butterfly_ge:0, 黄蛾蝴蝶
forestry:butterfly_ge:0, 斑格蛾蝴蝶
forestry:butterfly_ge:0, 菜粉蝶蝴蝶
forestry:butterfly_ge:0, 硫磺蛾蝴蝶
forestry:butterfly_ge:0, 端红蝶蝴蝶
forestry:butterfly_ge:0, 纹黄蝶蝴蝶
forestry:butterfly_ge:0, 黑缘豆粉蝶蝴蝶
forestry:butterfly_ge:0, 东方绿斑粉蝶蝴蝶
forestry:butterfly_ge:0, 冬青小灰蝶蝴蝶
forestry:butterfly_ge:0, 柑橘凤尾蝶蝴蝶
forestry:butterfly_ge:0, 北美凤尾蝶蝴蝶
forestry:butterfly_ge:0, 黑色凤尾蝶蝴蝶
forestry:butterfly_ge:0, 长尾玳瑁凤尾蝶蝴蝶
forestry:butterfly_ge:0, 斑木蝶蝴蝶
forestry:butterfly_ge:0, 马德拉斑木蝶蝴蝶
forestry:butterfly_ge:0, 浅黄斑木蝶蝴蝶
forestry:butterfly_ge:0, 大蓝闪蝶·梅内莱厄斯蝴蝶
forestry:butterfly_ge:0, 黑框蓝闪蝶·百利芷蝴蝶
forestry:butterfly_ge:0, 狸白蛱蝶蝴蝶
forestry:butterfly_ge:0, 弗州蛱蝶蝴蝶
forestry:butterfly_ge:0, 蓝蝶蝴蝶
forestry:butterfly_ge:0, 蓝爵蝶蝴蝶
forestry:butterfly_ge:0, 绢斑蝶蝴蝶
forestry:butterfly_ge:0, 邮差蝶蝴蝶
forestry:butterfly_ge:0, 青纹蝶蝴蝶
forestry:butterfly_ge:0, 豹纹蛱蝶蝴蝶
forestry:butterfly_ge:0, 戴安娜豹纹蝶蝴蝶
forestry:serum_ge:0, 黄蛾血清
forestry:serum_ge:0, 斑格蛾血清
forestry:serum_ge:0, 菜粉蝶血清
forestry:serum_ge:0, 硫磺蛾血清
forestry:serum_ge:0, 端红蝶血清
forestry:serum_ge:0, 纹黄蝶血清
forestry:serum_ge:0, 黑缘豆粉蝶血清
forestry:serum_ge:0, 东方绿斑粉蝶血清
forestry:serum_ge:0, 冬青小灰蝶血清
forestry:serum_ge:0, 柑橘凤尾蝶血清
forestry:serum_ge:0, 北美凤尾蝶血清
forestry:serum_ge:0, 黑色凤尾蝶血清
forestry:serum_ge:0, 长尾玳瑁凤尾蝶血清
forestry:serum_ge:0, 斑木蝶血清
forestry:serum_ge:0, 马德拉斑木蝶血清
forestry:serum_ge:0, 浅黄斑木蝶血清
forestry:serum_ge:0, 大蓝闪蝶·梅内莱厄斯血清
forestry:serum_ge:0, 黑框蓝闪蝶·百利芷血清
forestry:serum_ge:0, 狸白蛱蝶血清
forestry:serum_ge:0, 弗州蛱蝶血清
forestry:serum_ge:0, 蓝蝶血清
forestry:serum_ge:0, 蓝爵蝶血清
forestry:serum_ge:0, 绢斑蝶血清
forestry:serum_ge:0, 邮差蝶血清
forestry:serum_ge:0, 青纹蝶血清
forestry:serum_ge:0, 豹纹蛱蝶血清
forestry:serum_ge:0, 戴安娜豹纹蝶血清
forestry:caterpillar_ge:0, 黄蛾幼虫
forestry:caterpillar_ge:0, 斑格蛾幼虫
forestry:caterpillar_ge:0, 菜粉蝶幼虫
forestry:caterpillar_ge:0, 硫磺蛾幼虫
forestry:caterpillar_ge:0, 端红蝶幼虫
forestry:caterpillar_ge:0, 纹黄蝶幼虫
forestry:caterpillar_ge:0, 黑缘豆粉蝶幼虫
forestry:caterpillar_ge:0, 东方绿斑粉蝶幼虫
forestry:caterpillar_ge:0, 冬青小灰蝶幼虫
forestry:caterpillar_ge:0, 柑橘凤尾蝶幼虫
forestry:caterpillar_ge:0, 北美凤尾蝶幼虫
forestry:caterpillar_ge:0, 黑色凤尾蝶幼虫
forestry:caterpillar_ge:0, 长尾玳瑁凤尾蝶幼虫
forestry:caterpillar_ge:0, 斑木蝶幼虫
forestry:caterpillar_ge:0, 马德拉斑木蝶幼虫
forestry:caterpillar_ge:0, 浅黄斑木蝶幼虫
forestry:caterpillar_ge:0, 大蓝闪蝶·梅内莱厄斯幼虫
forestry:caterpillar_ge:0, 黑框蓝闪蝶·百利芷幼虫
forestry:caterpillar_ge:0, 狸白蛱蝶幼虫
forestry:caterpillar_ge:0, 弗州蛱蝶幼虫
forestry:caterpillar_ge:0, 蓝蝶幼虫
forestry:caterpillar_ge:0, 蓝爵蝶幼虫
forestry:caterpillar_ge:0, 绢斑蝶幼虫
forestry:caterpillar_ge:0, 邮差蝶幼虫
forestry:caterpillar_ge:0, 青纹蝶幼虫
forestry:caterpillar_ge:0, 豹纹蛱蝶幼虫
forestry:caterpillar_ge:0, 戴安娜豹纹蝶幼虫
forestry:cocoon_ge:0, 黄蛾蛹
forestry:cocoon_ge:0, 斑格蛾蛹
forestry:cocoon_ge:0, 菜粉蝶蛹
forestry:cocoon_ge:0, 硫磺蛾蛹
forestry:cocoon_ge:0, 端红蝶蛹
forestry:cocoon_ge:0, 纹黄蝶蛹
forestry:cocoon_ge:0, 黑缘豆粉蝶蛹
forestry:cocoon_ge:0, 东方绿斑粉蝶蛹
forestry:cocoon_ge:0, 冬青小灰蝶蛹
forestry:cocoon_ge:0, 柑橘凤尾蝶蛹
forestry:cocoon_ge:0, 北美凤尾蝶蛹
forestry:cocoon_ge:0, 黑色凤尾蝶蛹
forestry:cocoon_ge:0, 长尾玳瑁凤尾蝶蛹
forestry:cocoon_ge:0, 斑木蝶蛹
forestry:cocoon_ge:0, 马德拉斑木蝶蛹
forestry:cocoon_ge:0, 浅黄斑木蝶蛹
forestry:cocoon_ge:0, 大蓝闪蝶·梅内莱厄斯蛹
forestry:cocoon_ge:0, 黑框蓝闪蝶·百利芷蛹
forestry:cocoon_ge:0, 狸白蛱蝶蛹
forestry:cocoon_ge:0, 弗州蛱蝶蛹
forestry:cocoon_ge:0, 蓝蝶蛹
forestry:cocoon_ge:0, 蓝爵蝶蛹
forestry:cocoon_ge:0, 绢斑蝶蛹
forestry:cocoon_ge:0, 邮差蝶蛹
forestry:cocoon_ge:0, 青纹蝶蛹
forestry:cocoon_ge:0, 豹纹蛱蝶蛹
forestry:cocoon_ge:0, 戴安娜豹纹蝶蛹
forestry:cocoon_ge:0, 黄蛾蛹
forestry:cocoon_ge:0, 斑格蛾蛹
forestry:cocoon_ge:0, 菜粉蝶蛹
forestry:cocoon_ge:0, 硫磺蛾蛹
forestry:cocoon_ge:0, 端红蝶蛹
forestry:cocoon_ge:0, 纹黄蝶蛹
forestry:cocoon_ge:0, 黑缘豆粉蝶蛹
forestry:cocoon_ge:0, 东方绿斑粉蝶蛹
forestry:cocoon_ge:0, 冬青小灰蝶蛹
forestry:cocoon_ge:0, 柑橘凤尾蝶蛹
forestry:cocoon_ge:0, 北美凤尾蝶蛹
forestry:cocoon_ge:0, 黑色凤尾蝶蛹
forestry:cocoon_ge:0, 长尾玳瑁凤尾蝶蛹
forestry:cocoon_ge:0, 斑木蝶蛹
forestry:cocoon_ge:0, 马德拉斑木蝶蛹
forestry:cocoon_ge:0, 浅黄斑木蝶蛹
forestry:cocoon_ge:0, 大蓝闪蝶·梅内莱厄斯蛹
forestry:cocoon_ge:0, 黑框蓝闪蝶·百利芷蛹
forestry:cocoon_ge:0, 狸白蛱蝶蛹
forestry:cocoon_ge:0, 弗州蛱蝶蛹
forestry:cocoon_ge:0, 蓝蝶蛹
forestry:cocoon_ge:0, 蓝爵蝶蛹
forestry:cocoon_ge:0, 绢斑蝶蛹
forestry:cocoon_ge:0, 邮差蝶蛹
forestry:cocoon_ge:0, 青纹蝶蛹
forestry:cocoon_ge:0, 豹纹蛱蝶蛹
forestry:cocoon_ge:0, 戴安娜豹纹蝶蛹
forestry:cocoon_ge:0, 黄蛾蛹
forestry:cocoon_ge:0, 斑格蛾蛹
forestry:cocoon_ge:0, 菜粉蝶蛹
forestry:cocoon_ge:0, 硫磺蛾蛹
forestry:cocoon_ge:0, 端红蝶蛹
forestry:cocoon_ge:0, 纹黄蝶蛹
forestry:cocoon_ge:0, 黑缘豆粉蝶蛹
forestry:cocoon_ge:0, 东方绿斑粉蝶蛹
forestry:cocoon_ge:0, 冬青小灰蝶蛹
forestry:cocoon_ge:0, 柑橘凤尾蝶蛹
forestry:cocoon_ge:0, 北美凤尾蝶蛹
forestry:cocoon_ge:0, 黑色凤尾蝶蛹
forestry:cocoon_ge:0, 长尾玳瑁凤尾蝶蛹
forestry:cocoon_ge:0, 斑木蝶蛹
forestry:cocoon_ge:0, 马德拉斑木蝶蛹
forestry:cocoon_ge:0, 浅黄斑木蝶蛹
forestry:cocoon_ge:0, 大蓝闪蝶·梅内莱厄斯蛹
forestry:cocoon_ge:0, 黑框蓝闪蝶·百利芷蛹
forestry:cocoon_ge:0, 狸白蛱蝶蛹
forestry:cocoon_ge:0, 弗州蛱蝶蛹
forestry:cocoon_ge:0, 蓝蝶蛹
forestry:cocoon_ge:0, 蓝爵蝶蛹
forestry:cocoon_ge:0, 绢斑蝶蛹
forestry:cocoon_ge:0, 邮差蝶蛹
forestry:cocoon_ge:0, 青纹蝶蛹
forestry:cocoon_ge:0, 豹纹蛱蝶蛹
forestry:cocoon_ge:0, 戴安娜豹纹蝶蛹
forestry:butterfly_chest:0, 鳞翅目昆虫学家箱子
forestry:cocoon:0, tile.for.cocoon.name
forestry:cocoon.solid:0, tile.for.cocoon.solid.name
forestry:habitat_former:0, Habitat Former
forestry:habitat_screen, Habitat Screen
forestry:bee_queen_ge:0, 森林蜂后
forestry:bee_queen_ge:0, 草原蜂后
forestry:bee_queen_ge:0, 寻常蜂后
forestry:bee_queen_ge:0, 田野蜂后
forestry:bee_queen_ge:0, 高尚蜂后
forestry:bee_queen_ge:0, 庄严蜂后
forestry:bee_queen_ge:0, 帝皇蜂后
forestry:bee_queen_ge:0, 勤奋蜂后
forestry:bee_queen_ge:0, 不倦蜂后
forestry:bee_queen_ge:0, 敬业蜂后
forestry:bee_queen_ge:0, 坚定蜂后
forestry:bee_queen_ge:0, 勇者蜂后
forestry:bee_queen_ge:0, 英雄蜂后
forestry:bee_queen_ge:0, 邪恶蜂后
forestry:bee_queen_ge:0, 残忍蜂后
forestry:bee_queen_ge:0, 恶魔蜂后
forestry:bee_queen_ge:0, 温和蜂后
forestry:bee_queen_ge:0, 节俭蜂后
forestry:bee_queen_ge:0, 苦行蜂后
forestry:bee_queen_ge:0, 热带蜂后
forestry:bee_queen_ge:0, 异国蜂后
forestry:bee_queen_ge:0, 伊甸蜂后
forestry:bee_queen_ge:0, 末影蜂后
forestry:bee_queen_ge:0, 幽灵蜂后
forestry:bee_queen_ge:0, 幻影蜂后
forestry:bee_queen_ge:0, 凛冬蜂后
forestry:bee_queen_ge:0, 严寒蜂后
forestry:bee_queen_ge:0, 冰河蜂后
forestry:bee_queen_ge:0, 记恨蜂后
forestry:bee_queen_ge:0, 报仇蜂后
forestry:bee_queen_ge:0, 复仇蜂后
forestry:bee_queen_ge:0, 田园蜂后
forestry:bee_queen_ge:0, 稼穑蜂后
forestry:bee_queen_ge:0, 农耕蜂后
forestry:bee_queen_ge:0, 沼泽蜂后
forestry:bee_queen_ge:0, 泥泞蜂后
forestry:bee_queen_ge:0, 泥沼蜂后
forestry:bee_queen_ge:0, 僧侣蜂后
forestry:bee_queen_ge:0, 归隐蜂后
forestry:bee_queen_ge:0, 遁世蜂后
forestry:bee_drone_ge:0, 森林雄蜂
forestry:bee_drone_ge:0, 草原雄蜂
forestry:bee_drone_ge:0, 寻常雄蜂
forestry:bee_drone_ge:0, 田野雄蜂
forestry:bee_drone_ge:0, 高尚雄蜂
forestry:bee_drone_ge:0, 庄严雄蜂
forestry:bee_drone_ge:0, 帝皇雄蜂
forestry:bee_drone_ge:0, 勤奋雄蜂
forestry:bee_drone_ge:0, 不倦雄蜂
forestry:bee_drone_ge:0, 敬业雄蜂
forestry:bee_drone_ge:0, 坚定雄蜂
forestry:bee_drone_ge:0, 勇者雄蜂
forestry:bee_drone_ge:0, 英雄雄蜂
forestry:bee_drone_ge:0, 邪恶雄蜂
forestry:bee_drone_ge:0, 残忍雄蜂
forestry:bee_drone_ge:0, 恶魔雄蜂
forestry:bee_drone_ge:0, 温和雄蜂
forestry:bee_drone_ge:0, 节俭雄蜂
forestry:bee_drone_ge:0, 苦行雄蜂
forestry:bee_drone_ge:0, 热带雄蜂
forestry:bee_drone_ge:0, 异国雄蜂
forestry:bee_drone_ge:0, 伊甸雄蜂
forestry:bee_drone_ge:0, 末影雄蜂
forestry:bee_drone_ge:0, 幽灵雄蜂
forestry:bee_drone_ge:0, 幻影雄蜂
forestry:bee_drone_ge:0, 凛冬雄蜂
forestry:bee_drone_ge:0, 严寒雄蜂
forestry:bee_drone_ge:0, 冰河雄蜂
forestry:bee_drone_ge:0, 记恨雄蜂
forestry:bee_drone_ge:0, 报仇雄蜂
forestry:bee_drone_ge:0, 复仇雄蜂
forestry:bee_drone_ge:0, 田园雄蜂
forestry:bee_drone_ge:0, 稼穑雄蜂
forestry:bee_drone_ge:0, 农耕雄蜂
forestry:bee_drone_ge:0, 沼泽雄蜂
forestry:bee_drone_ge:0, 泥泞雄蜂
forestry:bee_drone_ge:0, 泥沼雄蜂
forestry:bee_drone_ge:0, 僧侣雄蜂
forestry:bee_drone_ge:0, 归隐雄蜂
forestry:bee_drone_ge:0, 遁世雄蜂
forestry:bee_princess_ge:0, 森林公主蜂
forestry:bee_princess_ge:0, 草原公主蜂
forestry:bee_princess_ge:0, 寻常公主蜂
forestry:bee_princess_ge:0, 田野公主蜂
forestry:bee_princess_ge:0, 高尚公主蜂
forestry:bee_princess_ge:0, 庄严公主蜂
forestry:bee_princess_ge:0, 帝皇公主蜂
forestry:bee_princess_ge:0, 勤奋公主蜂
forestry:bee_princess_ge:0, 不倦公主蜂
forestry:bee_princess_ge:0, 敬业公主蜂
forestry:bee_princess_ge:0, 坚定公主蜂
forestry:bee_princess_ge:0, 勇者公主蜂
forestry:bee_princess_ge:0, 英雄公主蜂
forestry:bee_princess_ge:0, 邪恶公主蜂
forestry:bee_princess_ge:0, 残忍公主蜂
forestry:bee_princess_ge:0, 恶魔公主蜂
forestry:bee_princess_ge:0, 温和公主蜂
forestry:bee_princess_ge:0, 节俭公主蜂
forestry:bee_princess_ge:0, 苦行公主蜂
forestry:bee_princess_ge:0, 热带公主蜂
forestry:bee_princess_ge:0, 异国公主蜂
forestry:bee_princess_ge:0, 伊甸公主蜂
forestry:bee_princess_ge:0, 末影公主蜂
forestry:bee_princess_ge:0, 幽灵公主蜂
forestry:bee_princess_ge:0, 幻影公主蜂
forestry:bee_princess_ge:0, 凛冬公主蜂
forestry:bee_princess_ge:0, 严寒公主蜂
forestry:bee_princess_ge:0, 冰河公主蜂
forestry:bee_princess_ge:0, 记恨公主蜂
forestry:bee_princess_ge:0, 报仇公主蜂
forestry:bee_princess_ge:0, 复仇公主蜂
forestry:bee_princess_ge:0, 田园公主蜂
forestry:bee_princess_ge:0, 稼穑公主蜂
forestry:bee_princess_ge:0, 农耕公主蜂
forestry:bee_princess_ge:0, 沼泽公主蜂
forestry:bee_princess_ge:0, 泥泞公主蜂
forestry:bee_princess_ge:0, 泥沼公主蜂
forestry:bee_princess_ge:0, 僧侣公主蜂
forestry:bee_princess_ge:0, 归隐公主蜂
forestry:bee_princess_ge:0, 遁世公主蜂
forestry:bee_larvae_ge:0, 森林幼体
forestry:bee_larvae_ge:0, 草原幼体
forestry:bee_larvae_ge:0, 寻常幼体
forestry:bee_larvae_ge:0, 田野幼体
forestry:bee_larvae_ge:0, 高尚幼体
forestry:bee_larvae_ge:0, 庄严幼体
forestry:bee_larvae_ge:0, 帝皇幼体
forestry:bee_larvae_ge:0, 勤奋幼体
forestry:bee_larvae_ge:0, 不倦幼体
forestry:bee_larvae_ge:0, 敬业幼体
forestry:bee_larvae_ge:0, 坚定幼体
forestry:bee_larvae_ge:0, 勇者幼体
forestry:bee_larvae_ge:0, 英雄幼体
forestry:bee_larvae_ge:0, 邪恶幼体
forestry:bee_larvae_ge:0, 残忍幼体
forestry:bee_larvae_ge:0, 恶魔幼体
forestry:bee_larvae_ge:0, 温和幼体
forestry:bee_larvae_ge:0, 节俭幼体
forestry:bee_larvae_ge:0, 苦行幼体
forestry:bee_larvae_ge:0, 热带幼体
forestry:bee_larvae_ge:0, 异国幼体
forestry:bee_larvae_ge:0, 伊甸幼体
forestry:bee_larvae_ge:0, 末影幼体
forestry:bee_larvae_ge:0, 幽灵幼体
forestry:bee_larvae_ge:0, 幻影幼体
forestry:bee_larvae_ge:0, 凛冬幼体
forestry:bee_larvae_ge:0, 严寒幼体
forestry:bee_larvae_ge:0, 冰河幼体
forestry:bee_larvae_ge:0, 记恨幼体
forestry:bee_larvae_ge:0, 报仇幼体
forestry:bee_larvae_ge:0, 复仇幼体
forestry:bee_larvae_ge:0, 田园幼体
forestry:bee_larvae_ge:0, 稼穑幼体
forestry:bee_larvae_ge:0, 农耕幼体
forestry:bee_larvae_ge:0, 沼泽幼体
forestry:bee_larvae_ge:0, 泥泞幼体
forestry:bee_larvae_ge:0, 泥沼幼体
forestry:bee_larvae_ge:0, 僧侣幼体
forestry:bee_larvae_ge:0, 归隐幼体
forestry:bee_larvae_ge:0, 遁世幼体
forestry:habitat_locator, 栖息地定位仪
forestry:imprinter, 染色体变换仪
forestry:cart.beehouse:0, 蜂房车
forestry:cart.beehouse:1, 蜂箱车
forestry:frame_untreated, 未处理框架
forestry:frame_impregnated, 浸渍框架
forestry:frame_proven, 标定框架
forestry:honey_drop:0, 蜂蜜滴
forestry:pollen:0, 花粉
forestry:pollen:1, 水晶花粉
forestry:propolis:0, 蜂胶
forestry:propolis:1, 粘性蜂胶
forestry:propolis:3, 丝滑蜂胶
forestry:honeydew, 蜂蜜汁
forestry:royal_jelly, 蜂王浆
forestry:wax_cast, 打蜡工具
forestry:bee_combs:0, 蜜蜂蜂窝
forestry:bee_combs:2, 激化蜂窝
forestry:bee_combs:3, 纤维蜂窝
forestry:bee_combs:4, 冻结蜂窝
forestry:bee_combs:5, 滴水蜂窝
forestry:bee_combs:6, 丝滑蜂窝
forestry:bee_combs:7, 炎热蜂窝
forestry:bee_combs:15, 苔藓蜂窝
forestry:bee_combs:16, 醇厚蜂窝
forestry:apiarist_helmet, 养蜂员帽子
forestry:apiarist_chest, 养蜂员衬衣
forestry:apiarist_legs, 养蜂员裤子
forestry:apiarist_boots, 养蜂员靴子
forestry:scoop, 捕虫网
forestry:smoker, 驱蜂烟雾
forestry:apiary:0, 蜂箱
forestry:bee_house:0, 简易蜂房
forestry:bee_chest:0, 养蜂人箱子
forestry:beehives:0, 森林蜂巢
forestry:beehives:1, 草地蜂巢
forestry:beehives:2, 温和蜂巢
forestry:beehives:3, 热带蜂巢
forestry:beehives:4, 末影蜂巢
forestry:beehives:5, 凛冬蜂巢
forestry:beehives:6, 沼泽蜂巢
forestry:candle:0, 熄灭的蜡烛
forestry:stump:0, 蜡烛
forestry:bee_combs_0:0, 蜜蜂蜂窝块
forestry:bee_combs_0:2, 激化蜂窝块
forestry:bee_combs_0:3, 纤维蜂窝块
forestry:bee_combs_0:4, 冻结蜂窝块
forestry:bee_combs_0:5, 滴水蜂窝块
forestry:bee_combs_0:6, 丝滑蜂窝块
forestry:bee_combs_0:7, 炎热蜂窝块
forestry:bee_combs_0:15, 苔藓蜂窝块
forestry:bee_combs_1:0, 醇厚蜂窝块
forestry:alveary.plain:0, 蜂箱组
forestry:alveary.swarmer:0, 蜂箱组克隆盒
forestry:alveary.fan:0, 蜂箱组风扇
forestry:alveary.heater:0, 蜂箱组加热器
forestry:alveary.hygro:0, 蜂箱组保湿器
forestry:alveary.stabiliser:0, 蜂箱组稳定器
forestry:alveary.sieve:0, 蜂箱组滤网
forestry:book_forester, 林务员手册
forestry:apiarist_bag, 养蜂员背包
forestry:lepidopterist_bag, 鳞翅目昆虫学家背包
forestry:miner_bag, 采矿者背包
forestry:miner_bag_t2, 采矿者编织背包
forestry:digger_bag, 挖掘者背包
forestry:digger_bag_t2, 挖掘者编织背包
forestry:forester_bag, 林业员背包
forestry:forester_bag_t2, 林业员编织背包
forestry:hunter_bag, 狩猎者背包
forestry:hunter_bag_t2, 狩猎者编织背包
forestry:adventurer_bag, 冒险家背包
forestry:adventurer_bag_t2, 冒险家编织背包
forestry:builder_bag, 建筑师背包
forestry:builder_bag_t2, 建筑师编织背包
forestry:greenhouse:0, Greenhouse Block
forestry:greenhouse:3, 温室能量分配器
forestry:greenhouse:4, 温室控制器
forestry:greenhouse:5, 温室屏幕
forestry:climatiser:0, 温室湿度控制器
forestry:climatiser:1, 温室加热器
forestry:climatiser:2, 温室风扇
forestry:climatiser:3, 温室加湿器
forestry:climatiser:4, 温室除湿器
forestry:greenhouse.window:0, 温室窗户
forestry:greenhouse.window_up:0, 温室天窗
forestry:fluid.bio.ethanol, 乙醇
forestry:fluid.biomass, 生物质
forestry:fluid.glass, 液态玻璃
forestry:fluid.for.honey, 蜂蜜
forestry:fluid.ice, 碎冰
forestry:fluid.juice, 果汁
forestry:fluid.milk, 牛奶
forestry:fluid.seed.oil, 种子油
forestry:fluid.short.mead, 蜂蜜酒
forestry:can, item.for.can.name
forestry:capsule, item.for.capsule.name
forestry:refractory, item.for.refractory.name
forestry:database:0, 数据库
forestry:genetic_filter:0, 基因过滤器
forestry:engine_electrical:0, 电动引擎
forestry:engine_generator:0, 生物质发电机
advanced_solar_panels:advancedsolarhelmet, advanced_solar_panels.solar_helmets.advanced.name
advanced_solar_panels:hybridsolarhelmet, advanced_solar_panels.solar_helmets.hybrid.name
advanced_solar_panels:ultimatesolarhelmet, advanced_solar_panels.solar_helmets.ultimate.name
advanced_solar_panels:crafting:0, 阳光化合物
advanced_solar_panels:crafting:1, 小块阳光化合物
advanced_solar_panels:crafting:2, 富集阳光合金
advanced_solar_panels:crafting:3, 光辉铀锭
advanced_solar_panels:crafting:4, 富集阳光化合物
advanced_solar_panels:crafting:5, 富集阳光合金
advanced_solar_panels:crafting:6, 光辉玻璃板
advanced_solar_panels:crafting:7, 铱铁合金板
advanced_solar_panels:crafting:8, 强化铱铁合金板
advanced_solar_panels:crafting:9, 光辉铱铁合金板
advanced_solar_panels:crafting:10, 铱锭
advanced_solar_panels:crafting:11, 铀锭
advanced_solar_panels:crafting:12, 分子重组核心
advanced_solar_panels:crafting:13, 量子核心
advanced_solar_panels:double_stone_slab, 石台阶
ae2stuff:encoder, 样板编码台
ae2stuff:grower, 晶体催生仓
ae2stuff:inscriber, 高级压印器
ae2stuff:wireless, 无线接入器
ae2stuff:wireless_kit, 无线设置工具
ae2stuff:visualiser, 网络可视化工具
avaritia:resource:0, 钻石晶格
avaritia:resource:1, 水晶矩阵锭
avaritia:resource:2, 中子素尘埃
avaritia:resource:3, 中子素粒
avaritia:resource:4, 中子素锭
avaritia:resource:5, 无尽催化剂
avaritia:resource:6, 无尽之锭
avaritia:resource:7, 唱片碎片
avaritia:singularity:0, 奇点-铁
avaritia:singularity:1, 奇点-金
avaritia:singularity:2, 奇点-青金石
avaritia:singularity:3, 奇点-红石
avaritia:singularity:4, 奇点-下界石英
avaritia:singularity:5, 奇点-铜
avaritia:singularity:6, 奇点-锡
avaritia:singularity:7, 奇点-铅
avaritia:singularity:8, 奇点-银
avaritia:singularity:9, 奇点-镍
avaritia:singularity:10, 奇点-钻石
avaritia:singularity:11, 奇点-绿宝石
avaritia:singularity:12, 奇点-红石琥珀金
avaritia:singularity:13, 奇点-铂
avaritia:singularity:14, 奇点-铱
avaritia:infinity_sword, 寰宇支配之剑
avaritia:infinity_bow, 天堂陨落长弓
avaritia:infinity_pickaxe, 世界崩解之镐
avaritia:infinity_shovel, 星球吞噬之锹
avaritia:infinity_axe, 自然荒芜之斧
avaritia:infinity_hoe, 地蕴复生之锄
avaritia:infinity_helmet, 无尽头盔
avaritia:infinity_chestplate, 无尽胸甲
avaritia:infinity_pants, 无尽护腿
avaritia:infinity_boots, 无尽靴子
avaritia:skullfire_sword, 炽焰之啄颅剑
avaritia:endest_pearl, 终望珍珠
avaritia:ultimate_stew, 超级煲
avaritia:cosmic_meatballs, 寰宇肉丸
avaritia:matter_cluster, 物质团
avaritia:compressed_crafting_table, 压缩工作台
avaritia:double_compressed_crafting_table, 二重压缩工作台
avaritia:extreme_crafting_table, 终极工作台
avaritia:block_resource:0, 中子素块
avaritia:block_resource:1, 无尽块
avaritia:block_resource:2, 水晶矩阵
avaritia:neutron_collector, 中子素收集器
avaritia:neutronium_compressor, 中子素压缩机
hammercore:iron_bordered_cobblestone, 铁边框圆石
hammercore:gold_bordered_cobblestone, 金边框圆石
hammercore:diamond_bordered_cobblestone, 钻石边框圆石
hammercore:emerald_bordered_cobblestone, 绿宝石边框圆石
hammercore:quartz_bordered_cobblestone, 石英边框圆石
hammercore:manual, 锤子核心手册
botanicadds:mana_tesseract, 魔力超立方体
botanicadds:terra_catalyst, 泰拉催化器
botanicadds:dreamrock, 梦之石
botanicadds:mana_lapis_block, 魔力青金石块
botanicadds:elven_lapis_block, 精灵青金石块
botanicadds:elvenwood_log, 精灵木
botanicadds:elven_altar, 精灵祭坛
botanicadds:pool_dreaming, 梦之魔力池
botanicadds:gaia_plate, 盖亚凝聚板
botanicadds:gaiasteel_block, 盖亚钢块
botanicadds:rune_tp, 传送符文
botanicadds:rune_energy, 能量符文
botanicadds:mana_lapis, 魔力青金石
botanicadds:elven_lapis, 精灵青金石
botanicadds:gaia_shard, 盖亚碎片
botanicadds:gaiasteel_ingot, 盖亚钢锭
botanicadds:terra_protector, 盖亚祝福
botanicadds:ring_aura_gaia, 盖亚光环之戒
botanicadds:mana_stealer_sword, 窃魔之刃
sonarcore:reinforcedstoneblock, 强化石头
sonarcore:reinforcedstonestairs, 强化石楼梯
sonarcore:reinforcedstonefence, 强化石栅栏
sonarcore:reinforcedstonegate, 强化石栅栏门
sonarcore:reinforcedstonebrick, 强化石砖
sonarcore:reinforcedstonebrickstairs, 强化石砖楼梯
sonarcore:reinforcedstonebrickfence, 强化石砖栅栏
sonarcore:reinforcedstonebrickgate, 强化石砖栅栏门
sonarcore:reinforceddirtblock, 强化泥土
sonarcore:reinforceddirtstairs, 强化土楼梯
sonarcore:reinforceddirtfence, 强化土栅栏
sonarcore:reinforceddirtgate, 强化土栅栏门
sonarcore:reinforceddirtbrick, 强化土砖
sonarcore:reinforceddirtbrickstairs, 强化土砖楼梯
sonarcore:reinforceddirtbrickfence, 强化土砖栅栏
sonarcore:reinforceddirtbrickgate, 强化土砖栅栏门
sonarcore:stablestone_normal, 稳定石头
sonarcore:stablestonerimmed_normal, 灰色镶边稳定石块
sonarcore:stablestoneblackrimmed_normal, 灰色镶边深色稳定石块
sonarcore:stablestone_black, 黑色稳定石块
sonarcore:stablestonerimmed_black, 黑色镶边稳定石块
sonarcore:stablestoneblackrimmed_black, 黑色镶边深色稳定石块
sonarcore:stablestone_blue, 蓝色稳定石块
sonarcore:stablestonerimmed_blue, 蓝色镶边稳定石块
sonarcore:stablestoneblackrimmed_blue, 蓝色镶边深色稳定石块
sonarcore:stablestone_brown, 棕色稳定石块
sonarcore:stablestonerimmed_brown, 棕色镶边稳定石块
sonarcore:stablestoneblackrimmed_brown, 棕色镶边深色稳定石块
sonarcore:stablestone_cyan, 青色稳定石块
sonarcore:stablestonerimmed_cyan, 青色镶边稳定石块
sonarcore:stablestoneblackrimmed_cyan, 青色镶边深色稳定石块
sonarcore:stablestone_green, 绿色稳定石块
sonarcore:stablestonerimmed_green, 绿色镶边稳定石块
sonarcore:stablestoneblackrimmed_green, 绿色镶边深色稳定石块
sonarcore:stablestone_lightblue, 淡蓝色稳定石块
sonarcore:stablestonerimmed_lightblue, 淡蓝色镶边稳定石块
sonarcore:stablestoneblackrimmed_lightblue, 淡蓝色镶边深色稳定石块
sonarcore:stablestone_lightgrey, 淡灰色稳定石块
sonarcore:stablestonerimmed_lightgrey, 淡灰色镶边稳定石块
sonarcore:stablestoneblackrimmed_lightgrey, 淡灰色镶边深色稳定石块
sonarcore:stablestone_lime, 黄绿色稳定石块
sonarcore:stablestonerimmed_lime, 黄绿色镶边稳定石块
sonarcore:stablestoneblackrimmed_lime, 黄绿色镶边深色稳定石块
sonarcore:stablestone_magenta, 品红色稳定石块
sonarcore:stablestonerimmed_magenta, 品红色镶边稳定石块
sonarcore:stablestoneblackrimmed_magenta, 品红色镶边深色稳定石块
sonarcore:stablestone_orange, 橙色稳定石块
sonarcore:stablestonerimmed_orange, 橙色镶边稳定石块
sonarcore:stablestoneblackrimmed_orange, 橙色镶边深色稳定石块
sonarcore:stablestone_pink, 粉红色稳定石块
sonarcore:stablestonerimmed_pink, 粉红色镶边稳定石块
sonarcore:stablestoneblackrimmed_pink, 粉红色镶边深色稳定石块
sonarcore:stablestone_plain, 平滑稳定石块
sonarcore:stablestonerimmed_plain, 平滑镶边稳定石块
sonarcore:stablestoneblackrimmed_plain, 平滑镶边深色稳定石块
sonarcore:stablestone_purple, 紫色稳定石块
sonarcore:stablestonerimmed_purple, 紫色镶边稳定石块
sonarcore:stablestoneblackrimmed_purple, 紫色镶边深色稳定石块
sonarcore:stablestone_red, 红色稳定石块
sonarcore:stablestonerimmed_red, 红色镶边稳定石块
sonarcore:stablestoneblackrimmed_red, 红色镶边深色稳定石块
sonarcore:stablestone_yellow, 黄色稳定石块
sonarcore:stablestonerimmed_yellow, 黄色镶边稳定石块
sonarcore:stablestoneblackrimmed_yellow, 黄色镶边深色稳定石块
sonarcore:stableglass, 稳定玻璃
sonarcore:clearstableglass, 透明稳定玻璃
calculator:flawlessglass, 无瑕玻璃
calculator:purifiedobsidian, 纯净黑曜石
calculator:powercube, 充能立方
calculator:advancedpowercube, 高级充能立方
calculator:creativepowercube, 创造模式充能立方
calculator:atomiccalculator, 原子计算器
calculator:dynamiccalculator, 动态计算器
calculator:moduleworkstation, 模块工作站
calculator:reinforcedfurnace, 强化熔炉
calculator:reinforcedchest, 强化箱子
calculator:stoneseparator, 基础分离器
calculator:algorithmseparator, 运算分离器
calculator:hungerprocessor, 饥饿处理器
calculator:healthprocessor, 生命处理器
calculator:amethystpiping, 紫水晶管道
calculator:tanzanitepiping, 坦桑管道
calculator:dockingstation, 扩展坞
calculator:atomicmultiplier, 原子增幅仪
calculator:extractionchamber, 提取室
calculator:restorationchamber, 修复室
calculator:reassemblychamber, 重组室
calculator:precisionchamber, 精准提取室
calculator:processingchamber, 运算室
calculator:analysingchamber, 分析室
calculator:storagechamber, 储存室
calculator:fabricationchamber, 制造室
calculator:basicgreenhouse, 基础温室
calculator:advancedgreenhouse, 高级温室
calculator:flawlessgreenhouse, 完美温室
calculator:co2generator, CO2生成器
calculator:calculatorlocator, 运算器核心
calculator:calculatorplug, 运算元件
calculator:conductormast, 特斯拉电磁塔
calculator:conductormastblock, 特斯拉电磁塔
calculator:weatherstation, 气象雷达
calculator:weatherstationblock, 气象雷达
calculator:transmitter, 发送器
calculator:transmitterblock, 发送器
calculator:starchextractor, 有机能量提取机
calculator:redstoneextractor, 红石能量提取机
calculator:glowstoneextractor, 荧石能量提取机
calculator:handcrankedgenerator, 手摇发电机
calculator:crankhandle, 曲柄
calculator:magneticflux, 磁流节点
calculator:weathercontroller, 气象调控中心
calculator:rainsensor, 雨水传感器
calculator:stoneassimilator, 基础采集器
calculator:algorithmassimilator, 运算采集器
calculator:gaslanternoff, 燃气灯
calculator:gaslanternon, 燃气灯
calculator:lantern, 灯笼
calculator:scarecrow, 稻草人
calculator:scarecrowblock, 稻草人
calculator:amethystlog, 紫晶木
calculator:amethystplanks, 紫晶木板
calculator:amethyststairs, 紫晶木楼梯
calculator:amethystfence, 紫晶木栅栏
calculator:amethystleaves, 紫晶树叶
calculator:amethystsapling, 紫晶树苗
calculator:tanzanitelog, 坦桑木
calculator:tanzaniteplanks, 坦桑木板
calculator:tanzanitestairs, 坦桑木楼梯
calculator:tanzanitefence, 坦桑木栅栏
calculator:tanzaniteleaves, 坦桑树叶
calculator:tanzanitesapling, 坦桑树苗
calculator:pearlog, 梨木
calculator:pearplanks, 梨树木板
calculator:pearstairs, 梨木楼梯
calculator:pearfence, 梨木栅栏
calculator:pearleaves, 梨树叶
calculator:pearsapling, 梨树树苗
calculator:diamondlog, 钻石木
calculator:diamondplanks, 钻石木板
calculator:diamondstairs, 钻石木楼梯
calculator:diamondfence, 钻石木栅栏
calculator:diamondleaves, 钻石树叶
calculator:diamondsapling, 钻石树苗
calculator:calculatorscreenblock, tile.CalculatorScreenBlock.name
calculator:material:0, 紫水晶块
calculator:material:1, 坦桑石块
calculator:material:2, 富集金块
calculator:material:3, 强化铁块
calculator:material:4, 弱化钻石块
calculator:material:5, 无瑕钻石块
calculator:material:6, 火钻块
calculator:material:7, 充能钻石块
calculator:material:8, 末地钻石块
calculator:material:9, 强化红石块
calculator:cropbroccoli, 西兰花植株
calculator:cropprunae, 精华煤植株
calculator:cropfiddledew, 琴露植株
calculator:infocalculator, 信息运算器
calculator:calculator, 计算器
calculator:craftingcalculator, 合成计算器
calculator:scientificcalculator, 科学计算器
calculator:flawlesscalculator, 完美计算器
calculator:storagemodule, 储存模块
calculator:warpmodule, 定点传送模块
calculator:jumpmodule, 指向传送模块
calculator:hungermodule, 饥饿模块
calculator:healthmodule, 生命模块
calculator:nutritionmodule, 营养模块
calculator:terrainmodule, 基础地形模块
calculator:advancedterrainmodule, 高级地形模块
calculator:energymodule, 能量模块
calculator:locatormodule, 运算核心模块
calculator:soil, 土壤
calculator:smallstone, 小石子
calculator:speedupgrade, §e速度升级
calculator:energyupgrade, §e能量升级
calculator:voidupgrade, 虚空升级
calculator:transferupgrade, 传输升级
calculator:calculatorscreen, 计算器显示屏
calculator:calculatorassembly, 基础组件
calculator:advancedassembly, 高级组件
calculator:atomicmodule, 原子模块
calculator:atomicassembly, 原子组件
calculator:flawlessassembly, 无瑕组件
calculator:atomicbinder, 原子粘合剂
calculator:wrench, 扳手
calculator:sickle, 镰刀
calculator:obsidiankey, 黑曜石钥匙
calculator:reinforcedsword, 强化剑
calculator:enrichedgoldsword, 强化金剑
calculator:reinforcedironsword, 强化铁剑
calculator:redstonesword, 红石剑
calculator:weakeneddiamondsword, 弱化钻石剑
calculator:flawlessdiamondsword, 无瑕钻石剑
calculator:firediamondsword, 火钻剑
calculator:electricsword, 充能剑
calculator:endforgedsword, 末地剑
calculator:reinforcedpickaxe, 强化镐
calculator:enrichedgoldpickaxe, 强化金镐
calculator:reinforcedironpickaxe, 强化铁镐
calculator:redstonepickaxe, 红石镐
calculator:weakeneddiamondpickaxe, 弱化钻石镐
calculator:flawlessdiamondpickaxe, 无瑕钻石镐
calculator:firediamondpickaxe, 火钻镐
calculator:electricpickaxe, 充能镐
calculator:endforgedpickaxe, 末地镐
calculator:reinforcedaxe, 强化斧
calculator:enrichedgoldaxe, 强化金斧
calculator:reinforcedironaxe, 强化铁斧
calculator:redstoneaxe, 红石斧
calculator:weakeneddiamondaxe, 弱化钻石斧
calculator:flawlessdiamondaxe, 无瑕钻石斧
calculator:firediamondaxe, 火钻斧
calculator:electricaxe, 充能斧
calculator:endforgedaxe, 末地斧
calculator:reinforcedshovel, 强化锹
calculator:enrichedgoldshovel, 强化金锹
calculator:reinforcedironshovel, 强化铁锹
calculator:redstoneshovel, 红石锹
calculator:weakeneddiamondshovel, 弱化钻石锹
calculator:flawlessdiamondshovel, 无瑕钻石锹
calculator:firediamondshovel, 火钻锹
calculator:electricshovel, 充能锹
calculator:endforgedshovel, 末地锹
calculator:reinforcedhoe, 强化锄
calculator:enrichedgoldhoe, 强化金锄
calculator:reinforcedironhoe, 强化铁锄
calculator:redstonehoe, 红石锄
calculator:weakeneddiamondhoe, 弱化钻石锄
calculator:flawlessdiamondhoe, 无瑕钻石锄
calculator:firediamondhoe, 火钻锄
calculator:electrichoe, 充能锄
calculator:endforgedhoe, 末地锄
calculator:enrichedgold, 富集金
calculator:enrichedgoldingot, 富集金锭
calculator:reinforcedironingot, 强化铁锭
calculator:redstoneingot, 红石锭
calculator:weakeneddiamond, 弱化钻石
calculator:flawlessdiamond, 无瑕钻石
calculator:firediamond, 火钻
calculator:electricdiamond, 充能钻石
calculator:enddiamond, 末地钻石
calculator:largeamethyst, 大型紫水晶
calculator:smallamethyst, 紫水晶
calculator:shardamethyst, 紫水晶碎片
calculator:largetanzanite, 大型坦桑石
calculator:smalltanzanite, 坦桑石
calculator:shardtanzanite, 坦桑石碎片
calculator:broccoliseeds, 西兰花种子
calculator:prunaeseeds, 精华煤种子
calculator:fiddledewfruit, 琴露果
calculator:broccoli, 西兰花
calculator:pear, 梨
calculator:rottenpear, 腐烂的梨
calculator:cookedbroccoli, 熟西兰花
calculator:coaldust, 煤粉
calculator:enrichedcoal, 富集煤
calculator:purifiedcoal, 净化煤
calculator:firecoal, 燃煤
calculator:controlledfuel, 可控燃料
calculator:grenadecasing, 手榴弹壳
calculator:babygrenade, 小型手榴弹
calculator:grenade, 手榴弹
calculator:circuitboard:0, 电路板 1
calculator:circuitboard:1, 电路板 2
calculator:circuitboard:2, 电路板 3
calculator:circuitboard:3, 电路板 4
calculator:circuitboard:4, 电路板 5
calculator:circuitboard:5, 电路板 6
calculator:circuitboard:6, 电路板 7
calculator:circuitboard:7, 电路板 8
calculator:circuitboard:8, 电路板 9
calculator:circuitboard:9, 电路板 10
calculator:circuitboard:10, 电路板 11
calculator:circuitboard:11, 电路板 12
calculator:circuitboard:12, 电路板 13
calculator:circuitboard:13, 电路板 14
calculator:circuitdamaged:0, 损坏的电路板 1
calculator:circuitdamaged:1, 损坏的电路板 2
calculator:circuitdamaged:2, 损坏的电路板 3
calculator:circuitdamaged:3, 损坏的电路板 4
calculator:circuitdamaged:4, 损坏的电路板 5
calculator:circuitdamaged:5, 损坏的电路板 6
calculator:circuitdamaged:6, 损坏的电路板 7
calculator:circuitdamaged:7, 损坏的电路板 8
calculator:circuitdamaged:8, 损坏的电路板 9
calculator:circuitdamaged:9, 损坏的电路板 10
calculator:circuitdamaged:10, 损坏的电路板 11
calculator:circuitdamaged:11, 损坏的电路板 12
calculator:circuitdamaged:12, 损坏的电路板 13
calculator:circuitdamaged:13, 损坏的电路板 14
calculator:circuitdirty:0, 污秽的电路板 1
calculator:circuitdirty:1, 污秽的电路板 2
calculator:circuitdirty:2, 污秽的电路板 3
calculator:circuitdirty:3, 污秽的电路板 4
calculator:circuitdirty:4, 污秽的电路板 5
calculator:circuitdirty:5, 污秽的电路板 6
calculator:circuitdirty:6, 污秽的电路板 7
calculator:circuitdirty:7, 污秽的电路板 8
calculator:circuitdirty:8, 污秽的电路板 9
calculator:circuitdirty:9, 污秽的电路板 10
calculator:circuitdirty:10, 污秽的电路板 11
calculator:circuitdirty:11, 污秽的电路板 12
calculator:circuitdirty:12, 污秽的电路板 13
calculator:circuitdirty:13, 污秽的电路板 14
draconicevolution:draconium_ore:0, 龙矿石
draconicevolution:draconium_ore:1, 地狱龙矿石
draconicevolution:draconium_ore:2, 末地龙矿石
draconicevolution:draconium_block:0, 龙块
draconicevolution:draconium_block:1, 充能龙块
draconicevolution:draconic_block, 觉醒龙块
draconicevolution:infused_obsidian, 注入龙力的黑曜石
draconicevolution:portal, 传送门
draconicevolution:item_dislocation_inhibitor, 物品磁铁消磁器
draconicevolution:generator, 发电机
draconicevolution:grinder, 怪物磨床
draconicevolution:particle_generator:0, 粒子生成器
draconicevolution:particle_generator:2, 能量核心稳定器
draconicevolution:energy_infuser, 能量注入器
draconicevolution:dislocator_receptacle, 传送符咒收纳器
draconicevolution:dislocator_pedestal, 传送符咒基座
draconicevolution:rain_sensor, 雨水传感器
draconicevolution:diss_enchanter, 祛魔台
draconicevolution:potentiometer, 电位计
draconicevolution:entity_detector:0, 实体探测器
draconicevolution:entity_detector:1, 高级实体探测器
draconicevolution:energy_storage_core, 能量核心
draconicevolution:energy_pylon, 能量塔
draconicevolution:invis_e_core_block, tile.draconicevolution:invis_e_core_block.name
draconicevolution:fusion_crafting_core, 聚合核心
draconicevolution:crafting_injector:0, 基础注入合成装置
draconicevolution:crafting_injector:1, 飞龙注入合成装置
draconicevolution:crafting_injector:2, 神龙注入合成装置
draconicevolution:crafting_injector:3, 混沌注入合成装置
draconicevolution:celestial_manipulator, 苍穹变换器
draconicevolution:energy_crystal:0, 基础能量中继水晶
draconicevolution:energy_crystal:1, 飞龙能量中继水晶
draconicevolution:energy_crystal:2, 神龙能量中继水晶
draconicevolution:energy_crystal:3, 基础能量端口水晶
draconicevolution:energy_crystal:4, 飞龙能量端口水晶
draconicevolution:energy_crystal:5, 神龙能量端口水晶
draconicevolution:energy_crystal:6, 基础无线能量水晶
draconicevolution:energy_crystal:7, 飞龙无线能量水晶
draconicevolution:energy_crystal:8, 神龙无线能量水晶
draconicevolution:flow_gate:0, 能量阀门
draconicevolution:flow_gate:8, 流体阀门
draconicevolution:reactor_core, 反应堆核心
draconicevolution:reactor_part:0, 反应堆稳定器框架
draconicevolution:reactor_part:1, 反应堆稳定器内转子
draconicevolution:reactor_part:2, 反应堆稳定器外转子
draconicevolution:reactor_part:3, 反应堆稳定器转子总成
draconicevolution:reactor_part:4, 反应堆稳定器聚焦环
draconicevolution:reactor_component:0, 反应堆稳定器
draconicevolution:reactor_component:1, 反应堆能量注入器
draconicevolution:draconic_spawner, 稳定刷怪箱
draconicevolution:draconium_chest, 龙箱
draconicevolution:chaos_crystal, 混沌水晶
draconicevolution:chaos_shard_atmos, tile.draconicevolution:chaos_shard_atmos.name
draconicevolution:creative_rf_source, 创造 RF 能源
draconicevolution:placed_item, tile.draconicevolution:placed_item.name
draconicevolution:draconium_dust, 龙尘
draconicevolution:draconium_ingot, 龙锭
draconicevolution:draconic_ingot, 觉醒龙锭
draconicevolution:draconic_core, 龙芯
draconicevolution:wyvern_core, 双足飞龙核心
draconicevolution:awakened_core, 觉醒核心
draconicevolution:chaotic_core, 混沌核心
draconicevolution:wyvern_energy_core, 飞龙能量核心
draconicevolution:draconic_energy_core, 神龙能量核心
draconicevolution:dragon_heart, 龙之心
draconicevolution:debugger, item.draconicevolution:debugger.name
draconicevolution:nugget:0, 龙粒
draconicevolution:nugget:1, 觉醒龙粒
draconicevolution:chaos_shard:0, 混沌碎片
draconicevolution:chaos_shard:1, 大型混沌残片
draconicevolution:chaos_shard:2, 小型混沌残片
draconicevolution:chaos_shard:3, 微型混沌残片
draconicevolution:draconium_capacitor:0, 飞龙通量容器
draconicevolution:draconium_capacitor:0, 飞龙通量容器
draconicevolution:draconium_capacitor:0, 飞龙通量容器
draconicevolution:draconium_capacitor:1, 神龙通量容器
draconicevolution:draconium_capacitor:1, 神龙通量容器
draconicevolution:draconium_capacitor:1, 神龙通量容器
draconicevolution:draconium_capacitor:2, 创造通量容器
draconicevolution:wyvern_axe, 双足飞龙斧
draconicevolution:wyvern_bow, 双足飞龙弓
draconicevolution:wyvern_pick, 双足飞龙镐
draconicevolution:wyvern_shovel, 双足飞龙锹
draconicevolution:wyvern_sword, 双足飞龙剑
draconicevolution:draconic_axe, 神龙斧
draconicevolution:draconic_bow, 神龙弓
draconicevolution:draconic_hoe, 神龙锄
draconicevolution:draconic_pick, 神龙镐
draconicevolution:draconic_shovel, 神龙锹
draconicevolution:draconic_staff_of_power, 神龙之力权杖
draconicevolution:draconic_sword, 神龙剑
draconicevolution:tool_upgrade:0, 升级核心（RF 容量）
draconicevolution:tool_upgrade:1, 升级核心（挖掘速度）
draconicevolution:tool_upgrade:2, 升级核心（范围挖掘）
draconicevolution:tool_upgrade:3, 升级核心（攻击伤害）
draconicevolution:tool_upgrade:4, 升级核心（范围攻击）
draconicevolution:tool_upgrade:5, 升级核心（箭矢伤害）
draconicevolution:tool_upgrade:6, 升级核心（拉弓速度）
draconicevolution:tool_upgrade:7, 升级核心（箭矢速度）
draconicevolution:tool_upgrade:8, 升级核心（护盾充能）
draconicevolution:tool_upgrade:9, 升级核心（护盾恢复）
draconicevolution:tool_upgrade:10, 升级核心（移动速度）
draconicevolution:tool_upgrade:11, 升级核心（跳跃提升）
draconicevolution:dislocator, 传送符咒
draconicevolution:dislocator_advanced, 高级传送符咒
draconicevolution:dislocator_bound:1, 绑定传送符咒（点对点）
draconicevolution:dislocator_bound:2, 绑定传送符咒（玩家）
draconicevolution:magnet:0, 物品传送符咒
draconicevolution:magnet:1, 觉醒物品传送符咒
draconicevolution:crystal_binder, 水晶绑定扳手
draconicevolution:wyvern_helm, 双足飞龙头盔
draconicevolution:wyvern_chest, 双足飞龙胸甲
draconicevolution:wyvern_legs, 双足飞龙护腿
draconicevolution:wyvern_boots, 双足飞龙靴
draconicevolution:draconic_helm, 神龙头盔
draconicevolution:draconic_chest, 神龙胸甲
draconicevolution:draconic_legs, 神龙护腿
draconicevolution:draconic_boots, 神龙靴
draconicevolution:info_tablet, 龙之进化信息板
draconicevolution:mob_soul, 生物灵魂
draconicevolution:creative_exchanger, 创造方块转换器
draconicevolution:ender_energy_manipulator, 末影操纵者
draconicadditions:inert_potato_helm, 惰性马铃薯头盔
draconicadditions:inert_potato_chest, 惰性马铃薯胸甲
draconicadditions:inert_potato_legs, 惰性马铃薯护腿
draconicadditions:inert_potato_boots, 惰性马铃薯靴子
draconicadditions:chaos_heart, 腐化龙之心
draconicadditions:chaotic_energy_core, 混沌龙能量核心
draconicadditions:hermal, 注入龙力的马铃薯
draconicadditions:chaos_stabilizer_core, 混沌稳定核心
draconicadditions:armor_generator, 装甲发电机
draconicadditions:chaotic_armor_generator, 混沌装甲发电机
draconicadditions:item_drainer, 物品能量抽取机
draconicadditions:chaos_liquefier, 混沌液化机
draconicadditions:capacitor_supplier, 充能供能台
draconicadditions:chaotic_staff_of_power, 混沌龙之力权杖
draconicadditions:chaotic_bow, 混沌龙弓
draconicadditions:chaos_container, 混沌容器
draconicadditions:portable_wired_charger:0, 基础携带式无线充能器
draconicadditions:portable_wired_charger:1, 飞龙携带式无线充能器
draconicadditions:portable_wired_charger:2, 神龙携带式无线充能器
draconicadditions:portable_wired_charger:3, 混沌携带式无线充能器
draconicadditions:portable_wired_discharger:0, 基础携带式无线放电器
draconicadditions:portable_wired_discharger:1, 飞龙携带式无线放电器
draconicadditions:portable_wired_discharger:2, 神龙携带式无线放电器
draconicadditions:portable_wired_discharger:3, 混沌携带式无线放电器
draconicadditions:infused_potato_helm, 充能马铃薯头盔
draconicadditions:infused_potato_chest, 充能马铃薯胸甲
draconicadditions:infused_potato_legs, 充能马铃薯护腿
draconicadditions:infused_potato_boots, 充能马铃薯靴子
draconicadditions:potato_helm, 活力马铃薯头盔
draconicadditions:potato_chest, 活力马铃薯胸甲
draconicadditions:potato_legs, 活力马铃薯护腿
draconicadditions:potato_boots, 活力马铃薯靴子
draconicadditions:hermal_helm, 注入龙力的马铃薯头盔
draconicadditions:hermal_chest, 注入龙力的马铃薯胸甲
draconicadditions:hermal_legs, 注入龙力的马铃薯护腿
draconicadditions:hermal_boots, 注入龙力的马铃薯靴子
draconicadditions:chaotic_helm, 混沌龙头盔
draconicadditions:chaotic_chest, 混沌龙胸甲
draconicadditions:chaotic_legs, 混沌龙护腿
draconicadditions:chaotic_boots, 混沌龙靴子
draconicadditions:basic_shield_necklace, 基础屏蔽项链
draconicadditions:wyvern_shield_necklace, 飞龙屏蔽项链
draconicadditions:draconic_shield_necklace, 神龙屏蔽项链
draconicadditions:overload_belt, 神龙重载腰带
draconicadditions:vampiric_shirt, 神龙虹吸背心
draconicadditions:inertia_cancel_ring, 惯性抵消指环
draconicadditions:chaos_crystal_stable, 半稳定混沌晶体
opencomputers:adapter:0, 适配器
opencomputers:assembler:0, 电子装配机
opencomputers:cable:0, 线缆
opencomputers:capacitor:0, 电容器
opencomputers:case1:0, T1机箱
opencomputers:case3:0, T3机箱
opencomputers:case2:0, T2机箱
opencomputers:chameliumblock:0, 变色材料块
opencomputers:charger:0, 充电机
opencomputers:disassembler:0, 分解机
opencomputers:diskdrive:0, 软盘驱动器
opencomputers:geolyzer:0, 地质分析仪
opencomputers:hologram1:0, T1全息投影仪
opencomputers:hologram2:0, T2全息投影仪
opencomputers:keyboard:0, 键盘
opencomputers:motionsensor:0, 运动传感器
opencomputers:powerconverter:0, 能量转换器
opencomputers:powerdistributor:0, 能量分配器
opencomputers:printer:0, 3D打印机
opencomputers:raid:0, 硬盘阵列柜
opencomputers:redstone:0, 红石I/O端口
opencomputers:relay:0, 中继器
opencomputers:screen1:0, T1显示屏
opencomputers:screen3:0, T3显示屏
opencomputers:screen2:0, T2显示屏
opencomputers:rack:0, 机架
opencomputers:waypoint:0, 路径点
opencomputers:casecreative:0, 创造模式机箱
opencomputers:microcontroller:0, 微控制器
opencomputers:print:0, 3D打印件
opencomputers:robotafterimage:0, 机器人
opencomputers:robot:0, robot.name
opencomputers:endstone:0, 人工末地石
opencomputers:netsplitter:0, 网络分断器
opencomputers:transposer:0, 转运器
opencomputers:carpetedcapacitor:0, 地毯式电容器
opencomputers:material:1, 腐蚀液
opencomputers:material:10, 算术逻辑单元(ALU)
opencomputers:material:15, 方向键
opencomputers:material:14, 按钮组
opencomputers:material:5, 扩展卡基板
opencomputers:material:28, 变色材料
opencomputers:material:3, 电路板
opencomputers:material:11, 控制单元(CU)
opencomputers:material:0, 切割线
opencomputers:material:29, 钻石片
opencomputers:material:12, 盘片
opencomputers:material:23, T1无人机外壳
opencomputers:material:24, T2无人机外壳
opencomputers:material:25, 创造模式无人机外壳
opencomputers:material:27, 墨盒
opencomputers:material:26, 墨盒(空)
opencomputers:material:13, 因特网
opencomputers:material:7, T1微芯片
opencomputers:material:8, T2微芯片
opencomputers:material:9, T3微芯片
opencomputers:material:20, T1微控制器外壳
opencomputers:material:21, T2微控制器外壳
opencomputers:material:22, 创造模式微控制器外壳
opencomputers:material:16, 数字键盘
opencomputers:material:4, 印刷电路板(PCB)
opencomputers:material:2, 未加工电路板
opencomputers:material:17, T1平板电脑外壳
opencomputers:material:18, T2平板电脑外壳
opencomputers:material:19, T3平板电脑外壳
opencomputers:material:6, 晶体管
opencomputers:tool:0, 分析器
opencomputers:tool:1, 网络调试器
opencomputers:tool:4, 开放式电脑手册
opencomputers:tool:5, 纳米机器
opencomputers:tool:2, 远程终端
opencomputers:tool:3, 纹理获取器
opencomputers:wrench, 螺丝刀扳手
opencomputers:hoverboots, 悬浮靴子
opencomputers:component:16, T1加速处理器(APU)
opencomputers:component:17, T2加速处理器(APU)
opencomputers:component:18, 创造模式加速处理器(APU)
opencomputers:component:3, T1组件总线
opencomputers:component:4, T2组件总线
opencomputers:component:5, T3组件总线
opencomputers:component:0, T1中央处理器(CPU)
opencomputers:component:1, T2中央处理器(CPU)
opencomputers:component:2, T3中央处理器(CPU)
opencomputers:component:20, 机架式软盘驱动器
opencomputers:component:6, T1内存条
opencomputers:component:7, T1.5内存条
opencomputers:component:8, T2内存条
opencomputers:component:9, T2.5内存条
opencomputers:component:10, T3内存条
opencomputers:component:11, T3.5内存条
opencomputers:component:13, T1服务器
opencomputers:component:14, T2服务器
opencomputers:component:15, T3服务器
opencomputers:component:12, 创造模式服务器
opencomputers:component:19, 终端服务器
opencomputers:card:10, T1数据卡
opencomputers:card:11, T2数据卡
opencomputers:card:12, T3数据卡
opencomputers:card:0, 调试卡
opencomputers:card:1, T1显卡
opencomputers:card:2, T2显卡
opencomputers:card:3, T3显卡
opencomputers:card:8, 因特网卡
opencomputers:card:9, 直连卡
opencomputers:card:6, 网卡
opencomputers:card:4, T1红石卡
opencomputers:card:7, T2无线网卡
opencomputers:upgrade:32, 创造模式组件总线
opencomputers:upgrade:0, 天使方块升级
opencomputers:upgrade:1, T1电池升级
opencomputers:upgrade:2, T2电池升级
opencomputers:upgrade:3, T3电池升级
opencomputers:upgrade:4, 区块加载升级
opencomputers:upgrade:5, T1扩展卡容器
opencomputers:upgrade:6, T2扩展卡容器
opencomputers:upgrade:7, T3扩展卡容器
opencomputers:upgrade:8, T1升级容器
opencomputers:upgrade:9, T2升级容器
opencomputers:upgrade:10, T3升级容器
opencomputers:upgrade:11, 合成升级
opencomputers:upgrade:12, T1数据库升级
opencomputers:upgrade:13, T2数据库升级
opencomputers:upgrade:14, T3数据库升级
opencomputers:upgrade:15, 经验升级
opencomputers:upgrade:16, 发电机升级
opencomputers:upgrade:27, T1悬浮升级
opencomputers:upgrade:28, T2悬浮升级
opencomputers:upgrade:17, 物品栏升级
opencomputers:upgrade:18, 物品栏交互升级
opencomputers:upgrade:26, 拴绳升级
opencomputers:upgrade:30, MFU
opencomputers:upgrade:19, 导航升级
opencomputers:upgrade:20, 活塞升级
opencomputers:upgrade:21, 告示牌读写升级
opencomputers:upgrade:22, 太阳能发电机升级
opencomputers:upgrade:33, 粘性活塞升级
opencomputers:upgrade:23, 储罐升级
opencomputers:upgrade:24, 储罐交互升级
opencomputers:upgrade:25, 牵引光束升级
opencomputers:upgrade:29, 交易升级
opencomputers:upgrade:31, T1无线网卡
opencomputers:storage:0, EEPROM
opencomputers:storage:1, 软盘
opencomputers:storage:2, T1硬盘 (1MB)
opencomputers:storage:3, T2硬盘 (2MB)
opencomputers:storage:4, T3硬盘 (4MB)
opencomputers:misc:1, Crecopter
opencomputers:misc:0, 微控制器
opencomputers:misc:0, Creatix
opencomputers:misc:0, 平板电脑
opencomputers:misc:0, 悬浮靴子
opencomputers:misc:0, EEPROM (Lua BIOS)
enderstorage:ender_storage:0, 末影箱子
enderstorage:ender_storage:1, 末影蓄水槽
enderstorage:ender_pouch, 末影袋子
essentialcraft:drops:0, tile.essentialcraft.drops.0.name
essentialcraft:drops:1, tile.essentialcraft.drops.1.name
essentialcraft:drops:2, tile.essentialcraft.drops.2.name
essentialcraft:drops:3, tile.essentialcraft.drops.3.name
essentialcraft:magicplating:0, 魔力板块
essentialcraft:fortifiedglass:0, 魔力强化玻璃
essentialcraft:eccontroller:0, 富集仓控制器
essentialcraft:ecacceptor:0, 富集仓MRU接收器
essentialcraft:ecbalancer:0, 富集仓稳定器
essentialcraft:ecejector:0, 富集仓MRU输出器
essentialcraft:echoldingchamber:0, 富集仓存储方块
essentialcraft:ecstatechecker:0, 富集仓状态检测器
essentialcraft:ecredstonecontroller:0, 富集仓红石控制器
essentialcraft:raytower:0, 射线塔
essentialcraft:solarprism:0, 太阳棱镜
essentialcraft:sunrayabsorber:0, 太阳光吸收器
essentialcraft:coldstone:0, 霜冻石
essentialcraft:colddistillator:0, 冷凝器
essentialcraft:naturalfurnace:0, 自然熔炉
essentialcraft:heatgenerator:0, 热力产能器
essentialcraft:endergenerator:0, 末影产能器
essentialcraft:chaos:0, 混沌污染
essentialcraft:chaos:1, 混沌污染
essentialcraft:chaos:2, 混沌污染
essentialcraft:chaos:3, 混沌污染
essentialcraft:chaos:4, 混沌污染
essentialcraft:chaos:5, 混沌污染
essentialcraft:chaos:6, 混沌污染
essentialcraft:chaos:7, 混沌污染
essentialcraft:frozen:0, 霜冻污染
essentialcraft:frozen:1, 霜冻污染
essentialcraft:frozen:2, 霜冻污染
essentialcraft:frozen:3, 霜冻污染
essentialcraft:frozen:4, 霜冻污染
essentialcraft:frozen:5, 霜冻污染
essentialcraft:frozen:6, 霜冻污染
essentialcraft:frozen:7, 霜冻污染
essentialcraft:magic:0, 魔法污染
essentialcraft:magic:1, 魔法污染
essentialcraft:magic:2, 魔法污染
essentialcraft:magic:3, 魔法污染
essentialcraft:magic:4, 魔法污染
essentialcraft:magic:5, 魔法污染
essentialcraft:magic:6, 魔法污染
essentialcraft:magic:7, 魔法污染
essentialcraft:shade:0, 暗影
essentialcraft:shade:1, 暗影
essentialcraft:shade:2, 暗影
essentialcraft:shade:3, 暗影
essentialcraft:shade:4, 暗影
essentialcraft:shade:5, 暗影
essentialcraft:shade:6, 暗影
essentialcraft:shade:7, 暗影
essentialcraft:moonwell:0, 月亮井
essentialcraft:magiciantable:0, 魔力工作台
essentialcraft:fortifiedstone:0, 魔力强化石
essentialcraft:magicalquarry:0, 魔力采石场
essentialcraft:monsterclinger:0, 怪物约束装置
essentialcraft:potionspreader:0, 药水扩散器
essentialcraft:magicalenchanter:0, 魔力附魔台
essentialcraft:monsterharvester:0, 怪物复制器
essentialcraft:magicalrepairer:0, 魔力修复器
essentialcraft:matrixabsorber:0, 矩阵换能器
essentialcraft:radiatingchamber:0, 辐射仓
essentialcraft:magmaticsmeltery:0, 岩浆冶炼厂
essentialcraft:magicaljukebox:0, 魔力唱片机
essentialcraft:elementalcrystal:0, 元素水晶
essentialcraft:elementalcrystal:0, 元素水晶
essentialcraft:elementalcrystal:0, 元素水晶
essentialcraft:elementalcrystal:0, 元素水晶
essentialcraft:elementalcrystal:0, 元素水晶
essentialcraft:elementalcrystal:0, 元素水晶
essentialcraft:elementalcrystal:0, 元素水晶
essentialcraft:elementalcrystal:0, 元素水晶
essentialcraft:elementalcrystal:0, 元素水晶
essentialcraft:elementalcrystal:0, 元素水晶
essentialcraft:elementalcrystal:0, 元素水晶
essentialcraft:elementalcrystal:0, 元素水晶
essentialcraft:elementalcrystal:0, 元素水晶
essentialcraft:elementalcrystal:0, 元素水晶
essentialcraft:elementalcrystal:0, 元素水晶
essentialcraft:elementalcrystal:0, 元素水晶
essentialcraft:elementalcrystal:0, 元素水晶
essentialcraft:elementalcrystal:0, 元素水晶
essentialcraft:elementalcrystal:0, 元素水晶
essentialcraft:elementalcrystal:0, 元素水晶
essentialcraft:elementalcrystal:0, 元素水晶
essentialcraft:elementalcrystal:0, 元素水晶
essentialcraft:elementalcrystal:0, 元素水晶
essentialcraft:elementalcrystal:0, 元素水晶
essentialcraft:elementalcrystal:0, 元素水晶
essentialcraft:elementalcrystal:0, 元素水晶
essentialcraft:elementalcrystal:0, 元素水晶
essentialcraft:elementalcrystal:0, 元素水晶
essentialcraft:elementalcrystal:0, 元素水晶
essentialcraft:elementalcrystal:0, 元素水晶
essentialcraft:elementalcrystal:0, 元素水晶
essentialcraft:crystalformer:0, 水晶模版
essentialcraft:crystalcontroller:0, 水晶生长控制器
essentialcraft:crystalextractor:0, 水晶元素提取器
essentialcraft:chargingchamber:0, 充能仓
essentialcraft:voidstone:0, 虚空石
essentialcraft:voidglass:0, 虚空玻璃
essentialcraft:concrete:0, 混凝土
essentialcraft:cacti:0, 仙人掌
essentialcraft:dreaddirt:0, 恐惧土
essentialcraft:flowergreen:0, tile.essentialcraft.flowerGreen.name
essentialcraft:fruit:0, tile.essentialcraft.fruit.name
essentialcraft:root:0, 根系
essentialcraft:tallgrass:0, tile.essentialcraft.tallGrass.name
essentialcraft:magicalteleporter:0, 魔力传送器
essentialcraft:magicalfurnace:0, 魔力熔炉
essentialcraft:emberforge:0, 灰烬熔炉
essentialcraft:levitator:0, MRU提升器
essentialcraft:spreader:0, MRU发送器
essentialcraft:voidfence:0, 虚空栅栏
essentialcraft:magicfence:0, 魔力栅栏
essentialcraft:ffence:0, 强化石栅栏
essentialcraft:torch:0, tile.essentialcraft.torch.name
essentialcraft:blockpale:0, 淡青方块
essentialcraft:platingpale:0, 淡青板块
essentialcraft:mrucoilhardener:0, MRU特斯拉线圈基座
essentialcraft:mrucoil:0, MRU特斯拉线圈
essentialcraft:corruptioncleaner:0, 污染清理器
essentialcraft:reactorsupport:0, MRU特斯拉反应堆支架
essentialcraft:reactor:0, MRU特斯拉反应堆核心
essentialcraft:air:0, 隙间
essentialcraft:darknessobelisk:0, 黑暗方尖碑
essentialcraft:ultraheatgen:0, 终极热力产能器
essentialcraft:ultraflowerburner:0, 终极自然熔炉
essentialcraft:magicalmirror:0, 魔力镜子
essentialcraft:magicaldisplay:0, [NYI]魔力显示屏
essentialcraft:portal:0, 海纳尔传送门
essentialcraft:oredrops:0, 元素蕴魔矿
essentialcraft:oredrops:1, 元素蕴魔矿
essentialcraft:oredrops:2, 元素蕴魔矿
essentialcraft:oredrops:3, 元素蕴魔矿
essentialcraft:oredrops:4, 元素蕴魔矿
essentialcraft:oredrops:5, 元素蕴魔矿
essentialcraft:oredrops:6, 元素蕴魔矿
essentialcraft:oredrops:7, 元素蕴魔矿
essentialcraft:oredrops:8, 元素蕴魔矿
essentialcraft:oredrops:9, 元素蕴魔矿
essentialcraft:oredrops:10, 元素蕴魔矿
essentialcraft:oredrops:11, 元素蕴魔矿
essentialcraft:oredrops:12, 元素蕴魔矿
essentialcraft:oredrops:13, 元素蕴魔矿
essentialcraft:oredrops:14, 元素蕴魔矿
essentialcraft:invertedplating:0, 米斯莱板块
essentialcraft:mithrilinecrystal:0, 米斯莱水晶
essentialcraft:mithrilinecrystal:3, 淡青水晶
essentialcraft:mithrilinecrystal:6, 虚空水晶
essentialcraft:mithrilinecrystal:9, 恶魔水晶
essentialcraft:mithrilinecrystal:12, 暗影污染水晶
essentialcraft:mithrilinefurnace:0, 米斯莱熔炉
essentialcraft:demonicplating:0, 恶魔板块
essentialcraft:playerpentacle:0, 灵魂五芒星
essentialcraft:windrune:0, 风之符文
essentialcraft:rightclicker:0, 魔力执行器
essentialcraft:rightclicker:1, 魔力执行器
essentialcraft:rightclicker:2, 魔力执行器
essentialcraft:rightclicker:3, 魔力执行器
essentialcraft:rightclicker:4, 魔力执行器
essentialcraft:rightclicker:5, 魔力执行器
essentialcraft:redstonetransmitter:0, 红石传递器
essentialcraft:magicalhopper:0, 魔力漏斗
essentialcraft:metadatamanager:0, 元数据管理器
essentialcraft:blockbreaker:0, 魔力方块破坏器
essentialcraft:compressed:0, Compressed Flame Drops
essentialcraft:compressed:1, Compressed Water Drops
essentialcraft:compressed:2, Compressed Earth Drops
essentialcraft:compressed:3, Compressed Air Drops
essentialcraft:compressed:4, Compressed Elemental Drops
essentialcraft:compressed:5, Compressed Mithriline Dust
essentialcraft:demonicpentacle:0, 恶魔五芒星
essentialcraft:weaponmaker:0, 武器台桌
essentialcraft:weaponmaker:1, 武器台桌
essentialcraft:weaponmaker:2, 武器台桌
essentialcraft:weaponmaker:3, 武器台桌
essentialcraft:furnacemagic:0, 岩浆炉
essentialcraft:furnacemagic:4, 岩浆炉
essentialcraft:furnacemagic:8, 岩浆炉
essentialcraft:furnacemagic:12, 岩浆炉
essentialcraft:holopad:0, 全息板
essentialcraft:chest:0, 魔力箱子
essentialcraft:chest:1, 魔力箱子
essentialcraft:miminvstorage:0, 魔力仓库管理存储模块
essentialcraft:newmim:0, 魔力仓库管理核心
essentialcraft:mimscreen:0, 魔力仓库管理面板模块
essentialcraft:mimcrafter:0, 魔力仓库管理合成模块
essentialcraft:mimejector:0, 魔力仓库管理输出节点
essentialcraft:miminjector:0, 魔力仓库管理输入节点
essentialcraft:device:0, 魔力种植站
essentialcraft:device:1, 魔力物流整理机
essentialcraft:device:2, 魔力合成站
essentialcraft:device:3, 魔力饲育站
essentialcraft:device:4, 创造MRU能源
essentialcraft:device:5, 魔力剪毛站
essentialcraft:device:6, 魔力动物分离器：幼年
essentialcraft:device:7, 魔力动物分离器：成年
essentialcraft:device:8, Creative ESPE Source
essentialcraft:advbreaker:0, 高级魔力方块破坏器
essentialcraft:mimejectorp:0, 魔力仓库管理持续输出节点
essentialcraft:miminjectorp:0, 魔力仓库管理持续输入节点
essentialcraft:oremithriline:0, Mithriline Ore
essentialcraft:oremithriline:1, Mithriline Ore
essentialcraft:oremithriline:2, Mithriline Ore
essentialcraft:crystallamp:0, Fire Crystal Lamp
essentialcraft:crystallamp:1, Water Crystal Lamp
essentialcraft:crystallamp:2, Earth Crystal Lamp
essentialcraft:crystallamp:3, Air Crystal Lamp
essentialcraft:crystallamp:4, Elemental Crystal Lamp
essentialcraft:crystallamp:5, Mithriline Crystal Lamp
essentialcraft:mimic:0, Mimic Block
essentialcraft:water:0, 水
essentialcraft:lava:0, 熔岩
essentialcraft:fire:0, 火
essentialcraft:chunkloader:0, MRU Chunk Loader
essentialcraft:dimtransciever:0, MRU Dimensional Transciever
essentialcraft:intersector:0, MRU Intersector
essentialcraft:weathercontroller:0, tile.essentialcraft.weatherController.name
essentialcraft:testitem, [DEV ONLY]
essentialcraft:mrumover1, MRUCU移动魔杖
essentialcraft:gem_elemental:0, Flame Drops
essentialcraft:gem_elemental:1, 水之魔晶
essentialcraft:gem_elemental:2, 地之魔晶
essentialcraft:gem_elemental:3, 风之魔晶
essentialcraft:gem_elemental:4, 元素晶石
essentialcraft:elemental_pick, 元素镐
essentialcraft:elemental_axe, 元素斧
essentialcraft:elemental_hoe, 元素锄
essentialcraft:elemental_shovel, 元素锹
essentialcraft:elemental_sword, 元素剑
essentialcraft:bound_gem, 绑定宝石
essentialcraft:magicmonocle, 魔法眼镜
essentialcraft:record, 唱片
essentialcraft:record_a, 唱片
essentialcraft:record_secret, 这是一个迷!
essentialcraft:soulstone, 灵魂石
essentialcraft:mrumatrixprojection:0, MRUMP - 空
essentialcraft:mrumatrixprojection:1, MRUMP - 混沌
essentialcraft:mrumatrixprojection:2, MRUMP - 冻结
essentialcraft:mrumatrixprojection:3, MRUMP - 魔法
essentialcraft:mrumatrixprojection:4, MRUMP - 暗影
essentialcraft:titanite, 榍石
essentialcraft:twinkling_titanite, 闪耀榍石
essentialcraft:secret:0, 410公交票
essentialcraft:secret:1, D6
essentialcraft:secret:2, 铁树枝干
essentialcraft:secret:3, 秘法棍
essentialcraft:secret:4, 光滑石头
essentialcraft:secret:5, 神秘图像
essentialcraft:secret:6, 神秘徽记
essentialcraft:magicalslag, 魔力炉渣
essentialcraft:genitem:0, 注魔合金
essentialcraft:genitem:1, 元素核心
essentialcraft:genitem:2, [NYI]
essentialcraft:genitem:3, 魔力精华
essentialcraft:genitem:4, 黄金法球
essentialcraft:genitem:5, 魔力锭
essentialcraft:genitem:6, 魔力水
essentialcraft:genitem:7, 魔法强化板
essentialcraft:genitem:8, 末影合金板
essentialcraft:genitem:9, 玻璃合金板
essentialcraft:genitem:10, 魔力金锭
essentialcraft:genitem:11, 红石合金板
essentialcraft:genitem:12, MRU碎片
essentialcraft:genitem:13, MRU水晶
essentialcraft:genitem:14, MRU宝石
essentialcraft:genitem:15, MRU块
essentialcraft:genitem:16, 大型MRU块
essentialcraft:genitem:17, 存储升级
essentialcraft:genitem:18, 效率升级
essentialcraft:genitem:19, 范围升级
essentialcraft:genitem:20, 水晶粉末
essentialcraft:genitem:21, 菱形板
essentialcraft:genitem:22, 翡翠板
essentialcraft:genitem:23, 聚集之眼
essentialcraft:genitem:24, 魔力强化框架
essentialcraft:genitem:25, 导热棒
essentialcraft:genitem:26, 铁制框架
essentialcraft:genitem:27, 魔力屏板
essentialcraft:genitem:28, MRU连动装置
essentialcraft:genitem:29, MRU收集装置
essentialcraft:genitem:30, MRU转换矩阵
essentialcraft:genitem:31, 黑曜石板
essentialcraft:genitem:32, 聚光镜
essentialcraft:genitem:33, 世界交互器
essentialcraft:genitem:34, 魔力板
essentialcraft:genitem:35, 空白板
essentialcraft:genitem:36, 无效的核心
essentialcraft:genitem:37, MRU反应堆
essentialcraft:genitem:38, 淡青珍珠
essentialcraft:genitem:39, 淡青锭
essentialcraft:genitem:40, 淡青宝石
essentialcraft:genitem:41, 淡青板
essentialcraft:genitem:42, 淡青元素核心
essentialcraft:genitem:43, MRU磁场
essentialcraft:genitem:44, MRU共鸣水晶
essentialcraft:genitem:45, 青金石核心
essentialcraft:genitem:46, 黯淡水晶粉
essentialcraft:genitem:47, 黯淡水晶
essentialcraft:genitem:48, 米斯莱水晶
essentialcraft:genitem:49, 米斯莱板
essentialcraft:genitem:50, 米斯莱锭
essentialcraft:genitem:51, 米斯莱粉末
essentialcraft:genitem:52, 阿克罗尼特锭
essentialcraft:genitem:53, 恶魔核心
essentialcraft:genitem:54, 恶魔板
essentialcraft:genitem:55, 风之水晶
essentialcraft:genitem:56, 电脑引擎
essentialcraft:genitem:57, 力场发生器
essentialcraft:genitem:58, 力场板
essentialcraft:genitem:59, 富集神经元板
essentialcraft:genitem:60, 压力稳定器
essentialcraft:genitem:61, 斥力发生器
essentialcraft:genitem:62, 推进器引擎
essentialcraft:genitem:63, 视觉透镜
essentialcraft:genitem:64, 扬声器板
essentialcraft:genitem:65, 力场核心
essentialcraft:genitem:66, 粒子捕捉器
essentialcraft:genitem:67, 粒子发射器
essentialcraft:genitem:68, 强制发射器
essentialcraft:genitem:69, 物流核心
essentialcraft:genitem:70, 附加核心
essentialcraft:genitem:71, 分裂核心
essentialcraft:genitem:72, 增值核心
essentialcraft:genitem:73, 基础核心
essentialcraft:genitem:74, 强制吸收器
essentialcraft:genitem:75, 声音管理器
essentialcraft:genitem:76, item.essentialcraft.genItemglitchyCore.name
essentialcraft:genitem:77, 冶炼升级
essentialcraft:genitem:78, 时运升级
essentialcraft:genitem:79, 烈焰粉合金板
essentialcraft:genitem:80, 精准升级
essentialcraft:genitem:81, 虚空升级
essentialcraft:magicalalloy:0, 岩浆合金
essentialcraft:magicalalloy:0, 岩浆合金
essentialcraft:magicalalloy:0, 岩浆合金
essentialcraft:magicalalloy:0, 岩浆合金
essentialcraft:magicalalloy:0, 岩浆合金
essentialcraft:magicalalloy:0, 岩浆合金
essentialcraft:magicalalloy:0, 岩浆合金
essentialcraft:magicalalloy:0, 岩浆合金
essentialcraft:magicalalloy:0, 岩浆合金
essentialcraft:magicalalloy:0, 岩浆合金
essentialcraft:magicalalloy:0, 岩浆合金
essentialcraft:magicalalloy:0, 岩浆合金
essentialcraft:magicalalloy:0, 岩浆合金
essentialcraft:magicalalloy:0, 岩浆合金
essentialcraft:magicalalloy:0, 岩浆合金
essentialcraft:magicalalloy:0, 岩浆合金
essentialcraft:magicalalloy:0, 岩浆合金
essentialcraft:magicalalloy:0, 岩浆合金
essentialcraft:magicalalloy:0, 岩浆合金
essentialcraft:magicalalloy:0, 岩浆合金
essentialcraft:magicalalloy:0, 岩浆合金
essentialcraft:magicalalloy:0, 岩浆合金
essentialcraft:magicalalloy:0, 岩浆合金
essentialcraft:magicalalloy:0, 岩浆合金
essentialcraft:magicalalloy:0, 岩浆合金
essentialcraft:magicalalloy:0, 岩浆合金
essentialcraft:magicalalloy:0, 岩浆合金
essentialcraft:magicalalloy:0, 岩浆合金
essentialcraft:magicalalloy:0, 岩浆合金
essentialcraft:essence:0, 火焰精华
essentialcraft:essence:1, 奔流精华
essentialcraft:essence:2, 大地精华
essentialcraft:essence:3, 狂风精华
essentialcraft:essence:4, 火焰精华
essentialcraft:essence:5, 奔流精华
essentialcraft:essence:6, 大地精华
essentialcraft:essence:7, 狂风精华
essentialcraft:essence:8, 火焰精华
essentialcraft:essence:9, 奔流精华
essentialcraft:essence:10, 大地精华
essentialcraft:essence:11, 狂风精华
essentialcraft:essence:12, 火焰精华
essentialcraft:essence:13, 奔流精华
essentialcraft:essence:14, 大地精华
essentialcraft:essence:15, 狂风精华
essentialcraft:storage:0, 灵魂碎片
essentialcraft:storage:0, 灵魂碎片
essentialcraft:storage:1, 灵魂球
essentialcraft:storage:1, 灵魂球
essentialcraft:storage:2, 暗黑灵魂物质
essentialcraft:storage:2, 暗黑灵魂物质
essentialcraft:storage:3, 鲜红灵魂物质
essentialcraft:storage:3, 鲜红灵魂物质
essentialcraft:storage:4, Matter Of Eternity
essentialcraft:storage:4, Matter Of Eternity
essentialcraft:magicaldigger, 魔法挖掘机
essentialcraft:spawnercollector, 刷怪笼采集者
essentialcraft:staffoflife, 生命权杖
essentialcraft:biomewand, 生态魔杖
essentialcraft:emeraldheart, 翡翠心
essentialcraft:magicalshield, 魔法盾
essentialcraft:spikyshield, 尖刺盾牌
essentialcraft:magicwaterbottle, 魔力水瓶
essentialcraft:magicalporkchop, 魔力猪排
essentialcraft:charm:0, Charm Of Fire
essentialcraft:charm:0, Charm Of Fire
essentialcraft:charm:1, Charm Of Water
essentialcraft:charm:1, Charm Of Water
essentialcraft:charm:2, Charm Of Earth
essentialcraft:charm:2, Charm Of Earth
essentialcraft:charm:3, Charm Of Air
essentialcraft:charm:3, Charm Of Air
essentialcraft:charm:4, Charm Of Steam
essentialcraft:charm:4, Charm Of Steam
essentialcraft:charm:5, Charm Of Magma
essentialcraft:charm:5, Charm Of Magma
essentialcraft:charm:6, Charm Of Lightning
essentialcraft:charm:6, Charm Of Lightning
essentialcraft:charm:7, Charm Of Life
essentialcraft:charm:7, Charm Of Life
essentialcraft:charm:8, Charm Of Rain
essentialcraft:charm:8, Charm Of Rain
essentialcraft:charm:9, Charm Of Dust
essentialcraft:charm:9, Charm Of Dust
essentialcraft:magicalwings, 神奇翅膀
essentialcraft:chaosfork, 混沌之叉
essentialcraft:frozenmace, 霜冻手杖
essentialcraft:holymace, 神圣手杖
essentialcraft:elementalfuel:0, 火元素燃料
essentialcraft:elementalfuel:1, 水元素燃料
essentialcraft:elementalfuel:2, 土元素燃料
essentialcraft:elementalfuel:3, 风元素燃料
essentialcraft:ffocus, 火灵之焦
essentialcraft:wfocus, 水灵之焦
essentialcraft:efocus, 土灵之焦
essentialcraft:afocus, 风灵之焦
essentialcraft:fruit_item, item.essentialcraft.fruit_Item.name
essentialcraft:bottledwind, 瓶装之风
essentialcraft:imprisonedwind, 禁锢之风
essentialcraft:windkeeper, 困牢之风
essentialcraft:windtablet, 读风板
essentialcraft:elementalsword, 元素之剑
essentialcraft:ember:0, 酸性灰烬
essentialcraft:ember:1, 混沌灰烬
essentialcraft:ember:2, 阴燃灰烬
essentialcraft:ember:3, 腐化灰烬
essentialcraft:ember:4, 水晶灰烬
essentialcraft:ember:5, 神圣灰烬
essentialcraft:ember:6, 魔法灰烬
essentialcraft:ember:7, Burning Ember
essentialcraft:helm_magic, MHS头盔
essentialcraft:chest_magic, MHS胸甲
essentialcraft:legs_magic, MHS护腿
essentialcraft:boots_magic, MHS之靴
essentialcraft:helm_void, 虚空头盔
essentialcraft:chest_void, 虚空胸甲
essentialcraft:legs_void, 虚空护腿
essentialcraft:boots_void, 虚空之靴
essentialcraft:helm_inq, Inquisitorium头盔
essentialcraft:chest_inq, Inquisitorium胸甲
essentialcraft:legs_inq, Inquisitorium护腿
essentialcraft:boots_inq, Inquisitorium之靴
essentialcraft:helm_wind, 风之法师兜帽
essentialcraft:chest_wind, 风之法师长袍
essentialcraft:legs_wind, 风之法师护腿
essentialcraft:boots_wind, 风之法师靴子
essentialcraft:bauble, 神秘挂件
essentialcraft:magmaticstaff, 岩浆权杖
essentialcraft:magicallantern, 魔力灯笼
essentialcraft:magnetizingstaff, 磁化权杖
essentialcraft:research_book, 研究手册
essentialcraft:air_potion, 风之药水
essentialcraft:mrumover_t2, 二级MRUCU移动法杖
essentialcraft:playerlist, 玩家白名单
essentialcraft:magicalchisel, 魔力凿子
essentialcraft:itemfilter:0, 魔力仓库节点过滤器
essentialcraft:itemfilter:1, 魔力仓库节点过滤器
essentialcraft:itemfilter:2, 魔力仓库节点过滤器
essentialcraft:itemfilter:3, 魔力仓库节点过滤器
essentialcraft:controlrod, 控制棒
essentialcraft:baublescore:0, 便携式矩阵换能器
essentialcraft:baublescore:1, 稳定之戒
essentialcraft:baublescore:2, 经验之戒
essentialcraft:baublescore:3, 抗拒之戒
essentialcraft:baublescore:4, 生命挂坠
essentialcraft:baublescore:5, 捕风挂坠
essentialcraft:baublescore:6, 风之法师护符
essentialcraft:baublescore:7, 学者腰带
essentialcraft:baublescore:8, α指环
essentialcraft:baublescore:9, β指环
essentialcraft:baublescore:10, γ指环
essentialcraft:baublescore:11, δ指环
essentialcraft:baublescore:12, ε腰带
essentialcraft:baublescore:13, ζ护身符
essentialcraft:baublescore:14, η护身符
essentialcraft:baublescore:15, θ腰带
essentialcraft:baublescore:16, ι指环
essentialcraft:baublescore:17, κ指环
essentialcraft:baublescore:18, λ指环
essentialcraft:baublescore:19, μ指环
essentialcraft:baublescore:20, ν护身符
essentialcraft:baublescore:21, ξ腰带
essentialcraft:baublescore:22, ο护身符
essentialcraft:baublescore:23, π腰带
essentialcraft:baublescore:24, ρ指环
essentialcraft:baublescore:25, σ指环
essentialcraft:baublescore:26, τ指环
essentialcraft:baublescore:27, υ指环
essentialcraft:baublescore:28, φ指环
essentialcraft:baublescore:29, χ指环
essentialcraft:baublescore:30, ψ指环
essentialcraft:baublescore:31, ω指环
essentialcraft:shadesword, 暗渎剑
essentialcraft:shadeslasher, 暗渎劈刀
essentialcraft:shadeknife, 暗渎匕首
essentialcraft:entityegg:0, 刷怪蛋: MRU聚集体
essentialcraft:entityegg:1, 刷怪蛋: MRU射线
essentialcraft:entityegg:2, 刷怪蛋: 太阳光束
essentialcraft:entityegg:3, 刷怪蛋: 风之魔法师
essentialcraft:entityegg:4, 刷怪蛋: 毒烟
essentialcraft:entityegg:5, 刷怪蛋: 暗影匕首
essentialcraft:entityegg:6, 刷怪蛋: 爱之光
essentialcraft:entityegg:7, 刷怪蛋: 恶魔
essentialcraft:entityegg:8, 刷怪蛋: 全息投影仪
essentialcraft:entityegg:9, 刷怪蛋: entity.essentialcraft.common.entity.EntityPlayerClone.name
essentialcraft:entityegg:10, 刷怪蛋: entity.essentialcraft.common.entity.EntityOrbitalStrike.name
essentialcraft:entityegg:11, 刷怪蛋: entity.essentialcraft.common.entity.EntityDivider.name
essentialcraft:entityegg:12, 刷怪蛋: entity.essentialcraft.common.entity.EntityArmorDestroyer.name
essentialcraft:entityegg:13, 刷怪蛋: entity.essentialcraft.common.entity.EntityDividerProjectile.name
essentialcraft:gun.pistol:0, 手枪
essentialcraft:gun.pistol:0, 手枪
essentialcraft:gun.rifle:0, 突击步枪
essentialcraft:gun.rifle:0, 突击步枪
essentialcraft:gun.sniper:0, 狙击步枪
essentialcraft:gun.sniper:0, 狙击步枪
essentialcraft:gun.gatling:0, 转管炮
essentialcraft:gun.gatling:0, 转管炮
essentialcraft:weak_elemental_pick, 虚弱元素镐
essentialcraft:weak_elemental_axe, 虚弱元素斧
essentialcraft:weak_elemental_hoe, 虚弱元素锄
essentialcraft:weak_elemental_shovel, 虚弱元素锹
essentialcraft:weak_elemental_sword, 虚弱元素剑
essentialcraft:wind_elemental_pick, 风之镐
essentialcraft:wind_elemental_shovel, 风之锹
essentialcraft:wind_elemental_axe, 风之斧
essentialcraft:wind_elemental_hoe, 风之谷锄
essentialcraft:wind_elemental_sword, 风之剑
essentialcraft:wind_helmet, 风之头盔
essentialcraft:wind_chestplate, 风之胸甲
essentialcraft:wind_leggings, 风之护腿
essentialcraft:wind_boots, 风之长靴
essentialcraft:soulscriber, 灵魂划刀
essentialcraft:magicalbuilder, 魔力建筑之杖
essentialcraft:computer_helmet, 宅男头盔
essentialcraft:computer_chestplate, 宅男胸甲
essentialcraft:computer_leggings, 宅男护腿
essentialcraft:computer_boots, 宅男之靴
essentialcraft:computerboard, 宅男反重力板
essentialcraft:orbitalremote, 远程轨道打击
essentialcraft:dividergun, 分频枪
essentialcraft:robocalypse, 全息记录仪
essentialcraft:inventorygem, 容器宝石
essentialcraft:craftingframe, 合成框架
essentialcraft:collectedspawner, 刷怪笼
essentialcraft:balance_setter, Balance Setter
essentialcraft:clearing_catalyst, item.essentialcraft.clearing_catalyst.name
essentialcraft:raining_catalyst, item.essentialcraft.raining_catalyst.name
essentialcraft:thundering_catalyst, item.essentialcraft.thundering_catalyst.name
essentialcraft:fancyblock.mru:0, 花纹MRU砖
essentialcraft:fancyblock.mru:1, 花纹MRU砖
essentialcraft:fancyblock.mru:2, 花纹MRU砖
essentialcraft:fancyblock.mru:3, 花纹MRU砖
essentialcraft:fancyblock.mru:4, 花纹MRU砖
essentialcraft:fancyblock.mru:5, 花纹MRU砖
essentialcraft:fancyblock.mru:6, 花纹MRU砖
essentialcraft:fancyblock.mru:7, 花纹MRU砖
essentialcraft:fancyblock.mru:8, 花纹MRU砖
essentialcraft:fancyblock.mru:9, 花纹MRU砖
essentialcraft:fancyblock.mru:10, 花纹MRU砖
essentialcraft:fancyblock.mru:11, 花纹MRU砖
essentialcraft:fancyblock.mru:12, 花纹MRU砖
essentialcraft:fancyblock.mru:13, 花纹MRU砖
essentialcraft:fancyblock.mru:14, 花纹MRU砖
essentialcraft:fancyblock.mru:15, 花纹MRU砖
essentialcraft:fancyblock.concrete:0, 花纹混凝土砖
essentialcraft:fancyblock.concrete:1, 花纹混凝土砖
essentialcraft:fancyblock.concrete:2, 花纹混凝土砖
essentialcraft:fancyblock.concrete:3, 花纹混凝土砖
essentialcraft:fancyblock.concrete:4, 花纹混凝土砖
essentialcraft:fancyblock.concrete:5, 花纹混凝土砖
essentialcraft:fancyblock.concrete:6, 花纹混凝土砖
essentialcraft:fancyblock.concrete:7, 花纹混凝土砖
essentialcraft:fancyblock.concrete:8, 花纹混凝土砖
essentialcraft:fancyblock.concrete:9, 花纹混凝土砖
essentialcraft:fancyblock.concrete:10, 花纹混凝土砖
essentialcraft:fancyblock.concrete:11, 花纹混凝土砖
essentialcraft:fancyblock.concrete:12, 花纹混凝土砖
essentialcraft:fancyblock.concrete:13, 花纹混凝土砖
essentialcraft:fancyblock.concrete:14, 花纹混凝土砖
essentialcraft:fancyblock.concrete:15, 花纹混凝土砖
essentialcraft:fancyblock.fortifiedstone:0, 花纹强化石砖
essentialcraft:fancyblock.fortifiedstone:1, 花纹强化石砖
essentialcraft:fancyblock.fortifiedstone:2, 花纹强化石砖
essentialcraft:fancyblock.fortifiedstone:3, 花纹强化石砖
essentialcraft:fancyblock.fortifiedstone:4, 花纹强化石砖
essentialcraft:fancyblock.fortifiedstone:5, 花纹强化石砖
essentialcraft:fancyblock.fortifiedstone:6, 花纹强化石砖
essentialcraft:fancyblock.fortifiedstone:7, 花纹强化石砖
essentialcraft:fancyblock.fortifiedstone:8, 花纹强化石砖
essentialcraft:fancyblock.fortifiedstone:9, 花纹强化石砖
essentialcraft:fancyblock.fortifiedstone:10, 花纹强化石砖
essentialcraft:fancyblock.fortifiedstone:11, 花纹强化石砖
essentialcraft:fancyblock.fortifiedstone:12, 花纹强化石砖
essentialcraft:fancyblock.fortifiedstone:13, 花纹强化石砖
essentialcraft:fancyblock.fortifiedstone:14, 花纹强化石砖
essentialcraft:fancyblock.fortifiedstone:15, 花纹强化石砖
essentialcraft:fancyblock.coldstone:0, 花纹冻石砖
essentialcraft:fancyblock.coldstone:1, 花纹冻石砖
essentialcraft:fancyblock.coldstone:2, 花纹冻石砖
essentialcraft:fancyblock.coldstone:3, 花纹冻石砖
essentialcraft:fancyblock.coldstone:4, 花纹冻石砖
essentialcraft:fancyblock.coldstone:5, 花纹冻石砖
essentialcraft:fancyblock.coldstone:6, 花纹冻石砖
essentialcraft:fancyblock.coldstone:7, 花纹冻石砖
essentialcraft:fancyblock.coldstone:8, 花纹冻石砖
essentialcraft:fancyblock.coldstone:9, 花纹冻石砖
essentialcraft:fancyblock.coldstone:10, 花纹冻石砖
essentialcraft:fancyblock.coldstone:11, 花纹冻石砖
essentialcraft:fancyblock.coldstone:12, 花纹冻石砖
essentialcraft:fancyblock.coldstone:13, 花纹冻石砖
essentialcraft:fancyblock.coldstone:14, 花纹冻石砖
essentialcraft:fancyblock.coldstone:15, 花纹冻石砖
essentialcraft:fancyblock.magicplating:0, 花纹魔力砖
essentialcraft:fancyblock.magicplating:1, 花纹魔力砖
essentialcraft:fancyblock.magicplating:2, 花纹魔力砖
essentialcraft:fancyblock.magicplating:3, 花纹魔力砖
essentialcraft:fancyblock.magicplating:4, 花纹魔力砖
essentialcraft:fancyblock.magicplating:5, 花纹魔力砖
essentialcraft:fancyblock.magicplating:6, 花纹魔力砖
essentialcraft:fancyblock.magicplating:7, 花纹魔力砖
essentialcraft:fancyblock.magicplating:8, 花纹魔力砖
essentialcraft:fancyblock.magicplating:9, 花纹魔力砖
essentialcraft:fancyblock.magicplating:10, 花纹魔力砖
essentialcraft:fancyblock.magicplating:11, 花纹魔力砖
essentialcraft:fancyblock.magicplating:12, 花纹魔力砖
essentialcraft:fancyblock.magicplating:13, 花纹魔力砖
essentialcraft:fancyblock.magicplating:14, 花纹魔力砖
essentialcraft:fancyblock.magicplating:15, 花纹魔力砖
essentialcraft:fancyblock.paleplating:0, 花纹淡青砖
essentialcraft:fancyblock.paleplating:1, 花纹淡青砖
essentialcraft:fancyblock.paleplating:2, 花纹淡青砖
essentialcraft:fancyblock.paleplating:3, 花纹淡青砖
essentialcraft:fancyblock.paleplating:4, 花纹淡青砖
essentialcraft:fancyblock.paleplating:5, 花纹淡青砖
essentialcraft:fancyblock.paleplating:6, 花纹淡青砖
essentialcraft:fancyblock.paleplating:7, 花纹淡青砖
essentialcraft:fancyblock.paleplating:8, 花纹淡青砖
essentialcraft:fancyblock.paleplating:9, 花纹淡青砖
essentialcraft:fancyblock.paleplating:10, 花纹淡青砖
essentialcraft:fancyblock.paleplating:11, 花纹淡青砖
essentialcraft:fancyblock.paleplating:12, 花纹淡青砖
essentialcraft:fancyblock.paleplating:13, 花纹淡青砖
essentialcraft:fancyblock.paleplating:14, 花纹淡青砖
essentialcraft:fancyblock.paleplating:15, 花纹淡青砖
essentialcraft:fancyblock.voidstone:0, 花纹虚空砖
essentialcraft:fancyblock.voidstone:1, 花纹虚空砖
essentialcraft:fancyblock.voidstone:2, 花纹虚空砖
essentialcraft:fancyblock.voidstone:3, 花纹虚空砖
essentialcraft:fancyblock.voidstone:4, 花纹虚空砖
essentialcraft:fancyblock.voidstone:5, 花纹虚空砖
essentialcraft:fancyblock.voidstone:6, 花纹虚空砖
essentialcraft:fancyblock.voidstone:7, 花纹虚空砖
essentialcraft:fancyblock.voidstone:8, 花纹虚空砖
essentialcraft:fancyblock.voidstone:9, 花纹虚空砖
essentialcraft:fancyblock.voidstone:10, 花纹虚空砖
essentialcraft:fancyblock.voidstone:11, 花纹虚空砖
essentialcraft:fancyblock.voidstone:12, 花纹虚空砖
essentialcraft:fancyblock.voidstone:13, 花纹虚空砖
essentialcraft:fancyblock.voidstone:14, 花纹虚空砖
essentialcraft:fancyblock.voidstone:15, 花纹虚空砖
essentialcraft:fancyblock.mithrilineplating:0, 花纹米斯莱板
essentialcraft:fancyblock.mithrilineplating:1, 花纹米斯莱板
essentialcraft:fancyblock.mithrilineplating:2, 花纹米斯莱板
essentialcraft:fancyblock.mithrilineplating:3, 花纹米斯莱板
essentialcraft:fancyblock.mithrilineplating:4, 花纹米斯莱板
essentialcraft:fancyblock.mithrilineplating:5, 花纹米斯莱板
essentialcraft:fancyblock.mithrilineplating:6, 花纹米斯莱板
essentialcraft:fancyblock.mithrilineplating:7, 花纹米斯莱板
essentialcraft:fancyblock.mithrilineplating:8, 花纹米斯莱板
essentialcraft:fancyblock.mithrilineplating:9, 花纹米斯莱板
essentialcraft:fancyblock.mithrilineplating:10, 花纹米斯莱板
essentialcraft:fancyblock.mithrilineplating:11, 花纹米斯莱板
essentialcraft:fancyblock.mithrilineplating:12, 花纹米斯莱板
essentialcraft:fancyblock.mithrilineplating:13, 花纹米斯莱板
essentialcraft:fancyblock.mithrilineplating:14, 花纹米斯莱板
essentialcraft:fancyblock.mithrilineplating:15, 花纹米斯莱板
essentialcraft:fancyblock.demonicplating:0, 花纹恶魔板
essentialcraft:fancyblock.demonicplating:1, 花纹恶魔板
essentialcraft:fancyblock.demonicplating:2, 花纹恶魔板
essentialcraft:fancyblock.demonicplating:3, 花纹恶魔板
essentialcraft:fancyblock.demonicplating:4, 花纹恶魔板
essentialcraft:fancyblock.demonicplating:5, 花纹恶魔板
essentialcraft:fancyblock.demonicplating:6, 花纹恶魔板
essentialcraft:fancyblock.demonicplating:7, 花纹恶魔板
essentialcraft:fancyblock.demonicplating:8, 花纹恶魔板
essentialcraft:fancyblock.demonicplating:9, 花纹恶魔板
essentialcraft:fancyblock.demonicplating:10, 花纹恶魔板
essentialcraft:fancyblock.demonicplating:11, 花纹恶魔板
essentialcraft:fancyblock.demonicplating:12, 花纹恶魔板
essentialcraft:fancyblock.demonicplating:13, 花纹恶魔板
essentialcraft:fancyblock.demonicplating:14, 花纹恶魔板
essentialcraft:fancyblock.demonicplating:15, 花纹恶魔板
essentialcraft:fancyblock.mimic:0, Fancy Mimic Block Tile
essentialcraft:fancyblock.mimic:1, Fancy Mimic Block Tile
essentialcraft:fancyblock.mimic:2, Fancy Mimic Block Tile
essentialcraft:fancyblock.mimic:3, Fancy Mimic Block Tile
essentialcraft:fancyblock.mimic:4, Fancy Mimic Block Tile
essentialcraft:fancyblock.mimic:5, Fancy Mimic Block Tile
essentialcraft:fancyblock.mimic:6, Fancy Mimic Block Tile
essentialcraft:fancyblock.mimic:7, Fancy Mimic Block Tile
essentialcraft:fancyblock.mimic:8, Fancy Mimic Block Tile
essentialcraft:fancyblock.mimic:9, Fancy Mimic Block Tile
essentialcraft:fancyblock.mimic:10, Fancy Mimic Block Tile
essentialcraft:fancyblock.mimic:11, Fancy Mimic Block Tile
essentialcraft:fancyblock.mimic:12, Fancy Mimic Block Tile
essentialcraft:fancyblock.mimic:13, Fancy Mimic Block Tile
essentialcraft:fancyblock.mimic:14, Fancy Mimic Block Tile
essentialcraft:fancyblock.mimic:15, Fancy Mimic Block Tile
eternalsingularity:eternal_singularity, [null]
eternalsingularity:combined_singularity:0, 氮化奇点
eternalsingularity:combined_singularity:1, 癫狂奇点
eternalsingularity:combined_singularity:2, 意面奇点
eternalsingularity:combined_singularity:3, 气动奇点
eternalsingularity:combined_singularity:4, 密文奇点
eternalsingularity:combined_singularity:5, 历史奇点
eternalsingularity:combined_singularity:6, 气象奇点
eternalsingularity:combined_singularity:7, 美食奇点
eternalsingularity:combined_singularity:8, 艳丽奇点
eternalsingularity:combined_singularity:9, 炫光奇点
eternalsingularity:combined_singularity:10, 机器人奇点
eternalsingularity:combined_singularity:11, 银河奇点
eternalsingularity:combined_singularity:12, 液压奇点
eternalsingularity:combined_singularity:13, 地质奇点
eternalsingularity:combined_singularity:14, 天使奇点
eternalsingularity:combined_singularity:15, 惯习奇点
extracells:part.base:0, ME流体输出总线
extracells:part.base:1, ME流体输入总线
extracells:part.base:2, ME流体存储总线
extracells:part.base:3, ME流体终端
extracells:part.base:4, ME流体发信器
extracells:part.base:5, ME流体破坏面板
extracells:part.base:6, ME流体成型面板
extracells:part.base:7, ME驱动固定器
extracells:part.base:8, ME能量单元固定器
extracells:part.base:9, ME流体接口
extracells:part.base:10, ME流体存储监控器
extracells:part.base:11, ME流体交换监控器
extracells:part.base:12, ME矿典输出总线
extracells:storage.fluid:0, 1k-ME流体存储元件
extracells:storage.fluid:1, 4k-ME流体存储元件
extracells:storage.fluid:2, 16k-ME流体存储元件
extracells:storage.fluid:3, 64k-ME流体存储元件
extracells:storage.fluid:4, 256k-ME流体存储元件
extracells:storage.fluid:5, 1024k-ME流体存储元件
extracells:storage.fluid:6, 4096k-ME流体存储元件
extracells:storage.physical:0, 256k-ME存储元件
extracells:storage.physical:1, 1024k-ME存储元件
extracells:storage.physical:2, 4096k-ME存储元件
extracells:storage.physical:3, 16384k-ME存储元件
extracells:storage.physical:4, ME方块容器 - 空
extracells:storage.physical:4, ME方块容器 - 空
extracells:pattern.fluid:0, ME流体模板
extracells:pattern.fluid:0, ME流体模板: 水
extracells:pattern.fluid:0, ME流体模板: 熔岩
extracells:pattern.fluid:0, ME流体模板: 含杂天华
extracells:pattern.fluid:0, ME流体模板: 天华
extracells:pattern.fluid:0, ME流体模板: 蒸汽
extracells:pattern.fluid:0, ME流体模板: 灵魂原油
extracells:pattern.fluid:0, ME流体模板: 矮人燃油
extracells:pattern.fluid:0, ME流体模板: 矮人燃气
extracells:pattern.fluid:0, ME流体模板: 熔融铁
extracells:pattern.fluid:0, ME流体模板: 熔融金
extracells:pattern.fluid:0, ME流体模板: 熔融铅
extracells:pattern.fluid:0, ME流体模板: 熔融青铜
extracells:pattern.fluid:0, ME流体模板: 熔融银
extracells:pattern.fluid:0, ME流体模板: 熔融黎明石
extracells:pattern.fluid:0, ME流体模板: 熔融锡
extracells:pattern.fluid:0, ME流体模板: 熔融铝
extracells:pattern.fluid:0, ME流体模板: 熔融镍
extracells:pattern.fluid:0, ME流体模板: 熔融Bronze
extracells:pattern.fluid:0, ME流体模板: 熔融琥珀金
extracells:pattern.fluid:0, ME流体模板: 炼金红石浆液
extracells:pattern.fluid:0, ME流体模板: UU物质
extracells:pattern.fluid:0, ME流体模板: 建筑泡沫
extracells:pattern.fluid:0, ME流体模板: IC2冷却液
extracells:pattern.fluid:0, ME流体模板: 杂酚油
extracells:pattern.fluid:0, ME流体模板: IC2热冷却液
extracells:pattern.fluid:0, ME流体模板: 绳状熔岩
extracells:pattern.fluid:0, ME流体模板: 生物质
extracells:pattern.fluid:0, ME流体模板: 沼气
extracells:pattern.fluid:0, ME流体模板: 蒸馏水
extracells:pattern.fluid:0, ME流体模板: 过热蒸汽
extracells:pattern.fluid:0, ME流体模板: 蒸汽
extracells:pattern.fluid:0, ME流体模板: 温泉水
extracells:pattern.fluid:0, ME流体模板: 除草剂喷雾
extracells:pattern.fluid:0, ME流体模板: 空气
extracells:pattern.fluid:0, ME流体模板: 氢气
extracells:pattern.fluid:0, ME流体模板: 氧气
extracells:pattern.fluid:0, ME流体模板: 重水
extracells:pattern.fluid:0, ME流体模板: Milk
extracells:pattern.fluid:0, ME流体模板: 原油（§b冷§r）
extracells:pattern.fluid:0, ME流体模板: 原油（§6热§r）
extracells:pattern.fluid:0, ME流体模板: 原油（§c炽热§r）
extracells:pattern.fluid:0, ME流体模板: 残渣（§b冷§r）
extracells:pattern.fluid:0, ME流体模板: 残渣（§6热§r）
extracells:pattern.fluid:0, ME流体模板: 残渣（§c炽热§r）
extracells:pattern.fluid:0, ME流体模板: 重油（§b冷§r）
extracells:pattern.fluid:0, ME流体模板: 重油（§6热§r）
extracells:pattern.fluid:0, ME流体模板: 重油（§c炽热§r）
extracells:pattern.fluid:0, ME流体模板: 稠油（§b冷§r）
extracells:pattern.fluid:0, ME流体模板: 稠油（§6热§r）
extracells:pattern.fluid:0, ME流体模板: 稠油（§c炽热§r）
extracells:pattern.fluid:0, ME流体模板: 蒸馏油（§b冷§r）
extracells:pattern.fluid:0, ME流体模板: 蒸馏油（§6热§r）
extracells:pattern.fluid:0, ME流体模板: 蒸馏油（§c炽热§r）
extracells:pattern.fluid:0, ME流体模板: 稠密燃油（§b冷§r）
extracells:pattern.fluid:0, ME流体模板: 稠密燃油（§6热§r）
extracells:pattern.fluid:0, ME流体模板: 稠密燃油（§c炽热§r）
extracells:pattern.fluid:0, ME流体模板: 混合重质燃油（§b冷§r）
extracells:pattern.fluid:0, ME流体模板: 混合重质燃油（§6热§r）
extracells:pattern.fluid:0, ME流体模板: 混合重质燃油（§c炽热§r）
extracells:pattern.fluid:0, ME流体模板: 汽油（§b冷§r）
extracells:pattern.fluid:0, ME流体模板: 汽油（§6热§r）
extracells:pattern.fluid:0, ME流体模板: 汽油（§c炽热§r）
extracells:pattern.fluid:0, ME流体模板: 混合轻质燃油（§b冷§r）
extracells:pattern.fluid:0, ME流体模板: 混合轻质燃油（§6热§r）
extracells:pattern.fluid:0, ME流体模板: 混合轻质燃油（§c炽热§r）
extracells:pattern.fluid:0, ME流体模板: 气态燃油（§b冷§r）
extracells:pattern.fluid:0, ME流体模板: 气态燃油（§6热§r）
extracells:pattern.fluid:0, ME流体模板: 气态燃油（§c炽热§r）
extracells:pattern.fluid:0, ME流体模板: 乙醇
extracells:pattern.fluid:0, ME流体模板: 生物质
extracells:pattern.fluid:0, ME流体模板: 玻璃
extracells:pattern.fluid:0, ME流体模板: 蜂蜜
extracells:pattern.fluid:0, ME流体模板: 碎冰
extracells:pattern.fluid:0, ME流体模板: 果汁
extracells:pattern.fluid:0, ME流体模板: 牛奶
extracells:pattern.fluid:0, ME流体模板: 种子油
extracells:pattern.fluid:0, ME流体模板: 蜂蜜酒
extracells:pattern.fluid:0, ME流体模板: 杂酚油
extracells:pattern.fluid:0, ME流体模板: 植物油
extracells:pattern.fluid:0, ME流体模板: 乙醇
extracells:pattern.fluid:0, ME流体模板: 生物柴油
extracells:pattern.fluid:0, ME流体模板: 液态混凝土
extracells:pattern.fluid:0, ME流体模板: 药水
extracells:pattern.fluid:0, ME流体模板: #50eaff-ff66ff-ff6633彩虹源质
extracells:pattern.fluid:0, ME流体模板: 纯净天华
extracells:pattern.fluid:0, ME流体模板: 一级净化水
extracells:pattern.fluid:0, ME流体模板: 二级净化水
extracells:pattern.fluid:0, ME流体模板: 三级净化水
extracells:pattern.fluid:0, ME流体模板: 四级净化水
extracells:pattern.fluid:0, ME流体模板: 五级净化水
extracells:pattern.fluid:0, ME流体模板: 六级净化水
extracells:pattern.fluid:0, ME流体模板: 七级净化水
extracells:pattern.fluid:0, ME流体模板: 八级净化水
extracells:pattern.fluid:0, ME流体模板: 魔力
extracells:pattern.fluid:0, ME流体模板: 熔融海珀珍
extracells:pattern.fluid:0, ME流体模板: 熔融三钛-双锂合金
extracells:pattern.fluid:0, ME流体模板: 熔融三钛
extracells:pattern.fluid:0, ME流体模板: 熔融双锂
extracells:pattern.fluid:0, ME流体模板: 熔融无尽
extracells:pattern.fluid:0, ME流体模板: 龙血
extracells:pattern.fluid:0, ME流体模板: 熔融鲁格诺
extracells:pattern.fluid:0, ME流体模板: 阳光源质
extracells:pattern.fluid:0, ME流体模板: 以太源质
extracells:pattern.fluid:0, ME流体模板: 粉红源质
extracells:pattern.fluid:0, ME流体模板: 诱变剂
extracells:pattern.fluid:0, ME流体模板: 液态基因
extracells:pattern.fluid:0, ME流体模板: 蛋白质
extracells:pattern.fluid:0, ME流体模板: 蚀刻酸
extracells:pattern.fluid:0, ME流体模板: 液态塑料
extracells:pattern.fluid:0, ME流体模板: 液化石油气（LPG）
extracells:pattern.fluid:0, ME流体模板: 燃油
extracells:pattern.fluid:0, ME流体模板: 煤油
extracells:pattern.fluid:0, ME流体模板: 柴油
extracells:pattern.fluid:0, ME流体模板: 润滑油
extracells:pattern.fluid:0, ME流体模板: 汽油
extracells:pattern.fluid:0, ME流体模板: 凝固汽油
extracells:pattern.fluid:0, ME流体模板: 精华液
extracells:pattern.fluid:0, ME流体模板: 肉汤
extracells:pattern.fluid:0, ME流体模板: 胶乳
extracells:pattern.fluid:0, ME流体模板: 污水
extracells:pattern.fluid:0, ME流体模板: 淤泥
extracells:pattern.fluid:0, ME流体模板: 生物燃油
extracells:pattern.fluid:0, ME流体模板: 粉红粘液
extracells:pattern.fluid:0, ME流体模板: 蛋白质
extracells:pattern.fluid:0, ME流体模板: 生矿物肉汤
extracells:pattern.fluid:0, ME流体模板: 发酵矿物肉汤
extracells:pattern.fluid:0, ME流体模板: 门瑞欧树脂
extracells:pattern.fluid:0, ME流体模板: 紫颂果汁
extracells:pattern.fluid:0, ME流体模板: 熔融雷电
extracells:pattern.fluid:0, ME流体模板: 熔融天域
extracells:pattern.fluid:0, ME流体模板: 熔融神秘
extracells:pattern.fluid:0, ME流体模板: 枫液
extracells:pattern.fluid:0, ME流体模板: 枫糖
extracells:pattern.fluid:0, ME流体模板: 桦液
extracells:pattern.fluid:0, ME流体模板: 桦糖
extracells:pattern.fluid:0, ME流体模板: 余热蒸汽
extracells:pattern.fluid:0, ME流体模板: 蒸馏水
extracells:pattern.fluid:0, ME流体模板: 燃烧废气
extracells:pattern.fluid:0, ME流体模板: 高压蒸汽
extracells:pattern.fluid:0, ME流体模板: 温泉水
extracells:pattern.fluid:0, ME流体模板: 熔融盐
extracells:pattern.fluid:0, ME流体模板: 熔融钠
extracells:pattern.fluid:0, ME流体模板: 过热熔融钠
extracells:pattern.fluid:0, ME流体模板: 氯气
extracells:pattern.fluid:0, ME流体模板: 石油
extracells:pattern.fluid:0, ME流体模板: 柴油
extracells:pattern.fluid:0, ME流体模板: 等离子物质
extracells:pattern.fluid:0, ME流体模板: 熔融三钛合金
extracells:pattern.fluid:0, ME流体模板: 氧
extracells:pattern.fluid:0, ME流体模板: 氢
extracells:pattern.fluid:0, ME流体模板: 氘
extracells:pattern.fluid:0, ME流体模板: 氚
extracells:pattern.fluid:0, ME流体模板: 氦-3
extracells:pattern.fluid:0, ME流体模板: 氦
extracells:pattern.fluid:0, ME流体模板: 熔融硼-10
extracells:pattern.fluid:0, ME流体模板: 熔融硼-11
extracells:pattern.fluid:0, ME流体模板: 熔融锂-6
extracells:pattern.fluid:0, ME流体模板: 熔融锂-7
extracells:pattern.fluid:0, ME流体模板: 熔融钢
extracells:pattern.fluid:0, ME流体模板: 熔融硼铁合金
extracells:pattern.fluid:0, ME流体模板: 熔融高强合金
extracells:pattern.fluid:0, ME流体模板: 熔融硬碳
extracells:pattern.fluid:0, ME流体模板: 液态煤炭
extracells:pattern.fluid:0, ME流体模板: 熔融铍
extracells:pattern.fluid:0, ME流体模板: 熔融锆
extracells:pattern.fluid:0, ME流体模板: 熔融二氧化锰
extracells:pattern.fluid:0, ME流体模板: 熔融硫
extracells:pattern.fluid:0, ME流体模板: 液氦
extracells:pattern.fluid:0, ME流体模板: 液氮
extracells:pattern.fluid:0, ME流体模板: 重水
extracells:pattern.fluid:0, ME流体模板: 谐振末影珍珠
extracells:pattern.fluid:0, ME流体模板: 熔融铅铂合金
extracells:pattern.fluid:0, ME流体模板: 熔融末影
extracells:pattern.fluid:0, ME流体模板: 极寒之凛冰
extracells:pattern.fluid:0, ME流体模板: 等离子体
extracells:pattern.fluid:0, ME流体模板: 甲醇
extracells:pattern.fluid:0, ME流体模板: 抗辐宁流体
extracells:pattern.fluid:0, ME流体模板: 缓效抗辐宁流体
extracells:pattern.fluid:0, ME流体模板: 注红石乙醇
extracells:pattern.fluid:0, ME流体模板: 氮
extracells:pattern.fluid:0, ME流体模板: 氟
extracells:pattern.fluid:0, ME流体模板: 二氧化碳
extracells:pattern.fluid:0, ME流体模板: 一氧化碳
extracells:pattern.fluid:0, ME流体模板: 乙烯
extracells:pattern.fluid:0, ME流体模板: 氟甲烷
extracells:pattern.fluid:0, ME流体模板: 氨
extracells:pattern.fluid:0, ME流体模板: 二氟化氧
extracells:pattern.fluid:0, ME流体模板: 乙硼烷
extracells:pattern.fluid:0, ME流体模板: 二氧化硫
extracells:pattern.fluid:0, ME流体模板: 三氧化硫
extracells:pattern.fluid:0, ME流体模板: 氢氟酸
extracells:pattern.fluid:0, ME流体模板: 硼酸
extracells:pattern.fluid:0, ME流体模板: 硫酸
extracells:pattern.fluid:0, ME流体模板: 氮化硼溶液
extracells:pattern.fluid:0, ME流体模板: 氟石溶液
extracells:pattern.fluid:0, ME流体模板: 硫酸钙溶液
extracells:pattern.fluid:0, ME流体模板: 氟化钠溶液
extracells:pattern.fluid:0, ME流体模板: 氟化钾溶液
extracells:pattern.fluid:0, ME流体模板: 氢氧化钠溶液
extracells:pattern.fluid:0, ME流体模板: 氢氧化钾溶液
extracells:pattern.fluid:0, ME流体模板: 硼砂溶液
extracells:pattern.fluid:0, ME流体模板: 辐照硼砂溶液
extracells:pattern.fluid:0, ME流体模板: 堆芯熔融物
extracells:pattern.fluid:0, ME流体模板: 泥状冰
extracells:pattern.fluid:0, ME流体模板: 可可浆
extracells:pattern.fluid:0, ME流体模板: 可可脂
extracells:pattern.fluid:0, ME流体模板: 熔化无糖巧克力
extracells:pattern.fluid:0, ME流体模板: 熔化黑巧克力
extracells:pattern.fluid:0, ME流体模板: 熔化牛奶巧克力
extracells:pattern.fluid:0, ME流体模板: 糖液
extracells:pattern.fluid:0, ME流体模板: 熔融明胶
extracells:pattern.fluid:0, ME流体模板: 水合明胶
extracells:pattern.fluid:0, ME流体模板: 溶糖丝
extracells:pattern.fluid:0, ME流体模板: 熔融氟化锂
extracells:pattern.fluid:0, ME流体模板: 熔融氟化铍
extracells:pattern.fluid:0, ME流体模板: 熔融氟锂铍盐混合物
extracells:pattern.fluid:0, ME流体模板: 熔融氢氧化钠
extracells:pattern.fluid:0, ME流体模板: 熔融氢氧化钾
extracells:pattern.fluid:0, ME流体模板: 高压蒸汽
extracells:pattern.fluid:0, ME流体模板: 废蒸汽
extracells:pattern.fluid:0, ME流体模板: 低压蒸汽
extracells:pattern.fluid:0, ME流体模板: 低质蒸汽
extracells:pattern.fluid:0, ME流体模板: 预热水
extracells:pattern.fluid:0, ME流体模板: 冷凝水
extracells:pattern.fluid:0, ME流体模板: 熔融钠
extracells:pattern.fluid:0, ME流体模板: 熔融钾
extracells:pattern.fluid:0, ME流体模板: 共晶钠钾合金
extracells:pattern.fluid:0, ME流体模板: 热共晶钠钾合金
extracells:pattern.fluid:0, ME流体模板: 应急冷却剂
extracells:pattern.fluid:0, ME流体模板: 高温应急冷却剂
extracells:pattern.fluid:0, ME流体模板: 砷蒸汽
extracells:pattern.fluid:0, ME流体模板: 熔融砷化硼
extracells:pattern.fluid:0, ME流体模板: 碳化硅蒸汽
extracells:pattern.fluid:0, ME流体模板: 熔融银铝
extracells:pattern.fluid:0, ME流体模板: 熔融矾土
extracells:pattern.fluid:0, ME流体模板: 熔融锶-90
extracells:pattern.fluid:0, ME流体模板: 熔融钼
extracells:pattern.fluid:0, ME流体模板: 熔融钌-106
extracells:pattern.fluid:0, ME流体模板: 熔融铯-137
extracells:pattern.fluid:0, ME流体模板: 熔融钷-147
extracells:pattern.fluid:0, ME流体模板: 熔融铕-155
extracells:pattern.fluid:0, ME流体模板: 熔融钍
extracells:pattern.fluid:0, ME流体模板: 熔融铀
extracells:pattern.fluid:0, ME流体模板: 熔融铀-233
extracells:pattern.fluid:0, ME流体模板: 熔融铀-235
extracells:pattern.fluid:0, ME流体模板: 熔融铀-238
extracells:pattern.fluid:0, ME流体模板: 熔融镎-236
extracells:pattern.fluid:0, ME流体模板: 熔融镎-237
extracells:pattern.fluid:0, ME流体模板: 熔融钚-238
extracells:pattern.fluid:0, ME流体模板: 熔融钚-239
extracells:pattern.fluid:0, ME流体模板: 熔融钚-241
extracells:pattern.fluid:0, ME流体模板: 熔融钚-242
extracells:pattern.fluid:0, ME流体模板: 熔融镅-241
extracells:pattern.fluid:0, ME流体模板: 熔融镅-242
extracells:pattern.fluid:0, ME流体模板: 熔融镅-243
extracells:pattern.fluid:0, ME流体模板: 熔融锔-243
extracells:pattern.fluid:0, ME流体模板: 熔融锔-245
extracells:pattern.fluid:0, ME流体模板: 熔融锔-246
extracells:pattern.fluid:0, ME流体模板: 熔融锔-247
extracells:pattern.fluid:0, ME流体模板: 熔融锫-247
extracells:pattern.fluid:0, ME流体模板: 熔融锫-248
extracells:pattern.fluid:0, ME流体模板: 熔融锎-249
extracells:pattern.fluid:0, ME流体模板: 熔融锎-250
extracells:pattern.fluid:0, ME流体模板: 熔融锎-251
extracells:pattern.fluid:0, ME流体模板: 熔融锎-252
extracells:pattern.fluid:0, ME流体模板: 熔融钍增殖铀
extracells:pattern.fluid:0, ME流体模板: 熔融钍增殖铀 氟化物
extracells:pattern.fluid:0, ME流体模板: 熔融钍增殖铀 氟化物燃料氟锂铍盐溶液
extracells:pattern.fluid:0, ME流体模板: 熔融低浓缩铀-233
extracells:pattern.fluid:0, ME流体模板: 熔融低浓缩铀-233 氟化物
extracells:pattern.fluid:0, ME流体模板: 熔融低浓缩铀-233 氟化物燃料氟锂铍盐溶液
extracells:pattern.fluid:0, ME流体模板: 熔融高浓缩铀-233
extracells:pattern.fluid:0, ME流体模板: 熔融高浓缩铀-233 氟化物
extracells:pattern.fluid:0, ME流体模板: 熔融高浓缩铀-233 氟化物燃料氟锂铍盐溶液
extracells:pattern.fluid:0, ME流体模板: 熔融低浓缩铀-235
extracells:pattern.fluid:0, ME流体模板: 熔融低浓缩铀-235 氟化物
extracells:pattern.fluid:0, ME流体模板: 熔融低浓缩铀-235 氟化物燃料氟锂铍盐溶液
extracells:pattern.fluid:0, ME流体模板: 熔融高浓缩铀-235
extracells:pattern.fluid:0, ME流体模板: 熔融高浓缩铀-235 氟化物
extracells:pattern.fluid:0, ME流体模板: 熔融高浓缩铀-235 氟化物燃料氟锂铍盐溶液
extracells:pattern.fluid:0, ME流体模板: 熔融低浓缩镎-236
extracells:pattern.fluid:0, ME流体模板: 熔融低浓缩镎-236 氟化物
extracells:pattern.fluid:0, ME流体模板: 熔融低浓缩镎-236 氟化物燃料氟锂铍盐溶液
extracells:pattern.fluid:0, ME流体模板: 熔融高浓缩镎-236
extracells:pattern.fluid:0, ME流体模板: 熔融高浓缩镎-236 氟化物
extracells:pattern.fluid:0, ME流体模板: 熔融高浓缩镎-236 氟化物燃料氟锂铍盐溶液
extracells:pattern.fluid:0, ME流体模板: 熔融低浓缩钚-239
extracells:pattern.fluid:0, ME流体模板: 熔融低浓缩钚-239 氟化物
extracells:pattern.fluid:0, ME流体模板: 熔融低浓缩钚-239 氟化物燃料氟锂铍盐溶液
extracells:pattern.fluid:0, ME流体模板: 熔融高浓缩钚-239
extracells:pattern.fluid:0, ME流体模板: 熔融高浓缩钚-239 氟化物
extracells:pattern.fluid:0, ME流体模板: 熔融高浓缩钚-239 氟化物燃料氟锂铍盐溶液
extracells:pattern.fluid:0, ME流体模板: 熔融低浓缩钚-241
extracells:pattern.fluid:0, ME流体模板: 熔融低浓缩钚-241 氟化物
extracells:pattern.fluid:0, ME流体模板: 熔融低浓缩钚-241 氟化物燃料氟锂铍盐溶液
extracells:pattern.fluid:0, ME流体模板: 熔融高浓缩钚-241
extracells:pattern.fluid:0, ME流体模板: 熔融高浓缩钚-241 氟化物
extracells:pattern.fluid:0, ME流体模板: 熔融高浓缩钚-241 氟化物燃料氟锂铍盐溶液
extracells:pattern.fluid:0, ME流体模板: 熔融混合燃料-239
extracells:pattern.fluid:0, ME流体模板: 熔融混合燃料氟化物-239
extracells:pattern.fluid:0, ME流体模板: 熔融混合燃料氟化物-239
extracells:pattern.fluid:0, ME流体模板: 熔融混合燃料-241
extracells:pattern.fluid:0, ME流体模板: 熔融混合燃料氟化物-241
extracells:pattern.fluid:0, ME流体模板: 熔融混合燃料氟化物-241
extracells:pattern.fluid:0, ME流体模板: 熔融低浓缩镅-242
extracells:pattern.fluid:0, ME流体模板: 熔融低浓缩镅-242 氟化物
extracells:pattern.fluid:0, ME流体模板: 熔融低浓缩镅-242 氟化物燃料氟锂铍盐溶液
extracells:pattern.fluid:0, ME流体模板: 熔融高浓缩镅-242
extracells:pattern.fluid:0, ME流体模板: 熔融高浓缩镅-242 氟化物
extracells:pattern.fluid:0, ME流体模板: 熔融高浓缩镅-242 氟化物燃料氟锂铍盐溶液
extracells:pattern.fluid:0, ME流体模板: 熔融低浓缩锔-243
extracells:pattern.fluid:0, ME流体模板: 熔融低浓缩锔-243 氟化物
extracells:pattern.fluid:0, ME流体模板: 熔融低浓缩锔-243 氟化物燃料氟锂铍盐溶液
extracells:pattern.fluid:0, ME流体模板: 熔融高浓缩锔-243
extracells:pattern.fluid:0, ME流体模板: 熔融高浓缩锔-243 氟化物
extracells:pattern.fluid:0, ME流体模板: 熔融高浓缩锔-243 氟化物燃料氟锂铍盐溶液
extracells:pattern.fluid:0, ME流体模板: 熔融低浓缩锔-245
extracells:pattern.fluid:0, ME流体模板: 熔融低浓缩锔-245 氟化物
extracells:pattern.fluid:0, ME流体模板: 熔融低浓缩锔-245 氟化物燃料氟锂铍盐溶液
extracells:pattern.fluid:0, ME流体模板: 熔融高浓缩锔-245
extracells:pattern.fluid:0, ME流体模板: 熔融高浓缩锔-245 氟化物
extracells:pattern.fluid:0, ME流体模板: 熔融高浓缩锔-245 氟化物燃料氟锂铍盐溶液
extracells:pattern.fluid:0, ME流体模板: 熔融低浓缩锔-247
extracells:pattern.fluid:0, ME流体模板: 熔融低浓缩锔-247 氟化物
extracells:pattern.fluid:0, ME流体模板: 熔融低浓缩锔-247 氟化物燃料氟锂铍盐溶液
extracells:pattern.fluid:0, ME流体模板: 熔融高浓缩锔-247
extracells:pattern.fluid:0, ME流体模板: 熔融高浓缩锔-247 氟化物
extracells:pattern.fluid:0, ME流体模板: 熔融高浓缩锔-247 氟化物燃料氟锂铍盐溶液
extracells:pattern.fluid:0, ME流体模板: 熔融低浓缩锫-248
extracells:pattern.fluid:0, ME流体模板: 熔融低浓缩锫-248 氟化物
extracells:pattern.fluid:0, ME流体模板: 熔融低浓缩锫-248 氟化物燃料氟锂铍盐溶液
extracells:pattern.fluid:0, ME流体模板: 熔融高浓缩锫-248
extracells:pattern.fluid:0, ME流体模板: 熔融高浓缩锫-248 氟化物
extracells:pattern.fluid:0, ME流体模板: 熔融高浓缩锫-248 氟化物燃料氟锂铍盐溶液
extracells:pattern.fluid:0, ME流体模板: 熔融低浓缩锎-249
extracells:pattern.fluid:0, ME流体模板: 熔融低浓缩锎-249 氟化物
extracells:pattern.fluid:0, ME流体模板: 熔融低浓缩锎-249 氟化物燃料氟锂铍盐溶液
extracells:pattern.fluid:0, ME流体模板: 熔融高浓缩锎-249
extracells:pattern.fluid:0, ME流体模板: 熔融高浓缩锎-249 氟化物
extracells:pattern.fluid:0, ME流体模板: 熔融高浓缩锎-249 氟化物燃料氟锂铍盐溶液
extracells:pattern.fluid:0, ME流体模板: 熔融低浓缩锎-251
extracells:pattern.fluid:0, ME流体模板: 熔融低浓缩锎-251 氟化物
extracells:pattern.fluid:0, ME流体模板: 熔融低浓缩锎-251 氟化物燃料氟锂铍盐溶液
extracells:pattern.fluid:0, ME流体模板: 熔融高浓缩锎-251
extracells:pattern.fluid:0, ME流体模板: 熔融高浓缩锎-251 氟化物
extracells:pattern.fluid:0, ME流体模板: 熔融高浓缩锎-251 氟化物燃料氟锂铍盐溶液
extracells:pattern.fluid:0, ME流体模板: 熔融枯竭钍增殖铀燃料
extracells:pattern.fluid:0, ME流体模板: 熔融枯竭钍增殖铀 氟化物
extracells:pattern.fluid:0, ME流体模板: 熔融枯竭钍增殖铀 氟化物燃料氟锂铍盐溶液
extracells:pattern.fluid:0, ME流体模板: 熔融枯竭低浓缩铀-233
extracells:pattern.fluid:0, ME流体模板: 熔融枯竭低浓缩铀-233 氟化物
extracells:pattern.fluid:0, ME流体模板: 熔融枯竭低浓缩铀-233 氟化物燃料氟锂铍盐溶液
extracells:pattern.fluid:0, ME流体模板: 熔融枯竭高浓缩铀-233
extracells:pattern.fluid:0, ME流体模板: 熔融枯竭高浓缩铀-233 氟化物
extracells:pattern.fluid:0, ME流体模板: 熔融枯竭高浓缩铀-233 氟化物燃料氟锂铍盐溶液
extracells:pattern.fluid:0, ME流体模板: 熔融枯竭低浓缩铀-235
extracells:pattern.fluid:0, ME流体模板: 熔融枯竭低浓缩铀-235 氟化物
extracells:pattern.fluid:0, ME流体模板: 熔融枯竭低浓缩铀-235 氟化物燃料氟锂铍盐溶液
extracells:pattern.fluid:0, ME流体模板: 熔融枯竭高浓缩铀-235
extracells:pattern.fluid:0, ME流体模板: 熔融枯竭高浓缩铀-235 氟化物
extracells:pattern.fluid:0, ME流体模板: 熔融枯竭高浓缩铀-235 氟化物燃料氟锂铍盐溶液
extracells:pattern.fluid:0, ME流体模板: 熔融枯竭低浓缩镎-236
extracells:pattern.fluid:0, ME流体模板: 熔融枯竭低浓缩镎-236 氟化物
extracells:pattern.fluid:0, ME流体模板: 熔融枯竭低浓缩镎-236 氟化物燃料氟锂铍盐溶液
extracells:pattern.fluid:0, ME流体模板: 熔融枯竭高浓缩镎-236
extracells:pattern.fluid:0, ME流体模板: 熔融枯竭高浓缩镎-236 氟化物
extracells:pattern.fluid:0, ME流体模板: 熔融枯竭高浓缩镎-236 氟化物燃料氟锂铍盐溶液
extracells:pattern.fluid:0, ME流体模板: 熔融枯竭低浓缩钚-239
extracells:pattern.fluid:0, ME流体模板: 熔融枯竭低浓缩钚-239 氟化物
extracells:pattern.fluid:0, ME流体模板: 熔融枯竭低浓缩钚-239 氟化物燃料氟锂铍盐溶液
extracells:pattern.fluid:0, ME流体模板: 熔融枯竭高浓缩钚-239
extracells:pattern.fluid:0, ME流体模板: 熔融枯竭高浓缩钚-239 氟化物
extracells:pattern.fluid:0, ME流体模板: 熔融枯竭高浓缩钚-239 氟化物燃料氟锂铍盐溶液
extracells:pattern.fluid:0, ME流体模板: 熔融枯竭低浓缩钚-241
extracells:pattern.fluid:0, ME流体模板: 熔融枯竭低浓缩钚-241 氟化物
extracells:pattern.fluid:0, ME流体模板: 熔融枯竭低浓缩钚-241 氟化物燃料氟锂铍盐溶液
extracells:pattern.fluid:0, ME流体模板: 熔融枯竭高浓缩钚-241
extracells:pattern.fluid:0, ME流体模板: 熔融枯竭高浓缩钚-241 氟化物
extracells:pattern.fluid:0, ME流体模板: 熔融枯竭高浓缩钚-241 氟化物燃料氟锂铍盐溶液
extracells:pattern.fluid:0, ME流体模板: 熔融枯竭混合燃料-239
extracells:pattern.fluid:0, ME流体模板: 熔融枯竭混合燃料氟化物-239
extracells:pattern.fluid:0, ME流体模板: 熔融枯竭混合燃料氟化物-239
extracells:pattern.fluid:0, ME流体模板: 熔融枯竭混合燃料-241
extracells:pattern.fluid:0, ME流体模板: 熔融枯竭混合燃料氟化物-241
extracells:pattern.fluid:0, ME流体模板: 熔融枯竭混合燃料氟化物-241
extracells:pattern.fluid:0, ME流体模板: 熔融枯竭低浓缩镅-242
extracells:pattern.fluid:0, ME流体模板: 熔融枯竭低浓缩镅-242 氟化物
extracells:pattern.fluid:0, ME流体模板: 熔融枯竭低浓缩镅-242 氟化物燃料氟锂铍盐溶液
extracells:pattern.fluid:0, ME流体模板: 熔融枯竭高浓缩镅-242
extracells:pattern.fluid:0, ME流体模板: 熔融枯竭高浓缩镅-242 氟化物
extracells:pattern.fluid:0, ME流体模板: 熔融枯竭高浓缩镅-242 氟化物燃料氟锂铍盐溶液
extracells:pattern.fluid:0, ME流体模板: 熔融枯竭低浓缩锔-243
extracells:pattern.fluid:0, ME流体模板: 熔融枯竭低浓缩锔-243 氟化物
extracells:pattern.fluid:0, ME流体模板: 熔融枯竭低浓缩锔-243 氟化物燃料氟锂铍盐溶液
extracells:pattern.fluid:0, ME流体模板: 熔融枯竭高浓缩锔-243
extracells:pattern.fluid:0, ME流体模板: 熔融枯竭高浓缩锔-243 氟化物
extracells:pattern.fluid:0, ME流体模板: 熔融枯竭高浓缩锔-243 氟化物燃料氟锂铍盐溶液
extracells:pattern.fluid:0, ME流体模板: 熔融枯竭低浓缩锔-245
extracells:pattern.fluid:0, ME流体模板: 熔融枯竭低浓缩锔-245 氟化物
extracells:pattern.fluid:0, ME流体模板: 熔融枯竭低浓缩锔-245 氟化物燃料氟锂铍盐溶液
extracells:pattern.fluid:0, ME流体模板: 熔融枯竭高浓缩锔-245
extracells:pattern.fluid:0, ME流体模板: 熔融枯竭高浓缩锔-245 氟化物
extracells:pattern.fluid:0, ME流体模板: 熔融枯竭高浓缩锔-245 氟化物燃料氟锂铍盐溶液
extracells:pattern.fluid:0, ME流体模板: 熔融枯竭低浓缩锔-247
extracells:pattern.fluid:0, ME流体模板: 熔融枯竭低浓缩锔-247 氟化物
extracells:pattern.fluid:0, ME流体模板: 熔融枯竭低浓缩锔-247 氟化物燃料氟锂铍盐溶液
extracells:pattern.fluid:0, ME流体模板: 熔融枯竭高浓缩锔-247
extracells:pattern.fluid:0, ME流体模板: 熔融枯竭高浓缩锔-247 氟化物
extracells:pattern.fluid:0, ME流体模板: 熔融枯竭高浓缩锔-247 氟化物燃料氟锂铍盐溶液
extracells:pattern.fluid:0, ME流体模板: 熔融枯竭低浓缩锫-248
extracells:pattern.fluid:0, ME流体模板: 熔融枯竭低浓缩锫-248 氟化物
extracells:pattern.fluid:0, ME流体模板: 熔融枯竭低浓缩锫-248 氟化物燃料氟锂铍盐溶液
extracells:pattern.fluid:0, ME流体模板: 熔融枯竭高浓缩锫-248
extracells:pattern.fluid:0, ME流体模板: 熔融枯竭高浓缩锫-248 氟化物
extracells:pattern.fluid:0, ME流体模板: 熔融枯竭高浓缩锫-248 氟化物燃料氟锂铍盐溶液
extracells:pattern.fluid:0, ME流体模板: 熔融枯竭低浓缩锎-249
extracells:pattern.fluid:0, ME流体模板: 熔融枯竭低浓缩锎-249 氟化物
extracells:pattern.fluid:0, ME流体模板: 熔融枯竭低浓缩锎-249 氟化物燃料氟锂铍盐溶液
extracells:pattern.fluid:0, ME流体模板: 熔融枯竭高浓缩锎-249
extracells:pattern.fluid:0, ME流体模板: 熔融枯竭高浓缩锎-249 氟化物
extracells:pattern.fluid:0, ME流体模板: 熔融枯竭高浓缩锎-249 氟化物燃料氟锂铍盐溶液
extracells:pattern.fluid:0, ME流体模板: 熔融枯竭低浓缩锎-251
extracells:pattern.fluid:0, ME流体模板: 熔融枯竭低浓缩锎-251 氟化物
extracells:pattern.fluid:0, ME流体模板: 熔融枯竭低浓缩锎-251 氟化物燃料氟锂铍盐溶液
extracells:pattern.fluid:0, ME流体模板: 熔融枯竭高浓缩锎-251
extracells:pattern.fluid:0, ME流体模板: 熔融枯竭高浓缩锎-251 氟化物
extracells:pattern.fluid:0, ME流体模板: 熔融枯竭高浓缩锎-251 氟化物燃料氟锂铍盐溶液
extracells:pattern.fluid:0, ME流体模板: 共晶钠钾-铁混合物
extracells:pattern.fluid:0, ME流体模板: 热共晶钠钾-铁混合物
extracells:pattern.fluid:0, ME流体模板: 不稳定红石
extracells:pattern.fluid:0, ME流体模板: 共晶钠钾-红石混合物
extracells:pattern.fluid:0, ME流体模板: 热共晶钠钾-红石混合物
extracells:pattern.fluid:0, ME流体模板: 熔融石英
extracells:pattern.fluid:0, ME流体模板: 共晶钠钾-石英混合物
extracells:pattern.fluid:0, ME流体模板: 热共晶钠钾-石英混合物
extracells:pattern.fluid:0, ME流体模板: 熔融黑曜石
extracells:pattern.fluid:0, ME流体模板: 共晶钠钾-黑曜石混合物
extracells:pattern.fluid:0, ME流体模板: 热共晶钠钾-黑曜石混合物
extracells:pattern.fluid:0, ME流体模板: 熔融地狱岩
extracells:pattern.fluid:0, ME流体模板: 共晶钠钾-地狱岩混合物
extracells:pattern.fluid:0, ME流体模板: 热共晶钠钾-地狱岩混合物
extracells:pattern.fluid:0, ME流体模板: 充能液态荧石
extracells:pattern.fluid:0, ME流体模板: 共晶钠钾-荧石混合物
extracells:pattern.fluid:0, ME流体模板: 热共晶钠钾-荧石混合物
extracells:pattern.fluid:0, ME流体模板: 熔融青金石
extracells:pattern.fluid:0, ME流体模板: 共晶钠钾-青金石混合物
extracells:pattern.fluid:0, ME流体模板: 热共晶钠钾-青金石混合物
extracells:pattern.fluid:0, ME流体模板: 共晶钠钾-金混合物
extracells:pattern.fluid:0, ME流体模板: 热共晶钠钾-金混合物
extracells:pattern.fluid:0, ME流体模板: 熔融海晶石
extracells:pattern.fluid:0, ME流体模板: 共晶钠钾-海晶石混合物
extracells:pattern.fluid:0, ME流体模板: 热共晶钠钾-海晶石混合物
extracells:pattern.fluid:0, ME流体模板: 熔融史莱姆
extracells:pattern.fluid:0, ME流体模板: 共晶钠钾-史莱姆混合物
extracells:pattern.fluid:0, ME流体模板: 热共晶钠钾-史莱姆混合物
extracells:pattern.fluid:0, ME流体模板: 熔融末地石
extracells:pattern.fluid:0, ME流体模板: 共晶钠钾-末地石混合物
extracells:pattern.fluid:0, ME流体模板: 热共晶钠钾-末地石混合物
extracells:pattern.fluid:0, ME流体模板: 熔融紫珀
extracells:pattern.fluid:0, ME流体模板: 共晶钠钾-紫珀混合物
extracells:pattern.fluid:0, ME流体模板: 热共晶钠钾-紫珀混合物
extracells:pattern.fluid:0, ME流体模板: 熔融钻石
extracells:pattern.fluid:0, ME流体模板: 共晶钠钾-钻石混合物
extracells:pattern.fluid:0, ME流体模板: 热共晶钠钾-钻石混合物
extracells:pattern.fluid:0, ME流体模板: 熔融绿宝石
extracells:pattern.fluid:0, ME流体模板: 共晶钠钾-绿宝石混合物
extracells:pattern.fluid:0, ME流体模板: 热共晶钠钾-绿宝石混合物
extracells:pattern.fluid:0, ME流体模板: 共晶钠钾-铜混合物
extracells:pattern.fluid:0, ME流体模板: 热共晶钠钾-铜混合物
extracells:pattern.fluid:0, ME流体模板: 共晶钠钾-锡混合物
extracells:pattern.fluid:0, ME流体模板: 热共晶钠钾-锡混合物
extracells:pattern.fluid:0, ME流体模板: 共晶钠钾-铅混合物
extracells:pattern.fluid:0, ME流体模板: 热共晶钠钾-铅混合物
extracells:pattern.fluid:0, ME流体模板: 熔融硼
extracells:pattern.fluid:0, ME流体模板: 共晶钠钾-硼混合物
extracells:pattern.fluid:0, ME流体模板: 热共晶钠钾-硼混合物
extracells:pattern.fluid:0, ME流体模板: 熔融锂
extracells:pattern.fluid:0, ME流体模板: 共晶钠钾-锂混合物
extracells:pattern.fluid:0, ME流体模板: 热共晶钠钾-锂混合物
extracells:pattern.fluid:0, ME流体模板: 熔融镁
extracells:pattern.fluid:0, ME流体模板: 共晶钠钾-镁混合物
extracells:pattern.fluid:0, ME流体模板: 热共晶钠钾-镁混合物
extracells:pattern.fluid:0, ME流体模板: 熔融锰
extracells:pattern.fluid:0, ME流体模板: 共晶钠钾-锰混合物
extracells:pattern.fluid:0, ME流体模板: 热共晶钠钾-锰混合物
extracells:pattern.fluid:0, ME流体模板: 共晶钠钾-铝混合物
extracells:pattern.fluid:0, ME流体模板: 热共晶钠钾-铝混合物
extracells:pattern.fluid:0, ME流体模板: 共晶钠钾-银混合物
extracells:pattern.fluid:0, ME流体模板: 热共晶钠钾-银混合物
extracells:pattern.fluid:0, ME流体模板: 熔融氟石
extracells:pattern.fluid:0, ME流体模板: 共晶钠钾-氟石混合物
extracells:pattern.fluid:0, ME流体模板: 热共晶钠钾-氟石混合物
extracells:pattern.fluid:0, ME流体模板: 熔融氟盐
extracells:pattern.fluid:0, ME流体模板: 共晶钠钾-氟盐混合物
extracells:pattern.fluid:0, ME流体模板: 热共晶钠钾-氟盐混合物
extracells:pattern.fluid:0, ME流体模板: 熔融方氟钾石
extracells:pattern.fluid:0, ME流体模板: 共晶钠钾-方氟钾石混合物
extracells:pattern.fluid:0, ME流体模板: 热共晶钠钾-方氟钾石混合物
extracells:pattern.fluid:0, ME流体模板: 共晶钠钾-砷混合物
extracells:pattern.fluid:0, ME流体模板: 热共晶钠钾-砷混合物
extracells:pattern.fluid:0, ME流体模板: 共晶钠钾-氮混合物
extracells:pattern.fluid:0, ME流体模板: 热共晶钠钾-氮混合物
extracells:pattern.fluid:0, ME流体模板: 共晶钠钾-氦混合物
extracells:pattern.fluid:0, ME流体模板: 热共晶钠钾-氦混合物
extracells:pattern.fluid:0, ME流体模板: 共晶钠钾-末影混合物
extracells:pattern.fluid:0, ME流体模板: 热共晶钠钾-末影混合物
extracells:pattern.fluid:0, ME流体模板: 共晶钠钾-凛冰混合物
extracells:pattern.fluid:0, ME流体模板: 热共晶钠钾-凛冰混合物
extracells:pattern.fluid:0, ME流体模板: 盐酸
extracells:pattern.fluid:0, ME流体模板: 硝酸
extracells:pattern.fluid:0, ME流体模板: 氯化钠溶液
extracells:pattern.fluid:0, ME流体模板: 硝酸钠溶液
extracells:pattern.fluid:0, ME流体模板: 硝酸铅溶液
extracells:pattern.fluid:0, ME流体模板: 钨酸钠溶液
extracells:pattern.fluid:0, ME流体模板: 钨酸铅溶液
extracells:pattern.fluid:0, ME流体模板: 液氢
extracells:pattern.fluid:0, ME流体模板: 液氩
extracells:pattern.fluid:0, ME流体模板: 液氖
extracells:pattern.fluid:0, ME流体模板: 液氧
extracells:pattern.fluid:0, ME流体模板: 汞
extracells:pattern.fluid:0, ME流体模板: 热汞
extracells:pattern.fluid:0, ME流体模板: 液态碘
extracells:pattern.fluid:0, ME流体模板: 氩气
extracells:pattern.fluid:0, ME流体模板: 氖
extracells:pattern.fluid:0, ME流体模板: 一氧化氮
extracells:pattern.fluid:0, ME流体模板: 二氧化氮
extracells:pattern.fluid:0, ME流体模板: 压缩空气
extracells:pattern.fluid:0, ME流体模板: 熔融硅
extracells:pattern.fluid:0, ME流体模板: 熔融钇铝石榴石
extracells:pattern.fluid:0, ME流体模板: 熔融掺钕钇铝石榴石
extracells:pattern.fluid:0, ME流体模板: 熔融钨
extracells:pattern.fluid:0, ME流体模板: 熔融铌
extracells:pattern.fluid:0, ME流体模板: 熔融铬
extracells:pattern.fluid:0, ME流体模板: 熔融钛
extracells:pattern.fluid:0, ME流体模板: 熔融钴
extracells:pattern.fluid:0, ME流体模板: 熔融铪
extracells:pattern.fluid:0, ME流体模板: 熔融锌
extracells:pattern.fluid:0, ME流体模板: 熔融锇
extracells:pattern.fluid:0, ME流体模板: 熔融铱
extracells:pattern.fluid:0, ME流体模板: 熔融铂
extracells:pattern.fluid:0, ME流体模板: 熔融钙
extracells:pattern.fluid:0, ME流体模板: 熔融锶
extracells:pattern.fluid:0, ME流体模板: 熔融钇
extracells:pattern.fluid:0, ME流体模板: 熔融钕
extracells:pattern.fluid:0, ME流体模板: 熔融钐
extracells:pattern.fluid:0, ME流体模板: 熔融铽
extracells:pattern.fluid:0, ME流体模板: 熔融铒
extracells:pattern.fluid:0, ME流体模板: 熔融镱
extracells:pattern.fluid:0, ME流体模板: 熔融铋
extracells:pattern.fluid:0, ME流体模板: 熔融钋
extracells:pattern.fluid:0, ME流体模板: 熔融镭
extracells:pattern.fluid:0, ME流体模板: 碳蒸汽
extracells:pattern.fluid:0, ME流体模板: 熔融氯化钠
extracells:pattern.fluid:0, ME流体模板: 反氢
extracells:pattern.fluid:0, ME流体模板: 反氘
extracells:pattern.fluid:0, ME流体模板: 反氚
extracells:pattern.fluid:0, ME流体模板: 反氦-3
extracells:pattern.fluid:0, ME流体模板: 反氦
extracells:pattern.fluid:0, ME流体模板: 正电子偶素
extracells:pattern.fluid:0, ME流体模板: μ 子偶素
extracells:pattern.fluid:0, ME流体模板: τ 子偶素
extracells:pattern.fluid:0, ME流体模板: 胶球
extracells:pattern.fluid:0, ME流体模板: 魔力熔岩
extracells:pattern.fluid:0, ME流体模板: Wub Wub 果汁
extracells:pattern.fluid:0, ME流体模板: 墨水
extracells:pattern.fluid:0, ME流体模板: 青色墨水
extracells:pattern.fluid:0, ME流体模板: 品红色墨水
extracells:pattern.fluid:0, ME流体模板: 黄色墨水
extracells:pattern.fluid:0, ME流体模板: 蚀刻酸
extracells:pattern.fluid:0, ME流体模板: 蚁酸
extracells:pattern.fluid:0, ME流体模板: 盐水
extracells:pattern.fluid:0, ME流体模板: 芥子气
extracells:pattern.fluid:0, ME流体模板: 营养精华液
extracells:pattern.fluid:0, ME流体模板: 深渊露水
extracells:pattern.fluid:0, ME流体模板: 轻盈之气
extracells:pattern.fluid:0, ME流体模板: 烈酒
extracells:pattern.fluid:0, ME流体模板: 火箭燃料
extracells:pattern.fluid:0, ME流体模板: 火焰水
extracells:pattern.fluid:0, ME流体模板: 经验
extracells:pattern.fluid:0, ME流体模板: 液态阳光
extracells:pattern.fluid:0, ME流体模板: 云之精华
extracells:pattern.fluid:0, ME流体模板: 浓缩云之精华
extracells:pattern.fluid:0, ME流体模板: 火箭燃料
extracells:pattern.fluid:0, ME流体模板: 浓缩熔岩
extracells:pattern.fluid:0, ME流体模板: 咒波黏浆
extracells:pattern.fluid:0, ME流体模板: 死亡之水
extracells:pattern.fluid:0, ME流体模板: 净化之水
extracells:pattern.fluid:0, ME流体模板: 生命源质
extracells:pattern.fluid:0, ME流体模板: 苯
extracells:pattern.fluid:0, ME流体模板: 一氧化碳
extracells:pattern.fluid:0, ME流体模板: 甲烷
extracells:pattern.fluid:0, ME流体模板: 一氧化氮
extracells:pattern.fluid:0, ME流体模板: 发烟硫酸
extracells:pattern.fluid:0, ME流体模板: 溴
extracells:pattern.fluid:0, ME流体模板: 煤焦油
extracells:pattern.fluid:0, ME流体模板: fluid.glycerol
extracells:pattern.fluid:0, ME流体模板: fluid.blocksiomass
extracells:pattern.fluid:0, ME流体模板: 星能液
extracells:pattern.fluid:0, ME流体模板: 热油
extracells:pattern.fluid:0, ME流体模板: 轻油
extracells:pattern.fluid:0, ME流体模板: 重油
extracells:pattern.fluid:0, ME流体模板: 天然气
extracells:pattern.fluid:0, ME流体模板: 石脑油
extracells:pattern.fluid:0, ME流体模板: 木煤气
extracells:terminal.fluid.wireless, item.extracells.terminal.fluid.wireless.name
extracells:storage.component:0, 256k-ME存储组件
extracells:storage.component:1, 1024k-ME存储组件
extracells:storage.component:2, 4096k-ME存储组件
extracells:storage.component:3, 16384k-ME存储组件
extracells:storage.component:4, 1k-ME流体存储组件
extracells:storage.component:5, 4k-ME流体存储组件
extracells:storage.component:6, 16k-ME流体存储组件
extracells:storage.component:7, 64k-ME流体存储组件
extracells:storage.component:8, 256k-ME流体存储组件
extracells:storage.component:9, 1024k-ME流体存储组件
extracells:storage.component:10, 4096k-ME流体存储组件
extracells:storage.casing:0, ME高级物品元件外壳
extracells:storage.casing:1, ME流体元件外壳
extracells:fluid.item, item.extracells.fluid.item.name
extracells:storage.fluid.portable:0, ME便携流体元件
extracells:storage.fluid.portable:0, ME便携流体元件
extracells:pattern.crafting, item.extracells.pattern.crafting.name
extracells:terminal.universal.wireless, item.extracells.terminal.universal.wireless.name
extracells:oc.upgrade:2, ME升级 (Tier 1)
extracells:oc.upgrade:1, ME升级 (Tier 2)
extracells:oc.upgrade:0, ME升级 (Tier 3)
extracells:certustank, extracells.block.certustank.name
extracells:walrus, 海象
extracells:fluidcrafter, ME流体装配室
extracells:ecbaseblock, ME流体接口
extracells:fluidfiller, 流体自动装填机
extracells:hardmedrive, ME防爆驱动器
extracells:vibrantchamberfluid, 流体谐振仓
extrautils2:snowglobe:0, 魔幻雪世界球
extrautils2:snowglobe:1, 魔幻雪世界球
extrautils2:wateringcan, 洒水壶
extrautils2:itemcreativedestructionwand, 创造破坏之杖
extrautils2:unstableingots:0, 不稳定金属锭
extrautils2:unstableingots:1, 稳定的不稳定金属粒
extrautils2:unstableingots:2, 稳定的不稳定金属锭
extrautils2:itembuilderswand, 建筑之杖
extrautils2:itemdestructionwand, 破坏之杖
extrautils2:itemcreativebuilderswand, 创造建筑之杖
extrautils2:soundmuffler, 消音器
extrautils2:enderlilly, 末影百合种子
extrautils2:decorativesolidwood:0, 魔法木板
extrautils2:decorativesolidwood:1, 魔法木头
extrautils2:decorativesolidwood:2, 錾制木头
extrautils2:trashcan, 垃圾桶
extrautils2:trashcanfluid, 垃圾桶（流体）
extrautils2:trashcanenergy, 垃圾桶（能量）
extrautils2:angelblock, 天使方块
extrautils2:passivegenerator:0, 太阳能面板
extrautils2:passivegenerator:1, 月光面板
extrautils2:passivegenerator:2, 熔岩发电机
extrautils2:passivegenerator:3, 水力发电机
extrautils2:passivegenerator:4, 风力发电机
extrautils2:passivegenerator:5, 火力发电机
extrautils2:passivegenerator:6, 创造模式发电机
extrautils2:passivegenerator:7, 手动发电机
extrautils2:passivegenerator:8, 龙蛋发电机
extrautils2:supermobspawner, 重构的刷怪箱
extrautils2:cursedearth, 诅咒之土
extrautils2:redstoneclock, 红石钟
extrautils2:compressedcobblestone:0, 压缩圆石
extrautils2:compressedcobblestone:1, 二重压缩圆石
extrautils2:compressedcobblestone:2, 三重压缩圆石
extrautils2:compressedcobblestone:3, 四重压缩圆石
extrautils2:compressedcobblestone:4, 五重压缩圆石
extrautils2:compressedcobblestone:5, 六重压缩圆石
extrautils2:compressedcobblestone:6, 七重压缩圆石
extrautils2:compressedcobblestone:7, 八重压缩圆石
extrautils2:compresseddirt:0, 压缩泥土
extrautils2:compresseddirt:1, 二重压缩泥土
extrautils2:compresseddirt:2, 三重压缩泥土
extrautils2:compresseddirt:3, 四重压缩泥土
extrautils2:compressedsand:0, 压缩沙子
extrautils2:compressedsand:1, 二重压缩沙子
extrautils2:compressedgravel:0, 压缩沙砾
extrautils2:compressedgravel:1, 二重压缩沙砾
extrautils2:compressednetherrack:0, 压缩地狱岩
extrautils2:compressednetherrack:1, 二重压缩地狱岩
extrautils2:compressednetherrack:2, 三重压缩地狱岩
extrautils2:compressednetherrack:3, 四重压缩地狱岩
extrautils2:compressednetherrack:4, 五重压缩地狱岩
extrautils2:compressednetherrack:5, 六重压缩地狱岩
extrautils2:glasscutter, 玻璃切割刀
extrautils2:endershard, 末影碎片
extrautils2:redorchid, 红兰花
extrautils2:sickle_wood, 木镰刀
extrautils2:sickle_stone, 石镰刀
extrautils2:sickle_iron, 铁镰刀
extrautils2:sickle_gold, 金镰刀
extrautils2:sickle_diamond, 钻石镰刀
extrautils2:poweroverload, 能量过载器
extrautils2:resonator, 共振仪
extrautils2:suncrystal, 太阳晶体
extrautils2:spotlight, 聚光灯
extrautils2:screen, 屏幕
extrautils2:decorativesolid:0, 镶边石头
extrautils2:decorativesolid:1, 交错石头
extrautils2:decorativesolid:2, 磨制石头
extrautils2:decorativesolid:3, 烧制石头
extrautils2:decorativesolid:4, 沙化玻璃
extrautils2:decorativesolid:5, 錾制石头
extrautils2:decorativesolid:6, 蓝色石英
extrautils2:decorativesolid:7, 焦黑石英
extrautils2:decorativesolid:8, 彩虹石
extrautils2:ingredients:0, 共振红石水晶
extrautils2:ingredients:1, 红石齿轮
extrautils2:ingredients:2, 红石之眼
extrautils2:ingredients:3, 月球之尘
extrautils2:ingredients:4, 红煤
extrautils2:ingredients:5, 月之石
extrautils2:ingredients:6, 速度升级
extrautils2:ingredients:7, 堆叠升级
extrautils2:ingredients:8, 挖掘升级
extrautils2:ingredients:9, 基础升级
extrautils2:ingredients:10, 邪恶点滴
extrautils2:ingredients:11, 恶魔锭
extrautils2:ingredients:12, 附魔锭
extrautils2:ingredients:13, 无线RF加热线圈
extrautils2:ingredients:14, 蓝色染料
extrautils2:ingredients:15, 速度升级（魔法）
extrautils2:ingredients:16, 速度升级（极限）
extrautils2:ingredients:17, 恶魔灌注铁锭
extrautils2:goldenlasso:0, 黄金套索
extrautils2:goldenlasso:1, 诅咒套索
extrautils2:chickenring:0, 鸡翅膀指环
extrautils2:chickenring:1, 飞行鱿鱼指环
extrautils2:angelring:0, 天使指环
extrautils2:angelring:1, 天使指环
extrautils2:angelring:2, 天使指环
extrautils2:angelring:3, 天使指环
extrautils2:angelring:4, 天使指环
extrautils2:angelring:5, 天使指环
extrautils2:powermanager, 能量管理器
extrautils2:bagofholding, 手袋
extrautils2:decorativeglass:0, 增厚玻璃
extrautils2:decorativeglass:1, 增厚玻璃（镶边）
extrautils2:decorativeglass:2, 增厚玻璃（印花）
extrautils2:decorativeglass:3, 暗色玻璃
extrautils2:decorativeglass:4, 荧石玻璃
extrautils2:decorativeglass:5, 红石玻璃
extrautils2:ineffableglass:0, 空灵玻璃
extrautils2:ineffableglass:1, 反转空灵玻璃
extrautils2:ineffableglass:2, 奇妙玻璃
extrautils2:ineffableglass:3, 深色奇妙玻璃
extrautils2:pipe, 传输管道
extrautils2:playerchest, 玩家箱子
extrautils2:wrench, 扳手
extrautils2:boomerang, 魔法回旋镖
extrautils2:book, 实用设备手册
extrautils2:contract, 契约
extrautils2:chunkloader, 区块加载之杖
extrautils2:filter, 过滤器
extrautils2:filterfluids, 流体过滤
extrautils2:grocket:0, 传输节点（物品）
extrautils2:grocket:1, 过滤节点
extrautils2:grocket:2, 传输节点（流体）
extrautils2:grocket:3, 抽取节点（物品）
extrautils2:grocket:4, 抽取节点（流体）
extrautils2:grocket:5, 传输导管过滤器
extrautils2:grocket:6, 传输节点（能源）
extrautils2:indexer, 检索器
extrautils2:indexerremote, 检索遥控器
extrautils2:crafter, 合成器
extrautils2:scanner, 扫描仪
extrautils2:miner, 挖掘器
extrautils2:user, 使用者
extrautils2:klein:0, 克莱因瓶
extrautils2:drum:0, 石桶
extrautils2:drum:1, 铁桶
extrautils2:drum:2, 强化桶
extrautils2:drum:3, 恶魔桶
extrautils2:drum:4, 创造桶
extrautils2:machine:0, 机器方块
extrautils2:machine:0, 电炉
extrautils2:machine:0, 粉碎机
extrautils2:machine:0, 附魔器
extrautils2:machine:0, 生存者发电机
extrautils2:machine:0, 熔炉发电机
extrautils2:machine:0, 厨用发电机
extrautils2:machine:0, 熔岩发电机
extrautils2:machine:0, 高热红石发电机
extrautils2:machine:0, 末影发电机
extrautils2:machine:0, 药水发电机
extrautils2:machine:0, 粉红发电机
extrautils2:machine:0, 超频发电机
extrautils2:machine:0, TNT发电机
extrautils2:machine:0, 下界之星发电机
extrautils2:machine:0, 龙息发电机
extrautils2:machine:0, 霜冻发电机
extrautils2:machine:0, 死亡发电机
extrautils2:machine:0, 祛魔发电机
extrautils2:machine:0, 史莱姆发电机
extrautils2:teleporter:0, 主世界之门
extrautils2:teleporter:1, 漆黑之门
extrautils2:powertransmitter, 无线RF传输器
extrautils2:powerbattery, 无线RF电池
extrautils2:quarryproxy, 量子采石场具现设备
extrautils2:quarry, 量子采石场
extrautils2:spike_wood, 木锥刺方块
extrautils2:spike_stone, 石锥刺方块
extrautils2:spike_iron, 铁锥刺方块
extrautils2:spike_gold, 金锥刺方块
extrautils2:spike_diamond, 钻石锥刺方块
extrautils2:spike_creative, 创造锥刺方块
extrautils2:redstonelantern, 红石灯笼
extrautils2:largishchest, 稍大的箱子
extrautils2:minichest, 迷你箱子
extrautils2:rainbowgenerator:0, 彩虹发电机！
extrautils2:rainbowgenerator:1, 彩虹发电机（下半部分）
extrautils2:rainbowgenerator:2, 彩虹发电机（上半部分）
extrautils2:magicapple, 魔法苹果
extrautils2:simpledecorative:0, 附魔金属块
extrautils2:simpledecorative:1, 恶魔金属块
extrautils2:simpledecorative:2, 恶魔灌注金属块
extrautils2:creativechest, 创造模式箱子
extrautils2:creativeenergy, 创造模式能量源
extrautils2:creativeharvest, 创造模式收割者
extrautils2:trowel, 瓦刀
extrautils2:biomemarker, 生物群系标记
extrautils2:terraformer:0, 地形转化仪
extrautils2:terraformer:1, 天线
extrautils2:terraformer:2, 加湿器
extrautils2:terraformer:3, 除湿器
extrautils2:terraformer:4, 加热器
extrautils2:terraformer:5, 制冷器
extrautils2:terraformer:6, 除怪器
extrautils2:terraformer:7, 魔法吸收器
extrautils2:terraformer:8, 魔法灌注器
extrautils2:terraformer:9, 基本气象单元
extrautils2:trashchest, 垃圾回收箱
extrautils2:opinium:0, Opinium核心（没价值的）
extrautils2:opinium:1, Opinium核心（普通的）
extrautils2:opinium:2, Opinium核心（尚可的）
extrautils2:opinium:3, Opinium核心（比较好的）
extrautils2:opinium:4, Opinium核心（上好的）
extrautils2:opinium:5, Opinium核心（非常棒的）
extrautils2:opinium:6, Opinium核心（让人诧异的）
extrautils2:opinium:7, Opinium核心（激动人心的）
extrautils2:opinium:8, Opinium核心（简直完美的）
extrautils2:lawsword, 鬼哭
extrautils2:flattransfernode:0, 平面传输节点（物品）
extrautils2:flattransfernode:1, 平面传输节点（流体）
extrautils2:analogcrafter, 模拟合成台
extrautils2:decorativebedrock:0, 基岩砖
extrautils2:decorativebedrock:1, 基岩台阶
extrautils2:decorativebedrock:2, 基岩圆石
extrautils2:compoundbow, 复合弓
extrautils2:fireaxe, 消防斧
extrautils2:interactionproxy, 末影代理器
extrautils2:luxsaber:0, 光剑
extrautils2:luxsaber:0, 光剑
extrautils2:luxsaber:1, 光剑
extrautils2:luxsaber:1, 光剑
extrautils2:luxsaber:2, 光剑
extrautils2:luxsaber:2, 光剑
extrautils2:luxsaber:3, 光剑
extrautils2:luxsaber:3, 光剑
extrautils2:luxsaber:4, 光剑
extrautils2:luxsaber:4, 光剑
extrautils2:luxsaber:5, 光剑
extrautils2:luxsaber:5, 光剑
extrautils2:luxsaber:6, 光剑
extrautils2:luxsaber:6, 光剑
extrautils2:luxsaber:7, 光剑
extrautils2:luxsaber:7, 光剑
extrautils2:ironwood_leaves:0, 铁-杜松树叶
extrautils2:ironwood_leaves:1, 烧焦的铁-杜松树叶
extrautils2:ironwood_log:0, 铁-杜松原木
extrautils2:ironwood_log:1, 铁-杜松原木
extrautils2:ironwood_sapling:0, 铁-杜松树苗
extrautils2:ironwood_sapling:1, 死亡的铁-杜松树苗
extrautils2:ironwood_planks:0, 铁-杜松木板
extrautils2:ironwood_planks:1, 原铁-杜松木板
microblockcbe:saw_stone, 石手锯
microblockcbe:saw_iron, 铁手锯
microblockcbe:saw_diamond, 钻石手锯
microblockcbe:stone_rod, 石棍
gendustry:mutagen, 诱变剂
gendustry:liquiddna, 液态基因
gendustry:protein, 蛋白质
gendustry:labware, 基因药皿
gendustry:waste, 垃圾基因
gendustry:gene_sample_blank, 空白基因样本
gendustry:gene_sample, %s基因样本-%s
gendustry:gene_template, 基因模板
gendustry:apiary.upgrade:17, 平原环境升级
gendustry:apiary.upgrade:11, 光照升级
gendustry:apiary.upgrade:2, 授粉升级
gendustry:apiary.upgrade:20, 严寒环境升级
gendustry:apiary.upgrade:5, 干燥升级
gendustry:apiary.upgrade:14, 自动化升级
gendustry:apiary.upgrade:4, 加湿器升级
gendustry:apiary.upgrade:13, 地狱环境升级
gendustry:apiary.upgrade:22, 花粉洗涤塔升级
gendustry:apiary.upgrade:16, 沙漠环境升级
gendustry:apiary.upgrade:7, 冷却器升级
gendustry:apiary.upgrade:1, 寿命升级
gendustry:apiary.upgrade:10, 气密性升级
gendustry:apiary.upgrade:19, 基因稳定升级
gendustry:apiary.upgrade:18, 丛林环境升级
gendustry:apiary.upgrade:3, 范围升级
gendustry:apiary.upgrade:21, 海洋环境升级
gendustry:apiary.upgrade:12, 露天环境升级
gendustry:apiary.upgrade:6, 加热器升级
gendustry:apiary.upgrade:15, 筛滤升级
gendustry:apiary.upgrade:0, 产量升级
gendustry:industrial_grafter, 工业剪枝器
gendustry:industrial_scoop, MX200涡轮捕蜂网
gendustry:honey_comb:10, 黑色蜂巢
gendustry:honey_comb:24, 橙色蜂巢
gendustry:honey_comb:25, 白色蜂巢
gendustry:honey_comb:14, 蓝色蜂巢
gendustry:honey_comb:20, 黄绿色蜂巢
gendustry:honey_comb:21, 黄色蜂巢
gendustry:honey_comb:13, 棕色蜂巢
gendustry:honey_comb:17, 淡灰色蜂巢
gendustry:honey_comb:22, 淡蓝色蜂巢
gendustry:honey_comb:12, 绿色蜂巢
gendustry:honey_comb:18, 灰色蜂巢
gendustry:honey_comb:16, 青色蜂巢
gendustry:honey_comb:11, 红色蜂巢
gendustry:honey_comb:23, 品红色蜂巢
gendustry:honey_comb:19, 粉红色蜂巢
gendustry:honey_comb:15, 紫色蜂巢
gendustry:honey_drop:10, 黑色蜂蜜滴
gendustry:honey_drop:24, 橙色蜂蜜滴
gendustry:honey_drop:25, 白色蜂蜜滴
gendustry:honey_drop:14, 蓝色蜂蜜滴
gendustry:honey_drop:20, 黄绿色蜂蜜滴
gendustry:honey_drop:21, 黄色蜂蜜滴
gendustry:honey_drop:13, 棕色蜂蜜滴
gendustry:honey_drop:17, 淡灰色蜂蜜滴
gendustry:honey_drop:22, 淡蓝色蜂蜜滴
gendustry:honey_drop:12, 绿色蜂蜜滴
gendustry:honey_drop:18, 灰色蜂蜜滴
gendustry:honey_drop:16, 青色蜂蜜滴
gendustry:honey_drop:11, 红色蜂蜜滴
gendustry:honey_drop:23, 品红色蜂蜜滴
gendustry:honey_drop:19, 粉红色蜂蜜滴
gendustry:honey_drop:15, 紫色蜂蜜滴
gendustry:mutagen_tank, 诱变剂储罐
gendustry:bee_receptacle, 蜜蜂插槽
gendustry:power_module, 能量模块
gendustry:genetics_processor, 基因加工仪
gendustry:env_processor, 环境加工仪
gendustry:upgrade_frame, 升级框架
gendustry:climate_module, 气候控制模块
gendustry:pollen_kit, 花粉收集装备
gendustry:hive_spawn_debugger, 蜂房生产调节器
gendustry:eject_cover, 物品输出盖板
gendustry:import_cover, 物品输入盖板
gendustry:error_sensor_cover, 异常检测盖板
gendustry:mutagen_producer, 诱变剂制造机
gendustry:mutatron, 诱变机
gendustry:industrial_apiary, 工业蜂箱
gendustry:imprinter, 基因压印机
gendustry:sampler, 基因采样机
gendustry:mutatron_advanced, 高级诱变机
gendustry:liquifier, 蛋白质液化机
gendustry:extractor, 基因提取机
gendustry:transposer, 基因转换机
gendustry:replicator, 基因复制机
projectred-core:resource_item:0, 电路板
projectred-core:resource_item:1, 导电板
projectred-core:resource_item:2, 线路板
projectred-core:resource_item:3, 集束板
projectred-core:resource_item:4, 底板
projectred-core:resource_item:10, 阳极
projectred-core:resource_item:11, 阴极
projectred-core:resource_item:12, 指针
projectred-core:resource_item:20, 硅芯片
projectred-core:resource_item:21, 充能硅芯片
projectred-core:resource_item:100, 铜锭
projectred-core:resource_item:101, 锡锭
projectred-core:resource_item:102, 银锭
projectred-core:resource_item:103, 红色合金锭
projectred-core:resource_item:104, 蓝石合金锭
projectred-core:resource_item:105, 蓝石粉
projectred-core:resource_item:200, 红宝石
projectred-core:resource_item:201, 蓝宝石
projectred-core:resource_item:202, 橄榄石
projectred-core:resource_item:250, 沙煤混合物
projectred-core:resource_item:251, 红铁混合物
projectred-core:resource_item:252, 蓝石铁化合物
projectred-core:resource_item:300, 硅晶锭
projectred-core:resource_item:301, 硅
projectred-core:resource_item:310, 红硅混合物
projectred-core:resource_item:311, 荧硅混合物
projectred-core:resource_item:312, 蓝石硅化合物
projectred-core:resource_item:320, 浸渍硅
projectred-core:resource_item:341, 充能硅
projectred-core:resource_item:342, 蓝石硅
projectred-core:resource_item:400, 铜制线圈
projectred-core:resource_item:401, 铁制线圈
projectred-core:resource_item:402, 金制线圈
projectred-core:resource_item:410, 马达
projectred-core:resource_item:420, 布匹
projectred-core:resource_item:421, 帆布
projectred-core:resource_item:500, 白色荧光粉
projectred-core:resource_item:501, 橙色荧光粉
projectred-core:resource_item:502, 品红色荧光粉
projectred-core:resource_item:503, 淡蓝色荧光粉
projectred-core:resource_item:504, 黄色荧光粉
projectred-core:resource_item:505, 黄绿色荧光粉
projectred-core:resource_item:506, 粉红色荧光粉
projectred-core:resource_item:507, 灰色荧光粉
projectred-core:resource_item:508, 淡灰色荧光粉
projectred-core:resource_item:509, 青色荧光粉
projectred-core:resource_item:510, 紫色荧光粉
projectred-core:resource_item:511, 蓝色荧光粉
projectred-core:resource_item:512, 棕色荧光粉
projectred-core:resource_item:513, 绿色荧光粉
projectred-core:resource_item:514, 红色荧光粉
projectred-core:resource_item:515, 黑色荧光粉
projectred-core:resource_item:600, 空逻辑路由芯片
projectred-core:drawplate, 起模板
projectred-core:screwdriver, 螺丝刀
projectred-core:multimeter, 调线工具
moreplates:certus_quartz_gear, 赛特斯石英齿轮
moreplates:certus_quartz_plate, 赛特斯石英板
moreplates:fluix_gear, 福鲁伊克斯齿轮
moreplates:fluix_plate, 福鲁伊克斯板
moreplates:crystal_matrix_gear, 水晶矩阵齿轮
moreplates:crystal_matrix_plate, 水晶矩阵板
moreplates:infinity_gear, 无尽齿轮
moreplates:infinity_plate, 无尽板
moreplates:neutronium_gear, 中子素齿轮
moreplates:neutronium_plate, 中子素板
moreplates:elementium_gear, 源质钢齿轮
moreplates:elementium_plate, 源质钢板
moreplates:gaia_spirit_gear, 盖亚之魂齿轮
moreplates:gaia_spirit_plate, 盖亚之魂板
moreplates:manasteel_gear, 魔力钢齿轮
moreplates:manasteel_plate, 魔力钢板
moreplates:terrasteel_gear, 泰拉钢齿轮
moreplates:terrasteel_plate, 泰拉钢板
moreplates:amethyst_gear, 紫晶齿轮
moreplates:amethyst_plate, 紫晶板
moreplates:enriched_gold_gear, 富集金齿轮
moreplates:enriched_gold_plate, 富集金板
moreplates:reinforced_iron_gear, 强化铁齿轮
moreplates:reinforced_iron_plate, 强化铁板
moreplates:tanzanite_gear, 坦桑石齿轮
moreplates:tanzanite_plate, 坦桑石板
moreplates:awakened_draconium_gear, 觉醒龙齿轮
moreplates:awakened_draconium_plate, 觉醒龙板
moreplates:draconium_gear, 龙齿轮
moreplates:draconium_plate, 龙板
moreplates:conductive_iron_gear, 导电铁齿轮
moreplates:conductive_iron_plate, 导电铁板
moreplates:dark_steel_gear, 玄钢齿轮
moreplates:dark_steel_plate, 玄钢板
moreplates:electrical_steel_gear, 磁钢齿轮
moreplates:electrical_steel_plate, 磁钢板
moreplates:end_steel_gear, 末影钢齿轮
moreplates:end_steel_plate, 末影钢板
moreplates:energetic_alloy_gear, 充能合金齿轮
moreplates:energetic_alloy_plate, 充能合金板
moreplates:iron_alloy_gear, 铁合金齿轮
moreplates:iron_alloy_plate, 铁合金板
moreplates:pulsating_iron_gear, 脉冲铁齿轮
moreplates:pulsating_iron_plate, 脉冲铁板
moreplates:redstone_alloy_gear, 红石合金齿轮
moreplates:redstone_alloy_plate, 红石合金板
moreplates:soularium_gear, 魂金齿轮
moreplates:soularium_plate, 魂金板
moreplates:vibrant_alloy_gear, 脉冲合金齿轮
moreplates:vibrant_alloy_plate, 脉冲合金板
moreplates:crude_steel_gear, 粗制钢齿轮
moreplates:crude_steel_plate, 粗制钢板
moreplates:crystalline_alloy_gear, 晶化合金齿轮
moreplates:crystalline_alloy_plate, 晶化合金板
moreplates:crystalline_pink_slime_gear, 晶化粉红史莱姆齿轮
moreplates:crystalline_pink_slime_plate, 晶化粉红史莱姆板
moreplates:energetic_silver_gear, 充能银齿轮
moreplates:energetic_silver_plate, 充能银板
moreplates:melodic_alloy_gear, 旋律合金齿轮
moreplates:melodic_alloy_plate, 旋律合金板
moreplates:stellar_alloy_gear, 恒星合金齿轮
moreplates:stellar_alloy_plate, 恒星合金板
moreplates:vivid_alloy_gear, 生动合金齿轮
moreplates:vivid_alloy_plate, 生动合金板
moreplates:demon_gear, 恶魔齿轮
moreplates:demon_plate, 恶魔板
moreplates:enchanted_gear, 附魔齿轮
moreplates:enchanted_plate, 附魔板
moreplates:evil_infused_iron_gear, 恶魔灌注铁齿轮
moreplates:evil_infused_iron_plate, 恶魔灌注铁板
moreplates:bronze_stick, 青铜杆
moreplates:constantan_stick, 康铜杆
moreplates:electrum_stick, 琥珀金杆
moreplates:lead_stick, 铅杆
moreplates:nickel_stick, 镍杆
moreplates:silicon_gear, 硅齿轮
moreplates:silver_stick, 银杆
moreplates:tin_stick, 锡杆
moreplates:coal_gear, 煤炭齿轮
moreplates:coal_plate, 煤炭板
moreplates:diamond_gear, 钻石齿轮
moreplates:emerald_gear, 绿宝石齿轮
moreplates:glowstone_gear, 荧石齿轮
moreplates:glowstone_plate, 荧石板
moreplates:gold_gear, 金齿轮
moreplates:gold_stick, 金杆
moreplates:lapis_lazuli_gear, 青金石齿轮
moreplates:nether_quartz_gear, 下界石英齿轮
moreplates:nether_quartz_plate, 下界石英板
moreplates:compressed_iron_gear, 压缩铁齿轮
moreplates:compressed_iron_plate, 压缩铁板
moreplates:electrotine_alloy_gear, 蓝石合金齿轮
moreplates:electrotine_alloy_plate, 蓝石合金板
moreplates:red_alloy_gear, 红色合金齿轮
moreplates:red_alloy_plate, 红色合金板
moreplates:amber_gear, 琥珀齿轮
moreplates:amber_plate, 琥珀板
moreplates:quicksilver_gear, 水银齿轮
moreplates:quicksilver_plate, 水银板
nuclearcraft:ore:0, 铜矿石
nuclearcraft:ore:1, 锡矿石
nuclearcraft:ore:2, 铅矿石
nuclearcraft:ore:3, 钍矿石
nuclearcraft:ore:4, 铀矿石
nuclearcraft:ore:5, 硼矿石
nuclearcraft:ore:6, 锂矿石
nuclearcraft:ore:7, 镁矿石
nuclearcraft:ingot_block:0, 铜块
nuclearcraft:ingot_block:1, 锡块
nuclearcraft:ingot_block:2, 铅块
nuclearcraft:ingot_block:3, 钍块
nuclearcraft:ingot_block:4, 铀块
nuclearcraft:ingot_block:5, 硼块
nuclearcraft:ingot_block:6, 锂块
nuclearcraft:ingot_block:7, 镁块
nuclearcraft:ingot_block:8, 石墨块
nuclearcraft:ingot_block:9, 铍块
nuclearcraft:ingot_block:10, 锆块
nuclearcraft:ingot_block:11, 锰块
nuclearcraft:ingot_block:12, 铝块
nuclearcraft:ingot_block:13, 银块
nuclearcraft:ingot_block:14, 氧化锰块
nuclearcraft:ingot_block:15, 二氧化锰块
nuclearcraft:fertile_isotope:0, 铀-238 块
nuclearcraft:fertile_isotope:1, 镎-237 块
nuclearcraft:fertile_isotope:2, 钚-242 块
nuclearcraft:fertile_isotope:3, 镅-243 块
nuclearcraft:fertile_isotope:4, 锔-246 块
nuclearcraft:fertile_isotope:5, 锫-247 块
nuclearcraft:fertile_isotope:6, 锎-252 块
nuclearcraft:supercold_ice, 超冷冰
nuclearcraft:heavy_water_moderator, 重水减速剂
nuclearcraft:nuclear_furnace, 核熔炉
nuclearcraft:manufactory, 小制造机
nuclearcraft:separator, 分离器
nuclearcraft:decay_hastener, 衰变加速器
nuclearcraft:fuel_reprocessor, 燃料再处理机
nuclearcraft:alloy_furnace, 合金炉
nuclearcraft:infuser, 流体注入器
nuclearcraft:melter, 熔化机
nuclearcraft:supercooler, 超冷却机
nuclearcraft:electrolyzer, 电解机
nuclearcraft:assembler, 组合机
nuclearcraft:ingot_former, 冷却器
nuclearcraft:pressurizer, 压缩机
nuclearcraft:chemical_reactor, 化学反应器
nuclearcraft:salt_mixer, 流体混合器
nuclearcraft:crystallizer, 结晶器
nuclearcraft:enricher, 溶解器
nuclearcraft:extractor, 流体提取机
nuclearcraft:centrifuge, 离心机
nuclearcraft:rock_crusher, 岩石粉碎机
nuclearcraft:electric_furnace, Electric Furnace
nuclearcraft:machine_interface, 机器控制界面
nuclearcraft:rtg_uranium, 铀放射性热电发电机
nuclearcraft:rtg_plutonium, 钚放射性热电发电机
nuclearcraft:rtg_americium, 镅放射性热电发电机
nuclearcraft:rtg_californium, 锎放射性热电发电机
nuclearcraft:solar_panel_basic, 基础太阳能电池板
nuclearcraft:solar_panel_advanced, 高级太阳能电池板
nuclearcraft:solar_panel_du, 贫铀太阳能电池板
nuclearcraft:solar_panel_elite, 精英太阳能电池板
nuclearcraft:decay_generator, 衰变产能器
nuclearcraft:voltaic_pile_basic, 基础伏打电堆
nuclearcraft:voltaic_pile_advanced, 高级伏打电堆
nuclearcraft:voltaic_pile_du, 贫铀伏打电堆
nuclearcraft:voltaic_pile_elite, 精英伏打电堆
nuclearcraft:lithium_ion_battery_basic, 基础锂离子电池块
nuclearcraft:lithium_ion_battery_advanced, 高级锂离子电池块
nuclearcraft:lithium_ion_battery_du, 贫铀锂离子电池块
nuclearcraft:lithium_ion_battery_elite, 精英锂离子电池块
nuclearcraft:bin, 通用垃圾桶
nuclearcraft:fission_casing, 裂变反应堆外壳
nuclearcraft:fission_glass, 透明裂变反应堆外壳
nuclearcraft:fission_conductor, 裂变反应堆导体
nuclearcraft:fission_monitor, 裂变反应堆显示器（半成品）
nuclearcraft:fission_reflector:0, 铍-碳中子反射器
nuclearcraft:fission_reflector:1, 铅-钢中子反射器
nuclearcraft:fission_power_port, 裂变反应堆能量端口
nuclearcraft:fission_vent, 裂变反应堆出入口
nuclearcraft:fission_irradiator, 裂变中子辐照器
nuclearcraft:fission_source:0, 镭-铍裂变中子源
nuclearcraft:fission_source:1, 钋-铍裂变中子源
nuclearcraft:fission_source:2, 锎-252 裂变中子源
nuclearcraft:fission_shield:0, 硼-银辐射中子防护屏
nuclearcraft:fission_computer_port, 裂变电脑端口（半成品）
nuclearcraft:fission_irradiator_port, 裂变中子辐照器端口
nuclearcraft:fission_cell_port, 裂变燃料单元端口
nuclearcraft:fission_vessel_port, 裂变燃料容器端口
nuclearcraft:fission_heater_port:0, 标准裂变冷却剂加热器端口
nuclearcraft:fission_heater_port:1, 铁裂变冷却剂加热器端口
nuclearcraft:fission_heater_port:2, 红石裂变冷却剂加热器端口
nuclearcraft:fission_heater_port:3, 石英裂变冷却剂加热器端口
nuclearcraft:fission_heater_port:4, 黑曜石裂变冷却剂加热器端口
nuclearcraft:fission_heater_port:5, 地狱砖裂变冷却剂加热器端口
nuclearcraft:fission_heater_port:6, 荧石裂变冷却剂加热器端口
nuclearcraft:fission_heater_port:7, 青金石裂变冷却剂加热器端口
nuclearcraft:fission_heater_port:8, 金裂变冷却剂加热器端口
nuclearcraft:fission_heater_port:9, 海晶石裂变冷却剂加热器端口
nuclearcraft:fission_heater_port:10, 史莱姆裂变冷却剂加热器端口
nuclearcraft:fission_heater_port:11, 末地石裂变冷却剂加热器端口
nuclearcraft:fission_heater_port:12, 紫珀裂变冷却剂加热器端口
nuclearcraft:fission_heater_port:13, 钻石裂变冷却剂加热器端口
nuclearcraft:fission_heater_port:14, 绿宝石裂变冷却剂加热器端口
nuclearcraft:fission_heater_port:15, 铜裂变冷却剂加热器端口
nuclearcraft:fission_heater_port2:0, 锡裂变冷却剂加热器端口
nuclearcraft:fission_heater_port2:1, 铅裂变冷却剂加热器端口
nuclearcraft:fission_heater_port2:2, 硼裂变冷却剂加热器端口
nuclearcraft:fission_heater_port2:3, 锂裂变冷却剂加热器端口
nuclearcraft:fission_heater_port2:4, 镁裂变冷却剂加热器端口
nuclearcraft:fission_heater_port2:5, 锰裂变冷却剂加热器端口
nuclearcraft:fission_heater_port2:6, 铝裂变冷却剂加热器端口
nuclearcraft:fission_heater_port2:7, 银裂变冷却剂加热器端口
nuclearcraft:fission_heater_port2:8, 氟石裂变冷却剂加热器端口
nuclearcraft:fission_heater_port2:9, 氟盐裂变冷却剂加热器端口
nuclearcraft:fission_heater_port2:10, 方氟钾石裂变冷却剂加热器端口
nuclearcraft:fission_heater_port2:11, 砷裂变冷却剂加热器端口
nuclearcraft:fission_heater_port2:12, 液氮裂变冷却剂加热器端口
nuclearcraft:fission_heater_port2:13, 液氦裂变冷却剂加热器端口
nuclearcraft:fission_heater_port2:14, 末影裂变冷却剂加热器端口
nuclearcraft:fission_heater_port2:15, 凛冰裂变冷却剂加热器端口
nuclearcraft:fission_source_manager, Fission Neutron Source Manager
nuclearcraft:fission_shield_manager, 裂变中子防护屏管理器（半成品）
nuclearcraft:solid_fission_controller, 固态燃料裂变控制器
nuclearcraft:solid_fission_cell, 固态裂变燃料单元
nuclearcraft:solid_fission_sink:0, 水裂变散热器
nuclearcraft:solid_fission_sink:1, 铁裂变散热器
nuclearcraft:solid_fission_sink:2, 红石裂变散热器
nuclearcraft:solid_fission_sink:3, 石英裂变散热器
nuclearcraft:solid_fission_sink:4, 黑曜石裂变散热器
nuclearcraft:solid_fission_sink:5, 地狱砖裂变散热器
nuclearcraft:solid_fission_sink:6, 荧石裂变散热器
nuclearcraft:solid_fission_sink:7, 青金石裂变散热器
nuclearcraft:solid_fission_sink:8, 金裂变散热器
nuclearcraft:solid_fission_sink:9, 海晶石裂变散热器
nuclearcraft:solid_fission_sink:10, 史莱姆裂变散热器
nuclearcraft:solid_fission_sink:11, 末地石裂变散热器
nuclearcraft:solid_fission_sink:12, 紫珀裂变散热器
nuclearcraft:solid_fission_sink:13, 钻石裂变散热器
nuclearcraft:solid_fission_sink:14, 绿宝石裂变散热器
nuclearcraft:solid_fission_sink:15, 铜裂变散热器
nuclearcraft:solid_fission_sink2:0, 锡裂变散热器
nuclearcraft:solid_fission_sink2:1, 铅裂变散热器
nuclearcraft:solid_fission_sink2:2, 硼裂变散热器
nuclearcraft:solid_fission_sink2:3, 锂裂变散热器
nuclearcraft:solid_fission_sink2:4, 镁裂变散热器
nuclearcraft:solid_fission_sink2:5, 锰裂变散热器
nuclearcraft:solid_fission_sink2:6, 铝裂变散热器
nuclearcraft:solid_fission_sink2:7, 银裂变散热器
nuclearcraft:solid_fission_sink2:8, 氟石裂变散热器
nuclearcraft:solid_fission_sink2:9, 氟盐裂变散热器
nuclearcraft:solid_fission_sink2:10, 方氟钾石裂变散热器
nuclearcraft:solid_fission_sink2:11, 砷裂变散热器
nuclearcraft:solid_fission_sink2:12, 液氮裂变散热器
nuclearcraft:solid_fission_sink2:13, 液氦裂变散热器
nuclearcraft:solid_fission_sink2:14, 末影裂变散热器
nuclearcraft:solid_fission_sink2:15, 凛冰裂变散热器
nuclearcraft:salt_fission_controller, 熔盐裂变控制器
nuclearcraft:salt_fission_vessel, 熔盐裂变燃料容器
nuclearcraft:salt_fission_heater:0, 标准裂变冷却剂加热器
nuclearcraft:salt_fission_heater:1, 铁裂变冷却剂加热器
nuclearcraft:salt_fission_heater:2, 红石裂变冷却剂加热器
nuclearcraft:salt_fission_heater:3, 石英裂变冷却剂加热器
nuclearcraft:salt_fission_heater:4, 黑曜石裂变冷却剂加热器
nuclearcraft:salt_fission_heater:5, 地狱砖裂变冷却剂加热器
nuclearcraft:salt_fission_heater:6, 荧石裂变冷却剂加热器
nuclearcraft:salt_fission_heater:7, 青金石裂变冷却剂加热器
nuclearcraft:salt_fission_heater:8, 金裂变冷却剂加热器
nuclearcraft:salt_fission_heater:9, 海晶石裂变冷却剂加热器
nuclearcraft:salt_fission_heater:10, 史莱姆裂变冷却剂加热器
nuclearcraft:salt_fission_heater:11, 末地石裂变冷却剂加热器
nuclearcraft:salt_fission_heater:12, 紫珀裂变冷却剂加热器
nuclearcraft:salt_fission_heater:13, 钻石裂变冷却剂加热器
nuclearcraft:salt_fission_heater:14, 绿宝石裂变冷却剂加热器
nuclearcraft:salt_fission_heater:15, 铜裂变冷却剂加热器
nuclearcraft:salt_fission_heater2:0, 锡裂变冷却剂加热器
nuclearcraft:salt_fission_heater2:1, 铅裂变冷却剂加热器
nuclearcraft:salt_fission_heater2:2, 硼裂变冷却剂加热器
nuclearcraft:salt_fission_heater2:3, 锂裂变冷却剂加热器
nuclearcraft:salt_fission_heater2:4, 镁裂变冷却剂加热器
nuclearcraft:salt_fission_heater2:5, 锰裂变冷却剂加热器
nuclearcraft:salt_fission_heater2:6, 铝裂变冷却剂加热器
nuclearcraft:salt_fission_heater2:7, 银裂变冷却剂加热器
nuclearcraft:salt_fission_heater2:8, 氟石裂变冷却剂加热器
nuclearcraft:salt_fission_heater2:9, 氟盐裂变冷却剂加热器
nuclearcraft:salt_fission_heater2:10, 方氟钾石裂变冷却剂加热器
nuclearcraft:salt_fission_heater2:11, 砷裂变冷却剂加热器
nuclearcraft:salt_fission_heater2:12, 液氮裂变冷却剂加热器
nuclearcraft:salt_fission_heater2:13, 液氦裂变冷却剂加热器
nuclearcraft:salt_fission_heater2:14, 末影裂变冷却剂加热器
nuclearcraft:salt_fission_heater2:15, 凛冰裂变冷却剂加热器
nuclearcraft:heat_exchanger_controller, 热交换器控制器（多方块结构未完成！）
nuclearcraft:heat_exchanger_casing, 热交换器外壳
nuclearcraft:heat_exchanger_glass, 透明热交换器外壳
nuclearcraft:heat_exchanger_vent, 热交换器出入口
nuclearcraft:heat_exchanger_tube_copper, 铜热交换管道
nuclearcraft:heat_exchanger_tube_hard_carbon, 硬碳热交换管道
nuclearcraft:heat_exchanger_tube_thermoconducting, 导热合金热交换管道
nuclearcraft:heat_exchanger_computer_port, 热交换器电脑端口
nuclearcraft:condenser_controller, 冷凝器控制器（多方块结构未完成！）
nuclearcraft:condenser_tube_copper, 铜冷凝管道
nuclearcraft:condenser_tube_hard_carbon, 硬碳冷凝管道
nuclearcraft:condenser_tube_thermoconducting, 导热合金冷凝管道
nuclearcraft:turbine_controller, 涡轮机控制器
nuclearcraft:turbine_casing, 涡轮机外壳
nuclearcraft:turbine_glass, 透明涡轮机外壳
nuclearcraft:turbine_rotor_shaft, 涡轮机转子轴
nuclearcraft:turbine_rotor_blade_steel, 钢涡轮机转子叶片
nuclearcraft:turbine_rotor_blade_extreme, 极限合金涡轮机转子叶片
nuclearcraft:turbine_rotor_blade_sic_sic_cmc, 碳化硅陶瓷基复合材料涡轮机转子叶片
nuclearcraft:turbine_rotor_stator, 标准涡轮机转子定子
nuclearcraft:turbine_rotor_bearing, 涡轮机转子轴承
nuclearcraft:turbine_dynamo_coil:0, 镁涡轮机发电机线圈
nuclearcraft:turbine_dynamo_coil:1, 铍涡轮机发电机线圈
nuclearcraft:turbine_dynamo_coil:2, 铝涡轮机发电机线圈
nuclearcraft:turbine_dynamo_coil:3, 金涡轮机发电机线圈
nuclearcraft:turbine_dynamo_coil:4, 铜涡轮机发电机线圈
nuclearcraft:turbine_dynamo_coil:5, 银涡轮机发电机线圈
nuclearcraft:turbine_coil_connector, 涡轮机发电机线圈连接器
nuclearcraft:turbine_inlet, 涡轮机流体输入口
nuclearcraft:turbine_outlet, 涡轮机流体输出口
nuclearcraft:turbine_computer_port, 涡轮机电脑端口（半成品）
nuclearcraft:cobblestone_generator, 造石机
nuclearcraft:cobblestone_generator_compact, 压缩造石机
nuclearcraft:cobblestone_generator_dense, 致密造石机
nuclearcraft:water_source, 无限水源
nuclearcraft:water_source_compact, 压缩无限水源
nuclearcraft:water_source_dense, 致密无限水源
nuclearcraft:nitrogen_collector, 氮收集器
nuclearcraft:nitrogen_collector_compact, 压缩氮收集器
nuclearcraft:nitrogen_collector_dense, 致密氮收集器
nuclearcraft:radiation_scrubber, 辐射净化仪
nuclearcraft:geiger_block, 盖革计数器方块
nuclearcraft:glowing_mushroom, 荧核菇
nuclearcraft:glowing_mushroom_block, 荧核菇方块
nuclearcraft:wasteland_earth, 荒芜土壤
nuclearcraft:wasteland_portal, 辐射废土传送门
nuclearcraft:tritium_lamp, 氚灯
nuclearcraft:solidified_corium, 固态堆芯熔融物
nuclearcraft:quantum_computer_controller, 量子计算机控制器
nuclearcraft:quantum_computer_qubit, 量子位
nuclearcraft:quantum_computer_gate_single:0, 量子计算机 泡利-X 门
nuclearcraft:quantum_computer_gate_single:1, 量子计算机 泡利-Y 门
nuclearcraft:quantum_computer_gate_single:2, 量子计算机 泡利-Z 门
nuclearcraft:quantum_computer_gate_single:3, 量子计算机 阿达马门
nuclearcraft:quantum_computer_gate_single:4, 量子计算机 S 门
nuclearcraft:quantum_computer_gate_single:5, 量子计算机 S 非门
nuclearcraft:quantum_computer_gate_single:6, 量子计算机 T 门
nuclearcraft:quantum_computer_gate_single:7, 量子计算机 T 非门
nuclearcraft:quantum_computer_gate_single:8, 量子计算机 相位门
nuclearcraft:quantum_computer_gate_single:9, 量子计算机 X-旋转门
nuclearcraft:quantum_computer_gate_single:10, 量子计算机 Y-旋转门
nuclearcraft:quantum_computer_gate_single:11, 量子计算机 Z-旋转门
nuclearcraft:quantum_computer_gate_control:0, 受控 量子计算机 泡利-X 门
nuclearcraft:quantum_computer_gate_control:1, 受控 量子计算机 泡利-Y 门
nuclearcraft:quantum_computer_gate_control:2, 受控 量子计算机 泡利-Z 门
nuclearcraft:quantum_computer_gate_control:3, 受控 量子计算机 阿达马门
nuclearcraft:quantum_computer_gate_control:4, 受控 量子计算机 S 门
nuclearcraft:quantum_computer_gate_control:5, 受控 量子计算机 S 非门
nuclearcraft:quantum_computer_gate_control:6, 受控 量子计算机 T 门
nuclearcraft:quantum_computer_gate_control:7, 受控 量子计算机 T 非门
nuclearcraft:quantum_computer_gate_control:8, 受控 量子计算机 相位门
nuclearcraft:quantum_computer_gate_control:9, 受控 量子计算机 X-旋转门
nuclearcraft:quantum_computer_gate_control:10, 受控 量子计算机 Y-旋转门
nuclearcraft:quantum_computer_gate_control:11, 受控 量子计算机 Z-旋转门
nuclearcraft:quantum_computer_gate_swap:0, 量子计算机 互换门
nuclearcraft:quantum_computer_gate_swap:1, 受控 量子计算机 互换门
nuclearcraft:quantum_computer_connector, 量子计算机连接器
nuclearcraft:quantum_computer_code_generator:0, 量子计算机 QASM 代码生成器
nuclearcraft:quantum_computer_code_generator:1, 量子计算机 QISKit 代码生成器
nuclearcraft:ingot:0, 铜锭
nuclearcraft:ingot:1, 锡锭
nuclearcraft:ingot:2, 铅锭
nuclearcraft:ingot:3, 钍锭
nuclearcraft:ingot:4, 铀锭
nuclearcraft:ingot:5, 硼锭
nuclearcraft:ingot:6, 锂锭
nuclearcraft:ingot:7, 镁锭
nuclearcraft:ingot:8, 石墨锭
nuclearcraft:ingot:9, 铍锭
nuclearcraft:ingot:10, 锆锭
nuclearcraft:ingot:11, 锰锭
nuclearcraft:ingot:12, 铝锭
nuclearcraft:ingot:13, 银锭
nuclearcraft:ingot:14, 氧化锰锭
nuclearcraft:ingot:15, 二氧化锰锭
nuclearcraft:dust:0, 铜粉
nuclearcraft:dust:1, 锡粉
nuclearcraft:dust:2, 铅粉
nuclearcraft:dust:3, 钍粉
nuclearcraft:dust:4, 铀粉
nuclearcraft:dust:5, 硼粉
nuclearcraft:dust:6, 锂粉
nuclearcraft:dust:7, 镁粉
nuclearcraft:dust:8, 石墨粉
nuclearcraft:dust:9, 铍粉
nuclearcraft:dust:10, 锆粉
nuclearcraft:dust:11, 锰粉
nuclearcraft:dust:12, 铝粉
nuclearcraft:dust:13, 银粉
nuclearcraft:dust:14, 氧化锰粉
nuclearcraft:dust:15, 二氧化锰粉
nuclearcraft:gem:0, 菱锰
nuclearcraft:gem:1, 立方氮化硼
nuclearcraft:gem:2, 氟石
nuclearcraft:gem:3, 氟盐
nuclearcraft:gem:4, 方氟钾石
nuclearcraft:gem:5, 砷化硼
nuclearcraft:gem:6, 硅
nuclearcraft:gem_dust:0, 钻石粉
nuclearcraft:gem_dust:1, 菱锰粉
nuclearcraft:gem_dust:2, 石英粉
nuclearcraft:gem_dust:3, 黑曜石粉
nuclearcraft:gem_dust:4, 六方氮化硼
nuclearcraft:gem_dust:5, 氟石粉
nuclearcraft:gem_dust:6, 硫磺
nuclearcraft:gem_dust:7, 煤炭粉
nuclearcraft:gem_dust:8, 氟盐粉
nuclearcraft:gem_dust:9, 方氟钾石粉
nuclearcraft:gem_dust:10, 砷粉
nuclearcraft:gem_dust:11, 末地石粉
nuclearcraft:alloy:0, 青铜锭
nuclearcraft:alloy:1, 高强合金锭
nuclearcraft:alloy:2, 硬碳锭
nuclearcraft:alloy:3, 二硼化镁锭
nuclearcraft:alloy:4, 锂二氧化锰锭
nuclearcraft:alloy:5, 钢锭
nuclearcraft:alloy:6, 硼铁合金锭
nuclearcraft:alloy:7, 胧银合金锭
nuclearcraft:alloy:8, 锡银合金锭
nuclearcraft:alloy:9, 铅铂合金锭
nuclearcraft:alloy:10, 极限合金锭
nuclearcraft:alloy:11, 导热合金锭
nuclearcraft:alloy:12, 锆锡合金锭
nuclearcraft:alloy:13, 碳化硅锭
nuclearcraft:alloy:14, 碳化硅陶瓷基复合材料锭
nuclearcraft:alloy:15, 高强度低合金钢锭
nuclearcraft:alloy:16, 锆钼合金锭
nuclearcraft:compound:0, 硫酸钙
nuclearcraft:compound:1, 晶体粘合剂
nuclearcraft:compound:2, 充能混合物
nuclearcraft:compound:3, 氟化钠
nuclearcraft:compound:4, 氟化钾
nuclearcraft:compound:5, 氢氧化钠
nuclearcraft:compound:6, 氢氧化钾
nuclearcraft:compound:7, 硼砂
nuclearcraft:compound:8, 辐照硼砂
nuclearcraft:compound:9, 维度混合物
nuclearcraft:compound:10, 碳锰混合物
nuclearcraft:compound:11, 银铝粉
nuclearcraft:part:0, 基础板
nuclearcraft:part:1, 高级板
nuclearcraft:part:2, 贫铀板
nuclearcraft:part:3, 精英板
nuclearcraft:part:4, 铜螺线管
nuclearcraft:part:5, 二硼化镁螺线管
nuclearcraft:part:6, 生物塑料
nuclearcraft:part:7, 伺服系统
nuclearcraft:part:8, 电动马达
nuclearcraft:part:9, 线性执行器
nuclearcraft:part:10, 机器框架
nuclearcraft:part:11, 空框架
nuclearcraft:part:12, 钢框架
nuclearcraft:part:13, 碳化硅纤维
nuclearcraft:part:14, 空散热器
nuclearcraft:part:15, 热解碳
nuclearcraft:upgrade:0, 速度升级
nuclearcraft:upgrade:1, 能量升级
nuclearcraft:fission_dust:0, 铋粉
nuclearcraft:fission_dust:1, 镭粉
nuclearcraft:fission_dust:2, 钋粉
nuclearcraft:fission_dust:3, 镤浓缩钍粉
nuclearcraft:fission_dust:4, 镤-233 粉
nuclearcraft:fission_dust:5, 锶-90 粉
nuclearcraft:fission_dust:6, 钼粉
nuclearcraft:fission_dust:7, 钌-106 粉
nuclearcraft:fission_dust:8, 铯-137 粉
nuclearcraft:fission_dust:9, 钷-147 粉
nuclearcraft:fission_dust:10, 铕-155 粉
nuclearcraft:uranium:0, 铀-233
nuclearcraft:uranium:1, 铀-233 碳化物
nuclearcraft:uranium:2, 铀-233 氧化物
nuclearcraft:uranium:3, 铀-233 氮化物
nuclearcraft:uranium:4, 铀-233-锆合金
nuclearcraft:uranium:5, 铀-235
nuclearcraft:uranium:6, 铀-235 碳化物
nuclearcraft:uranium:7, 铀-235 氧化物
nuclearcraft:uranium:8, 铀-235 氮化物
nuclearcraft:uranium:9, 铀-235-锆合金
nuclearcraft:uranium:10, 铀-238
nuclearcraft:uranium:11, 铀-238 碳化物
nuclearcraft:uranium:12, 铀-238 氧化物
nuclearcraft:uranium:13, 铀-238 氮化物
nuclearcraft:uranium:14, 铀-238-锆合金
nuclearcraft:neptunium:0, 镎-236
nuclearcraft:neptunium:1, 镎-236 碳化物
nuclearcraft:neptunium:2, 镎-236 氧化物
nuclearcraft:neptunium:3, 镎-236 氮化物
nuclearcraft:neptunium:4, 镎-236-锆合金
nuclearcraft:neptunium:5, 镎-237
nuclearcraft:neptunium:6, 镎-237 碳化物
nuclearcraft:neptunium:7, 镎-237 氧化物
nuclearcraft:neptunium:8, 镎-237 氮化物
nuclearcraft:neptunium:9, 镎-237-锆合金
nuclearcraft:plutonium:0, 钚-238
nuclearcraft:plutonium:1, 钚-238 碳化物
nuclearcraft:plutonium:2, 钚-238 氧化物
nuclearcraft:plutonium:3, 钚-238 氮化物
nuclearcraft:plutonium:4, 钚-238-锆合金
nuclearcraft:plutonium:5, 钚-239
nuclearcraft:plutonium:6, 钚-239 碳化物
nuclearcraft:plutonium:7, 钚-239 氧化物
nuclearcraft:plutonium:8, 钚-239 氮化物
nuclearcraft:plutonium:9, 钚-239-锆合金
nuclearcraft:plutonium:10, 钚-241
nuclearcraft:plutonium:11, 钚-241 碳化物
nuclearcraft:plutonium:12, 钚-241 氧化物
nuclearcraft:plutonium:13, 钚-241 氮化物
nuclearcraft:plutonium:14, 钚-241-锆合金
nuclearcraft:plutonium:15, 钚-242
nuclearcraft:plutonium:16, 钚-242 碳化物
nuclearcraft:plutonium:17, 钚-242 氧化物
nuclearcraft:plutonium:18, 钚-242 氮化物
nuclearcraft:plutonium:19, 钚-242-锆合金
nuclearcraft:americium:0, 镅-241
nuclearcraft:americium:1, 镅-241 碳化物
nuclearcraft:americium:2, 镅-241 氧化物
nuclearcraft:americium:3, 镅-241 氮化物
nuclearcraft:americium:4, 镅-241-锆合金
nuclearcraft:americium:5, 镅-242
nuclearcraft:americium:6, 镅-242 碳化物
nuclearcraft:americium:7, 镅-242 氧化物
nuclearcraft:americium:8, 镅-242 氮化物
nuclearcraft:americium:9, 镅-242-锆合金
nuclearcraft:americium:10, 镅-243
nuclearcraft:americium:11, 镅-243 碳化物
nuclearcraft:americium:12, 镅-243 氧化物
nuclearcraft:americium:13, 镅-243 氮化物
nuclearcraft:americium:14, 镅-243-锆合金
nuclearcraft:curium:0, 锔-243
nuclearcraft:curium:1, 锔-243 碳化物
nuclearcraft:curium:2, 锔-243 氧化物
nuclearcraft:curium:3, 锔-243 氮化物
nuclearcraft:curium:4, 锔-243-锆合金
nuclearcraft:curium:5, 锔-245
nuclearcraft:curium:6, 锔-245 碳化物
nuclearcraft:curium:7, 锔-245 氧化物
nuclearcraft:curium:8, 锔-245 氮化物
nuclearcraft:curium:9, 锔-245-锆合金
nuclearcraft:curium:10, 锔-246
nuclearcraft:curium:11, 锔-246 碳化物
nuclearcraft:curium:12, 锔-246 氧化物
nuclearcraft:curium:13, 锔-246 氮化物
nuclearcraft:curium:14, 锔-246-锆合金
nuclearcraft:curium:15, 锔-247
nuclearcraft:curium:16, 锔-247 碳化物
nuclearcraft:curium:17, 锔-247 氧化物
nuclearcraft:curium:18, 锔-247 氮化物
nuclearcraft:curium:19, 锔-247-锆合金
nuclearcraft:berkelium:0, 锫-247
nuclearcraft:berkelium:1, 锫-247 碳化物
nuclearcraft:berkelium:2, 锫-247 氧化物
nuclearcraft:berkelium:3, 锫-247 氮化物
nuclearcraft:berkelium:4, 锫-247-锆合金
nuclearcraft:berkelium:5, 锫-248
nuclearcraft:berkelium:6, 锫-248 碳化物
nuclearcraft:berkelium:7, 锫-248 氧化物
nuclearcraft:berkelium:8, 锫-248 氮化物
nuclearcraft:berkelium:9, 锫-248-锆合金
nuclearcraft:californium:0, 锎-249
nuclearcraft:californium:1, 锎-249 碳化物
nuclearcraft:californium:2, 锎-249 氧化物
nuclearcraft:californium:3, 锎-249 氮化物
nuclearcraft:californium:4, 锎-249-锆合金
nuclearcraft:californium:5, 锎-250
nuclearcraft:californium:6, 锎-250 碳化物
nuclearcraft:californium:7, 锎-250 氧化物
nuclearcraft:californium:8, 锎-250 氮化物
nuclearcraft:californium:9, 锎-250-锆合金
nuclearcraft:californium:10, 锎-251
nuclearcraft:californium:11, 锎-251 碳化物
nuclearcraft:californium:12, 锎-251 氧化物
nuclearcraft:californium:13, 锎-251 氮化物
nuclearcraft:californium:14, 锎-251-锆合金
nuclearcraft:californium:15, 锎-252
nuclearcraft:californium:16, 锎-252 碳化物
nuclearcraft:californium:17, 锎-252 氧化物
nuclearcraft:californium:18, 锎-252 氮化物
nuclearcraft:californium:19, 锎-252-锆合金
nuclearcraft:pellet_thorium:0, 钍增殖铀 燃料
nuclearcraft:pellet_thorium:1, 钍增殖铀 燃料碳化物
nuclearcraft:pellet_uranium:0, 低浓缩铀-233 燃料
nuclearcraft:pellet_uranium:1, 低浓缩铀-233 燃料碳化物
nuclearcraft:pellet_uranium:2, 高浓缩铀-233 燃料
nuclearcraft:pellet_uranium:3, 高浓缩铀-233 燃料碳化物
nuclearcraft:pellet_uranium:4, 低浓缩铀-235 燃料
nuclearcraft:pellet_uranium:5, 低浓缩铀-235 燃料碳化物
nuclearcraft:pellet_uranium:6, 高浓缩铀-235 燃料
nuclearcraft:pellet_uranium:7, 高浓缩铀-235 燃料碳化物
nuclearcraft:pellet_neptunium:0, 低浓缩镎-236 燃料
nuclearcraft:pellet_neptunium:1, 低浓缩镎-236 燃料碳化物
nuclearcraft:pellet_neptunium:2, 高浓缩镎-236 燃料
nuclearcraft:pellet_neptunium:3, 高浓缩镎-236 燃料碳化物
nuclearcraft:pellet_plutonium:0, 低浓缩钚-239 燃料
nuclearcraft:pellet_plutonium:1, 低浓缩钚-239 燃料碳化物
nuclearcraft:pellet_plutonium:2, 高浓缩钚-239 燃料
nuclearcraft:pellet_plutonium:3, 高浓缩钚-239 燃料碳化物
nuclearcraft:pellet_plutonium:4, 低浓缩钚-241 燃料
nuclearcraft:pellet_plutonium:5, 低浓缩钚-241 燃料碳化物
nuclearcraft:pellet_plutonium:6, 高浓缩钚-241 燃料
nuclearcraft:pellet_plutonium:7, 高浓缩钚-241 燃料碳化物
nuclearcraft:pellet_mixed:0, 混合物-239
nuclearcraft:pellet_mixed:1, 混合物-239 碳化物
nuclearcraft:pellet_mixed:2, 混合物-241
nuclearcraft:pellet_mixed:3, 混合物-241 碳化物
nuclearcraft:pellet_americium:0, 低浓缩镅-242 燃料
nuclearcraft:pellet_americium:1, 低浓缩镅-242 燃料碳化物
nuclearcraft:pellet_americium:2, 高浓缩镅-242 燃料
nuclearcraft:pellet_americium:3, 高浓缩镅-242 燃料碳化物
nuclearcraft:pellet_curium:0, 低浓缩锔-243 燃料
nuclearcraft:pellet_curium:1, 低浓缩锔-243 燃料碳化物
nuclearcraft:pellet_curium:2, 高浓缩锔-243 燃料
nuclearcraft:pellet_curium:3, 高浓缩锔-243 燃料碳化物
nuclearcraft:pellet_curium:4, 低浓缩锔-245 燃料
nuclearcraft:pellet_curium:5, 低浓缩锔-245 燃料碳化物
nuclearcraft:pellet_curium:6, 高浓缩锔-245 燃料
nuclearcraft:pellet_curium:7, 高浓缩锔-245 燃料碳化物
nuclearcraft:pellet_curium:8, 低浓缩锔-247 燃料
nuclearcraft:pellet_curium:9, 低浓缩锔-247 燃料碳化物
nuclearcraft:pellet_curium:10, 高浓缩锔-247 燃料
nuclearcraft:pellet_curium:11, 高浓缩锔-247 燃料碳化物
nuclearcraft:pellet_berkelium:0, 低浓缩锫-248 燃料
nuclearcraft:pellet_berkelium:1, 低浓缩锫-248 燃料碳化物
nuclearcraft:pellet_berkelium:2, 高浓缩锫-248 燃料
nuclearcraft:pellet_berkelium:3, 高浓缩锫-248 燃料碳化物
nuclearcraft:pellet_californium:0, 低浓缩锎-249 燃料
nuclearcraft:pellet_californium:1, 低浓缩锎-249 燃料碳化物
nuclearcraft:pellet_californium:2, 高浓缩锎-249 燃料
nuclearcraft:pellet_californium:3, 高浓缩锎-249 燃料碳化物
nuclearcraft:pellet_californium:4, 低浓缩锎-251 燃料
nuclearcraft:pellet_californium:5, 低浓缩锎-251 燃料碳化物
nuclearcraft:pellet_californium:6, 高浓缩锎-251 燃料
nuclearcraft:pellet_californium:7, 高浓缩锎-251 燃料碳化物
nuclearcraft:fuel_thorium:0, 钍增殖铀 TRISO 燃料颗粒
nuclearcraft:fuel_thorium:1, 钍增殖铀 氧化物燃料丸
nuclearcraft:fuel_thorium:2, 钍增殖铀 氮化物燃料丸
nuclearcraft:fuel_thorium:3, 钍增殖铀-锆合金燃料丸
nuclearcraft:fuel_uranium:0, 低浓缩铀-233 TRISO 燃料颗粒
nuclearcraft:fuel_uranium:1, 低浓缩铀-233 氧化物燃料丸
nuclearcraft:fuel_uranium:2, 低浓缩铀-233 氮化物燃料丸
nuclearcraft:fuel_uranium:3, 低浓缩铀-233-锆合金燃料丸
nuclearcraft:fuel_uranium:4, 高浓缩铀-233 TRISO 燃料颗粒
nuclearcraft:fuel_uranium:5, 高浓缩铀-233 氧化物燃料丸
nuclearcraft:fuel_uranium:6, 高浓缩铀-233 氮化物燃料丸
nuclearcraft:fuel_uranium:7, 高浓缩铀-233-锆合金燃料丸
nuclearcraft:fuel_uranium:8, 低浓缩铀-235 TRISO 燃料颗粒
nuclearcraft:fuel_uranium:9, 低浓缩铀-235 氧化物燃料丸
nuclearcraft:fuel_uranium:10, 低浓缩铀-235 氮化物燃料丸
nuclearcraft:fuel_uranium:11, 低浓缩铀-235-锆合金燃料丸
nuclearcraft:fuel_uranium:12, 高浓缩铀-235 TRISO 燃料颗粒
nuclearcraft:fuel_uranium:13, 高浓缩铀-235 氧化物燃料丸
nuclearcraft:fuel_uranium:14, 高浓缩铀-235 氮化物燃料丸
nuclearcraft:fuel_uranium:15, 高浓缩铀-235-锆合金燃料丸
nuclearcraft:fuel_neptunium:0, 低浓缩镎-236 TRISO 燃料颗粒
nuclearcraft:fuel_neptunium:1, 低浓缩镎-236 氧化物燃料丸
nuclearcraft:fuel_neptunium:2, 低浓缩镎-236 氮化物燃料丸
nuclearcraft:fuel_neptunium:3, 低浓缩镎-236-锆合金燃料丸
nuclearcraft:fuel_neptunium:4, 高浓缩镎-236 TRISO 燃料颗粒
nuclearcraft:fuel_neptunium:5, 高浓缩镎-236 氧化物燃料丸
nuclearcraft:fuel_neptunium:6, 高浓缩镎-236 氮化物燃料丸
nuclearcraft:fuel_neptunium:7, 高浓缩镎-236-锆合金燃料丸
nuclearcraft:fuel_plutonium:0, 低浓缩钚-239 TRISO 燃料颗粒
nuclearcraft:fuel_plutonium:1, 低浓缩钚-239 氧化物燃料丸
nuclearcraft:fuel_plutonium:2, 低浓缩钚-239 氮化物燃料丸
nuclearcraft:fuel_plutonium:3, 低浓缩钚-239-锆合金燃料丸
nuclearcraft:fuel_plutonium:4, 高浓缩钚-239 TRISO 燃料颗粒
nuclearcraft:fuel_plutonium:5, 高浓缩钚-239 氧化物燃料丸
nuclearcraft:fuel_plutonium:6, 高浓缩钚-239 氮化物燃料丸
nuclearcraft:fuel_plutonium:7, 高浓缩钚-239-锆合金燃料丸
nuclearcraft:fuel_plutonium:8, 低浓缩钚-241 TRISO 燃料颗粒
nuclearcraft:fuel_plutonium:9, 低浓缩钚-241 氧化物燃料丸
nuclearcraft:fuel_plutonium:10, 低浓缩钚-241 氮化物燃料丸
nuclearcraft:fuel_plutonium:11, 低浓缩钚-241-锆合金燃料丸
nuclearcraft:fuel_plutonium:12, 高浓缩钚-241 TRISO 燃料颗粒
nuclearcraft:fuel_plutonium:13, 高浓缩钚-241 氧化物燃料丸
nuclearcraft:fuel_plutonium:14, 高浓缩钚-241 氮化物燃料丸
nuclearcraft:fuel_plutonium:15, 高浓缩钚-241-锆合金燃料丸
nuclearcraft:fuel_mixed:0, 混合 TRISO-239 燃料颗粒
nuclearcraft:fuel_mixed:1, 混合氧化物-239 燃料丸
nuclearcraft:fuel_mixed:2, 混合氮化物-239 燃料丸
nuclearcraft:fuel_mixed:3, 混合锆合金-239 燃料丸
nuclearcraft:fuel_mixed:4, 混合 TRISO-241 燃料颗粒
nuclearcraft:fuel_mixed:5, 混合氧化物-241 燃料丸
nuclearcraft:fuel_mixed:6, 混合氮化物-241 燃料丸
nuclearcraft:fuel_mixed:7, 混合锆合金-241 燃料丸
nuclearcraft:fuel_americium:0, 低浓缩镅-242 TRISO 燃料颗粒
nuclearcraft:fuel_americium:1, 低浓缩镅-242 氧化物燃料丸
nuclearcraft:fuel_americium:2, 低浓缩镅-242 氮化物燃料丸
nuclearcraft:fuel_americium:3, 低浓缩镅-242-锆合金燃料丸
nuclearcraft:fuel_americium:4, 高浓缩镅-242 TRISO 燃料颗粒
nuclearcraft:fuel_americium:5, 高浓缩镅-242 氧化物燃料丸
nuclearcraft:fuel_americium:6, 高浓缩镅-242 氮化物燃料丸
nuclearcraft:fuel_americium:7, 高浓缩镅-242-锆合金燃料丸
nuclearcraft:fuel_curium:0, 低浓缩锔-243 TRISO 燃料颗粒
nuclearcraft:fuel_curium:1, 低浓缩锔-243 氧化物燃料丸
nuclearcraft:fuel_curium:2, 低浓缩锔-243 氮化物燃料丸
nuclearcraft:fuel_curium:3, 低浓缩锔-243-锆合金燃料丸
nuclearcraft:fuel_curium:4, 高浓缩锔-243 TRISO 燃料颗粒
nuclearcraft:fuel_curium:5, 高浓缩锔-243 氧化物燃料丸
nuclearcraft:fuel_curium:6, 高浓缩锔-243 氮化物燃料丸
nuclearcraft:fuel_curium:7, 高浓缩锔-243-锆合金燃料丸
nuclearcraft:fuel_curium:8, 低浓缩锔-245 TRISO 燃料颗粒
nuclearcraft:fuel_curium:9, 低浓缩锔-245 氧化物燃料丸
nuclearcraft:fuel_curium:10, 低浓缩锔-245 氮化物燃料丸
nuclearcraft:fuel_curium:11, 低浓缩锔-245-锆合金燃料丸
nuclearcraft:fuel_curium:12, 高浓缩锔-245 TRISO 燃料颗粒
nuclearcraft:fuel_curium:13, 高浓缩锔-245 氧化物燃料丸
nuclearcraft:fuel_curium:14, 高浓缩锔-245 氮化物燃料丸
nuclearcraft:fuel_curium:15, 高浓缩锔-245-锆合金燃料丸
nuclearcraft:fuel_curium:16, 低浓缩锔-247 TRISO 燃料颗粒
nuclearcraft:fuel_curium:17, 低浓缩锔-247 氧化物燃料丸
nuclearcraft:fuel_curium:18, 低浓缩锔-247 氮化物燃料丸
nuclearcraft:fuel_curium:19, 低浓缩锔-247-锆合金燃料丸
nuclearcraft:fuel_curium:20, 高浓缩锔-247 TRISO 燃料颗粒
nuclearcraft:fuel_curium:21, 高浓缩锔-247 氧化物燃料丸
nuclearcraft:fuel_curium:22, 高浓缩锔-247 氮化物燃料丸
nuclearcraft:fuel_curium:23, 高浓缩锔-247-锆合金燃料丸
nuclearcraft:fuel_berkelium:0, 低浓缩锫-248 TRISO 燃料颗粒
nuclearcraft:fuel_berkelium:1, 低浓缩锫-248 氧化物燃料丸
nuclearcraft:fuel_berkelium:2, 低浓缩锫-248 氮化物燃料丸
nuclearcraft:fuel_berkelium:3, 低浓缩锫-248-锆合金燃料丸
nuclearcraft:fuel_berkelium:4, 高浓缩锫-248 TRISO 燃料颗粒
nuclearcraft:fuel_berkelium:5, 高浓缩锫-248 氧化物燃料丸
nuclearcraft:fuel_berkelium:6, 高浓缩锫-248 氮化物燃料丸
nuclearcraft:fuel_berkelium:7, 高浓缩锫-248-锆合金燃料丸
nuclearcraft:fuel_californium:0, 低浓缩锎-249 TRISO 燃料颗粒
nuclearcraft:fuel_californium:1, 低浓缩锎-249 氧化物燃料丸
nuclearcraft:fuel_californium:2, 低浓缩锎-249 氮化物燃料丸
nuclearcraft:fuel_californium:3, 低浓缩锎-249-锆合金燃料丸
nuclearcraft:fuel_californium:4, 高浓缩锎-249 TRISO 燃料颗粒
nuclearcraft:fuel_californium:5, 高浓缩锎-249 氧化物燃料丸
nuclearcraft:fuel_californium:6, 高浓缩锎-249 氮化物燃料丸
nuclearcraft:fuel_californium:7, 高浓缩锎-249-锆合金燃料丸
nuclearcraft:fuel_californium:8, 低浓缩锎-251 TRISO 燃料颗粒
nuclearcraft:fuel_californium:9, 低浓缩锎-251 氧化物燃料丸
nuclearcraft:fuel_californium:10, 低浓缩锎-251 氮化物燃料丸
nuclearcraft:fuel_californium:11, 低浓缩锎-251-锆合金燃料丸
nuclearcraft:fuel_californium:12, 高浓缩锎-251 TRISO 燃料颗粒
nuclearcraft:fuel_californium:13, 高浓缩锎-251 氧化物燃料丸
nuclearcraft:fuel_californium:14, 高浓缩锎-251 氮化物燃料丸
nuclearcraft:fuel_californium:15, 高浓缩锎-251-锆合金燃料丸
nuclearcraft:depleted_fuel_thorium:0, 枯竭钍增殖铀 TRISO 燃料颗粒
nuclearcraft:depleted_fuel_thorium:1, 枯竭钍增殖铀 氧化物燃料丸
nuclearcraft:depleted_fuel_thorium:2, 枯竭钍增殖铀 氮化物燃料丸
nuclearcraft:depleted_fuel_thorium:3, 枯竭钍增殖铀-锆合金燃料丸
nuclearcraft:depleted_fuel_uranium:0, 枯竭低浓缩铀-233 TRISO 燃料颗粒
nuclearcraft:depleted_fuel_uranium:1, 枯竭低浓缩铀-233 氧化物燃料丸
nuclearcraft:depleted_fuel_uranium:2, 枯竭低浓缩铀-233 氮化物燃料丸
nuclearcraft:depleted_fuel_uranium:3, 枯竭低浓缩铀-233-锆合金燃料丸
nuclearcraft:depleted_fuel_uranium:4, 枯竭高浓缩铀-233 TRISO 燃料颗粒
nuclearcraft:depleted_fuel_uranium:5, 枯竭高浓缩铀-233 氧化物燃料丸
nuclearcraft:depleted_fuel_uranium:6, 枯竭高浓缩铀-233 氮化物燃料丸
nuclearcraft:depleted_fuel_uranium:7, 枯竭高浓缩铀-233-锆合金燃料丸
nuclearcraft:depleted_fuel_uranium:8, 枯竭低浓缩铀-235 TRISO 燃料颗粒
nuclearcraft:depleted_fuel_uranium:9, 枯竭低浓缩铀-235 氧化物燃料丸
nuclearcraft:depleted_fuel_uranium:10, 枯竭低浓缩铀-235 氮化物燃料丸
nuclearcraft:depleted_fuel_uranium:11, 枯竭低浓缩铀-235-锆合金燃料丸
nuclearcraft:depleted_fuel_uranium:12, 枯竭高浓缩铀-235 TRISO 燃料颗粒
nuclearcraft:depleted_fuel_uranium:13, 枯竭高浓缩铀-235 氧化物燃料丸
nuclearcraft:depleted_fuel_uranium:14, 枯竭高浓缩铀-235 氮化物燃料丸
nuclearcraft:depleted_fuel_uranium:15, 枯竭高浓缩铀-235-锆合金燃料丸
nuclearcraft:depleted_fuel_neptunium:0, 枯竭低浓缩镎-236 TRISO 燃料颗粒
nuclearcraft:depleted_fuel_neptunium:1, 枯竭低浓缩镎-236 氧化物燃料丸
nuclearcraft:depleted_fuel_neptunium:2, 枯竭低浓缩镎-236 氮化物燃料丸
nuclearcraft:depleted_fuel_neptunium:3, 枯竭低浓缩镎-236-锆合金燃料丸
nuclearcraft:depleted_fuel_neptunium:4, 枯竭高浓缩镎-236 TRISO 燃料颗粒
nuclearcraft:depleted_fuel_neptunium:5, 枯竭高浓缩镎-236 氧化物燃料丸
nuclearcraft:depleted_fuel_neptunium:6, 枯竭高浓缩镎-236 氮化物燃料丸
nuclearcraft:depleted_fuel_neptunium:7, 枯竭高浓缩镎-236-锆合金燃料丸
nuclearcraft:depleted_fuel_plutonium:0, 枯竭低浓缩钚-239 TRISO 燃料颗粒
nuclearcraft:depleted_fuel_plutonium:1, 枯竭低浓缩钚-239 氧化物燃料丸
nuclearcraft:depleted_fuel_plutonium:2, 枯竭低浓缩钚-239 氮化物燃料丸
nuclearcraft:depleted_fuel_plutonium:3, 枯竭低浓缩钚-239-锆合金燃料丸
nuclearcraft:depleted_fuel_plutonium:4, 枯竭高浓缩钚-239 TRISO 燃料颗粒
nuclearcraft:depleted_fuel_plutonium:5, 枯竭高浓缩钚-239 氧化物燃料丸
nuclearcraft:depleted_fuel_plutonium:6, 枯竭高浓缩钚-239 氮化物燃料丸
nuclearcraft:depleted_fuel_plutonium:7, 枯竭高浓缩钚-239-锆合金燃料丸
nuclearcraft:depleted_fuel_plutonium:8, 枯竭低浓缩钚-241 TRISO 燃料颗粒
nuclearcraft:depleted_fuel_plutonium:9, 枯竭低浓缩钚-241 氧化物燃料丸
nuclearcraft:depleted_fuel_plutonium:10, 枯竭低浓缩钚-241 氮化物燃料丸
nuclearcraft:depleted_fuel_plutonium:11, 枯竭低浓缩钚-241-锆合金燃料丸
nuclearcraft:depleted_fuel_plutonium:12, 枯竭高浓缩钚-241 TRISO 燃料颗粒
nuclearcraft:depleted_fuel_plutonium:13, 枯竭高浓缩钚-241 氧化物燃料丸
nuclearcraft:depleted_fuel_plutonium:14, 枯竭高浓缩钚-241 氮化物燃料丸
nuclearcraft:depleted_fuel_plutonium:15, 枯竭高浓缩钚-241-锆合金燃料丸
nuclearcraft:depleted_fuel_mixed:0, 枯竭混合 TRISO-239 燃料颗粒
nuclearcraft:depleted_fuel_mixed:1, 枯竭混合氧化物-239 燃料丸
nuclearcraft:depleted_fuel_mixed:2, 枯竭混合氮化物-239 燃料丸
nuclearcraft:depleted_fuel_mixed:3, 枯竭混合锆合金-239 燃料丸
nuclearcraft:depleted_fuel_mixed:4, 枯竭混合 TRISO-241 燃料颗粒
nuclearcraft:depleted_fuel_mixed:5, 枯竭混合氧化物-241 燃料丸
nuclearcraft:depleted_fuel_mixed:6, 枯竭混合氮化物-241 燃料丸
nuclearcraft:depleted_fuel_mixed:7, 枯竭混合锆合金-241 燃料丸
nuclearcraft:depleted_fuel_americium:0, 枯竭低浓缩镅-242 TRISO 燃料颗粒
nuclearcraft:depleted_fuel_americium:1, 枯竭低浓缩镅-242 氧化物燃料丸
nuclearcraft:depleted_fuel_americium:2, 枯竭低浓缩镅-242 氮化物燃料丸
nuclearcraft:depleted_fuel_americium:3, 枯竭低浓缩镅-242-锆合金燃料丸
nuclearcraft:depleted_fuel_americium:4, 枯竭高浓缩镅-242 TRISO 燃料颗粒
nuclearcraft:depleted_fuel_americium:5, 枯竭高浓缩镅-242 氧化物燃料丸
nuclearcraft:depleted_fuel_americium:6, 枯竭高浓缩镅-242 氮化物燃料丸
nuclearcraft:depleted_fuel_americium:7, 枯竭高浓缩镅-242-锆合金燃料丸
nuclearcraft:depleted_fuel_curium:0, 枯竭低浓缩锔-243 TRISO 燃料颗粒
nuclearcraft:depleted_fuel_curium:1, 枯竭低浓缩锔-243 氧化物燃料丸
nuclearcraft:depleted_fuel_curium:2, 枯竭低浓缩锔-243 氮化物燃料丸
nuclearcraft:depleted_fuel_curium:3, 枯竭低浓缩锔-243-锆合金燃料丸
nuclearcraft:depleted_fuel_curium:4, 枯竭高浓缩锔-243 TRISO 燃料颗粒
nuclearcraft:depleted_fuel_curium:5, 枯竭高浓缩锔-243 氧化物燃料丸
nuclearcraft:depleted_fuel_curium:6, 枯竭高浓缩锔-243 氮化物燃料丸
nuclearcraft:depleted_fuel_curium:7, 枯竭高浓缩锔-243-锆合金燃料丸
nuclearcraft:depleted_fuel_curium:8, 枯竭低浓缩锔-245 TRISO 燃料颗粒
nuclearcraft:depleted_fuel_curium:9, 枯竭低浓缩锔-245 氧化物燃料丸
nuclearcraft:depleted_fuel_curium:10, 枯竭低浓缩锔-245 氮化物燃料丸
nuclearcraft:depleted_fuel_curium:11, 枯竭低浓缩锔-245-锆合金燃料丸
nuclearcraft:depleted_fuel_curium:12, 枯竭高浓缩锔-245 TRISO 燃料颗粒
nuclearcraft:depleted_fuel_curium:13, 枯竭高浓缩锔-245 氧化物燃料丸
nuclearcraft:depleted_fuel_curium:14, 枯竭高浓缩锔-245 氮化物燃料丸
nuclearcraft:depleted_fuel_curium:15, 枯竭高浓缩锔-245-锆合金燃料丸
nuclearcraft:depleted_fuel_curium:16, 枯竭低浓缩锔-247 TRISO 燃料颗粒
nuclearcraft:depleted_fuel_curium:17, 枯竭低浓缩锔-247 氧化物燃料丸
nuclearcraft:depleted_fuel_curium:18, 枯竭低浓缩锔-247 氮化物燃料丸
nuclearcraft:depleted_fuel_curium:19, 枯竭低浓缩锔-247-锆合金燃料丸
nuclearcraft:depleted_fuel_curium:20, 枯竭高浓缩锔-247 TRISO 燃料颗粒
nuclearcraft:depleted_fuel_curium:21, 枯竭高浓缩锔-247 氧化物燃料丸
nuclearcraft:depleted_fuel_curium:22, 枯竭高浓缩锔-247 氮化物燃料丸
nuclearcraft:depleted_fuel_curium:23, 枯竭高浓缩锔-247-锆合金燃料丸
nuclearcraft:depleted_fuel_berkelium:0, 枯竭低浓缩锫-248 TRISO 燃料颗粒
nuclearcraft:depleted_fuel_berkelium:1, 枯竭低浓缩锫-248 氧化物燃料丸
nuclearcraft:depleted_fuel_berkelium:2, 枯竭低浓缩锫-248 氮化物燃料丸
nuclearcraft:depleted_fuel_berkelium:3, 枯竭低浓缩锫-248-锆合金燃料丸
nuclearcraft:depleted_fuel_berkelium:4, 枯竭高浓缩锫-248 TRISO 燃料颗粒
nuclearcraft:depleted_fuel_berkelium:5, 枯竭高浓缩锫-248 氧化物燃料丸
nuclearcraft:depleted_fuel_berkelium:6, 枯竭高浓缩锫-248 氮化物燃料丸
nuclearcraft:depleted_fuel_berkelium:7, 枯竭高浓缩锫-248-锆合金燃料丸
nuclearcraft:depleted_fuel_californium:0, 枯竭低浓缩锎-249 TRISO 燃料颗粒
nuclearcraft:depleted_fuel_californium:1, 枯竭低浓缩锎-249 氧化物燃料丸
nuclearcraft:depleted_fuel_californium:2, 枯竭低浓缩锎-249 氮化物燃料丸
nuclearcraft:depleted_fuel_californium:3, 枯竭低浓缩锎-249-锆合金燃料丸
nuclearcraft:depleted_fuel_californium:4, 枯竭高浓缩锎-249 TRISO 燃料颗粒
nuclearcraft:depleted_fuel_californium:5, 枯竭高浓缩锎-249 氧化物燃料丸
nuclearcraft:depleted_fuel_californium:6, 枯竭高浓缩锎-249 氮化物燃料丸
nuclearcraft:depleted_fuel_californium:7, 枯竭高浓缩锎-249-锆合金燃料丸
nuclearcraft:depleted_fuel_californium:8, 枯竭低浓缩锎-251 TRISO 燃料颗粒
nuclearcraft:depleted_fuel_californium:9, 枯竭低浓缩锎-251 氧化物燃料丸
nuclearcraft:depleted_fuel_californium:10, 枯竭低浓缩锎-251 氮化物燃料丸
nuclearcraft:depleted_fuel_californium:11, 枯竭低浓缩锎-251-锆合金燃料丸
nuclearcraft:depleted_fuel_californium:12, 枯竭高浓缩锎-251 TRISO 燃料颗粒
nuclearcraft:depleted_fuel_californium:13, 枯竭高浓缩锎-251 氧化物燃料丸
nuclearcraft:depleted_fuel_californium:14, 枯竭高浓缩锎-251 氮化物燃料丸
nuclearcraft:depleted_fuel_californium:15, 枯竭高浓缩锎-251-锆合金燃料丸
nuclearcraft:depleted_fuel_ic2:0, 枯竭铀核燃料
nuclearcraft:depleted_fuel_ic2:1, 枯竭混合氧化物核燃料
nuclearcraft:boron:0, 硼-10
nuclearcraft:boron:1, 硼-11
nuclearcraft:lithium:0, 锂-6
nuclearcraft:lithium:1, 锂-7
nuclearcraft:lithium_ion_cell, 锂离子电池
nuclearcraft:multitool, 多功能工具
nuclearcraft:geiger_counter, 盖革计数器
nuclearcraft:rad_shielding:0, 轻型辐射防护板
nuclearcraft:rad_shielding:1, 中型辐射防护板
nuclearcraft:rad_shielding:2, 重型辐射防护板
nuclearcraft:radiation_badge, 辐射徽章
nuclearcraft:radaway, 抗辐宁
nuclearcraft:radaway_slow, 缓效抗辐宁
nuclearcraft:rad_x, 降辐剂
nuclearcraft:portable_ender_chest, 便携末影箱
nuclearcraft:dominos, 达美乐大餐
nuclearcraft:flour, 面粉
nuclearcraft:graham_cracker, 全麦饼干
nuclearcraft:roasted_cocoa_beans, 焙烤可可豆
nuclearcraft:ground_cocoa_nibs, 碎可可
nuclearcraft:cocoa_butter, 可可脂
nuclearcraft:cocoa_solids, 可可粉
nuclearcraft:unsweetened_chocolate, 无糖巧克力
nuclearcraft:dark_chocolate, 黑巧克力
nuclearcraft:milk_chocolate, 牛奶巧克力
nuclearcraft:gelatin, 明胶
nuclearcraft:marshmallow, 棉花糖
nuclearcraft:smore, 棉花糖巧克力夹心饼干
nuclearcraft:moresmore, 双层棉花糖巧克力夹心饼干
nuclearcraft:foursmore, 四层棉花糖巧克力夹心饼干
nuclearcraft:record_wanderer, 音乐唱片
nuclearcraft:record_end_of_the_world, 音乐唱片
nuclearcraft:record_money_for_nothing, 音乐唱片
nuclearcraft:record_hyperspace, 音乐唱片
nuclearcraft:sword_boron, 硼剑
nuclearcraft:pickaxe_boron, 硼镐
nuclearcraft:shovel_boron, 硼锹
nuclearcraft:axe_boron, 硼斧
nuclearcraft:hoe_boron, 硼锄
nuclearcraft:spaxelhoe_boron, 硼镐尖斧
nuclearcraft:sword_tough, 高强合金剑
nuclearcraft:pickaxe_tough, 高强合金镐
nuclearcraft:shovel_tough, 高强合金锹
nuclearcraft:axe_tough, 高强合金斧
nuclearcraft:hoe_tough, 高强合金锄
nuclearcraft:spaxelhoe_tough, 高强合金镐尖斧
nuclearcraft:sword_hard_carbon, 硬碳剑
nuclearcraft:pickaxe_hard_carbon, 硬碳镐
nuclearcraft:shovel_hard_carbon, 硬碳锹
nuclearcraft:axe_hard_carbon, 硬碳斧
nuclearcraft:hoe_hard_carbon, 硬碳锄
nuclearcraft:spaxelhoe_hard_carbon, 硬碳镐尖斧
nuclearcraft:sword_boron_nitride, 氮化硼剑
nuclearcraft:pickaxe_boron_nitride, 氮化硼镐
nuclearcraft:shovel_boron_nitride, 氮化硼锹
nuclearcraft:axe_boron_nitride, 氮化硼斧
nuclearcraft:hoe_boron_nitride, 氮化硼锄
nuclearcraft:spaxelhoe_boron_nitride, 氮化硼镐尖斧
nuclearcraft:helm_boron, 硼头盔
nuclearcraft:chest_boron, 硼胸甲
nuclearcraft:legs_boron, 硼护腿
nuclearcraft:boots_boron, 硼靴子
nuclearcraft:helm_tough, 高强合金头盔
nuclearcraft:chest_tough, 高强合金胸甲
nuclearcraft:legs_tough, 高强合金护腿
nuclearcraft:boots_tough, 高强合金靴子
nuclearcraft:helm_hard_carbon, 硬碳头盔
nuclearcraft:chest_hard_carbon, 硬碳胸甲
nuclearcraft:legs_hard_carbon, 硬碳护腿
nuclearcraft:boots_hard_carbon, 硬碳靴子
nuclearcraft:helm_boron_nitride, 氮化硼头盔
nuclearcraft:chest_boron_nitride, 氮化硼胸甲
nuclearcraft:legs_boron_nitride, 氮化硼护腿
nuclearcraft:boots_boron_nitride, 氮化硼靴子
nuclearcraft:helm_hazmat, 防护服头罩
nuclearcraft:chest_hazmat, 防护服上衣
nuclearcraft:legs_hazmat, 防护服护腿
nuclearcraft:boots_hazmat, 防护服靴子
nuclearcraft:fluid_oxygen, 氧
nuclearcraft:fluid_hydrogen, 氢
nuclearcraft:fluid_deuterium, 氘
nuclearcraft:fluid_tritium, 氚
nuclearcraft:fluid_helium_3, 氦-3
nuclearcraft:fluid_helium, 氦
nuclearcraft:fluid_boron_10, 熔融硼-10
nuclearcraft:fluid_boron_11, 熔融硼-11
nuclearcraft:fluid_lithium_6, 熔融锂-6
nuclearcraft:fluid_lithium_7, 熔融锂-7
nuclearcraft:fluid_steel, 熔融钢
nuclearcraft:fluid_ferroboron, 熔融硼铁合金
nuclearcraft:fluid_tough, 熔融高强合金
nuclearcraft:fluid_hard_carbon, 熔融硬碳
nuclearcraft:fluid_coal, 液态煤炭
nuclearcraft:fluid_beryllium, 熔融铍
nuclearcraft:fluid_zirconium, 熔融锆
nuclearcraft:fluid_manganese_dioxide, 熔融二氧化锰
nuclearcraft:fluid_sulfur, 熔融硫
nuclearcraft:fluid_liquid_helium, 液氦
nuclearcraft:fluid_liquid_nitrogen, 液氮
nuclearcraft:fluid_heavy_water, 重水
nuclearcraft:fluid_ender, 谐振熔融末影珍珠
nuclearcraft:fluid_lead_platinum, 熔融铅铂合金
nuclearcraft:fluid_enderium, 熔融末影
nuclearcraft:fluid_cryotheum, 熔融凛冰
nuclearcraft:fluid_plasma, 等离子体
nuclearcraft:fluid_ethanol, 乙醇
nuclearcraft:fluid_methanol, 甲醇
nuclearcraft:fluid_radaway, 抗辐宁流体
nuclearcraft:fluid_radaway_slow, 缓效抗辐宁流体
nuclearcraft:fluid_redstone_ethanol, 注红石乙醇
nuclearcraft:fluid_nitrogen, 氮
nuclearcraft:fluid_fluorine, 氟
nuclearcraft:fluid_carbon_dioxide, 二氧化碳
nuclearcraft:fluid_carbon_monoxide, 一氧化碳
nuclearcraft:fluid_ethene, 乙烯
nuclearcraft:fluid_fluoromethane, 氟甲烷
nuclearcraft:fluid_ammonia, 氨
nuclearcraft:fluid_oxygen_difluoride, 二氟化氧
nuclearcraft:fluid_diborane, 乙硼烷
nuclearcraft:fluid_sulfur_dioxide, 二氧化硫
nuclearcraft:fluid_sulfur_trioxide, 三氧化硫
nuclearcraft:fluid_hydrofluoric_acid, 氢氟酸
nuclearcraft:fluid_boric_acid, 硼酸
nuclearcraft:fluid_sulfuric_acid, 硫酸
nuclearcraft:fluid_boron_nitride_solution, 氮化硼溶液
nuclearcraft:fluid_fluorite_water, 氟石溶液
nuclearcraft:fluid_calcium_sulfate_solution, 硫酸钙溶液
nuclearcraft:fluid_sodium_fluoride_solution, 氟化钠溶液
nuclearcraft:fluid_potassium_fluoride_solution, 氟化钾溶液
nuclearcraft:fluid_sodium_hydroxide_solution, 氢氧化钠溶液
nuclearcraft:fluid_potassium_hydroxide_solution, 氢氧化钾溶液
nuclearcraft:fluid_borax_solution, 硼砂溶液
nuclearcraft:fluid_irradiated_borax_solution, 辐照硼砂溶液
nuclearcraft:fluid_corium, 堆芯熔融物
nuclearcraft:fluid_ice, 碎冰
nuclearcraft:fluid_slurry_ice, 泥状冰
nuclearcraft:fluid_chocolate_liquor, 可可浆
nuclearcraft:fluid_cocoa_butter, 可可脂
nuclearcraft:fluid_unsweetened_chocolate, 熔化无糖巧克力
nuclearcraft:fluid_dark_chocolate, 熔化黑巧克力
nuclearcraft:fluid_milk_chocolate, 熔化牛奶巧克力
nuclearcraft:fluid_sugar, 熔糖
nuclearcraft:fluid_gelatin, 熔融明胶
nuclearcraft:fluid_hydrated_gelatin, 水合明胶
nuclearcraft:fluid_marshmallow, 溶糖丝
nuclearcraft:fluid_milk, 牛奶
nuclearcraft:fluid_lif, 熔融氟化锂
nuclearcraft:fluid_bef2, 熔融氟化铍
nuclearcraft:fluid_flibe, 熔融氟锂铍盐混合物
nuclearcraft:fluid_naoh, 熔融氢氧化钠
nuclearcraft:fluid_koh, 熔融氢氧化钾
nuclearcraft:fluid_steam, 蒸汽
nuclearcraft:fluid_high_pressure_steam, 高压蒸汽
nuclearcraft:fluid_exhaust_steam, 废蒸汽
nuclearcraft:fluid_low_pressure_steam, 低压蒸汽
nuclearcraft:fluid_low_quality_steam, 低质蒸汽
nuclearcraft:fluid_preheated_water, 预热水
nuclearcraft:fluid_condensate_water, 冷凝水
nuclearcraft:fluid_sodium, 熔融钠
nuclearcraft:fluid_potassium, 熔融钾
nuclearcraft:fluid_nak, 共晶钠钾合金
nuclearcraft:fluid_nak_hot, 热共晶钠钾合金
nuclearcraft:fluid_emergency_coolant, 应急冷却剂
nuclearcraft:fluid_emergency_coolant_heated, 高温应急冷却剂
nuclearcraft:fluid_arsenic, 砷蒸汽
nuclearcraft:fluid_bas, 熔融砷化硼
nuclearcraft:fluid_sic_vapor, 碳化硅蒸汽
nuclearcraft:fluid_alugentum, 熔融银铝
nuclearcraft:fluid_alumina, 熔融矾土
nuclearcraft:fluid_strontium_90, 熔融锶-90
nuclearcraft:fluid_molybdenum, 熔融钼
nuclearcraft:fluid_ruthenium_106, 熔融钌-106
nuclearcraft:fluid_caesium_137, 熔融铯-137
nuclearcraft:fluid_promethium_147, 熔融钷-147
nuclearcraft:fluid_europium_155, 熔融铕-155
packagedauto:packager, 封包机
packagedauto:encoder, 封包配方编码器
packagedauto:unpackager, 解包机
packagedauto:packager_extension, 封包拓展器
packagedauto:distributor, 定位封包分配器
packagedauto:recipe_holder, 封包配方存储器
packagedauto:distributor_marker, 分配器标记
packagedauto:package, 配方包
packagedauto:package_component, 封包组件
packagedauto:me_package_component, ME 封包组件
packagedastral:marked_relay, 标记星辉转继器
packagedastral:discovery_crafter, 星辉封包合成器
packagedastral:attunement_crafter, 星辉封包合成祭坛
packagedastral:constellation_crafter, 天辉封包合成祭坛
packagedastral:trait_crafter, 五彩封包合成祭坛
packagedastral:constellation_focus, 星座核心
packagedavaritia:extreme_crafter, 极限合成打包器
packagedexcrafting:advanced_crafter, 高级封包合成器
packagedexcrafting:elite_crafter, 精英封包合成器
packagedexcrafting:ultimate_crafter, 终极封包合成器
packagedexcrafting:ender_crafter, 末影封包合成器
packagedexcrafting:combination_crafter, 组合封包合成器
packagedexcrafting:marked_pedestal, 标记基座
projectred-integration:gate:0, 或门
projectred-integration:gate:1, 或非门
projectred-integration:gate:2, 非门
projectred-integration:gate:3, 与门
projectred-integration:gate:4, 与非门
projectred-integration:gate:5, 异或门
projectred-integration:gate:6, 异或非门
projectred-integration:gate:7, 缓冲器
projectred-integration:gate:8, 多路复用器
projectred-integration:gate:9, 脉冲发生器
projectred-integration:gate:10, 中继器
projectred-integration:gate:11, 随机信号发生器
projectred-integration:gate:12, RS锁存器
projectred-integration:gate:13, T触发器
projectred-integration:gate:14, 透明锁存器
projectred-integration:gate:15, 光照传感器
projectred-integration:gate:16, 雨雪传感器
projectred-integration:gate:17, 计时器
projectred-integration:gate:18, 序列发生器
projectred-integration:gate:19, 计数器
projectred-integration:gate:20, 状态单元
projectred-integration:gate:21, 同步器
projectred-integration:gate:22, 总线收发器
projectred-integration:gate:23, 空单元
projectred-integration:gate:24, 转换单元
projectred-integration:gate:25, 缓冲单元
projectred-integration:gate:26, 比较器
projectred-integration:gate:27, 与单元
projectred-integration:gate:28, 总线随机发生器
projectred-integration:gate:29, 总线转换器
projectred-integration:gate:30, 总线输入板
projectred-integration:gate:31, 数据储存器
projectred-integration:gate:32, 分段显示门
projectred-integration:gate:33, 减速随机发生器
projectred-integration:gate:34, IC门
projectred-transmission:wire:0, 红色合金丝
projectred-transmission:wire:1, 白色绝缘线缆
projectred-transmission:wire:2, 橙色绝缘线缆
projectred-transmission:wire:3, 品红色绝缘线缆
projectred-transmission:wire:4, 淡蓝色绝缘线缆
projectred-transmission:wire:5, 黄色绝缘线缆
projectred-transmission:wire:6, 黄绿色绝缘线缆
projectred-transmission:wire:7, 粉红色绝缘线缆
projectred-transmission:wire:8, 灰色绝缘线缆
projectred-transmission:wire:9, 淡灰色绝缘线缆
projectred-transmission:wire:10, 青色绝缘线缆
projectred-transmission:wire:11, 紫色绝缘线缆
projectred-transmission:wire:12, 蓝色绝缘线缆
projectred-transmission:wire:13, 棕色绝缘线缆
projectred-transmission:wire:14, 绿色绝缘线缆
projectred-transmission:wire:15, 红色绝缘线缆
projectred-transmission:wire:16, 黑色绝缘线缆
projectred-transmission:wire:17, 集束线缆
projectred-transmission:wire:18, 白色集束线缆
projectred-transmission:wire:19, 橙色集束线缆
projectred-transmission:wire:20, 品红色集束线缆
projectred-transmission:wire:21, 淡蓝色集束线缆
projectred-transmission:wire:22, 黄色集束线缆
projectred-transmission:wire:23, 黄绿色集束线缆
projectred-transmission:wire:24, 粉红色集束线缆
projectred-transmission:wire:25, 灰色集束线缆
projectred-transmission:wire:26, 淡灰色集束线缆
projectred-transmission:wire:27, 青色集束线缆
projectred-transmission:wire:28, 紫色集束线缆
projectred-transmission:wire:29, 蓝色集束线缆
projectred-transmission:wire:30, 棕色集束线缆
projectred-transmission:wire:31, 绿色集束线缆
projectred-transmission:wire:32, 红色集束线缆
projectred-transmission:wire:33, 黑色集束线缆
projectred-transmission:wire:34, 低负载功率线缆
projectred-transmission:framed_wire:0, 框架红色合金丝
projectred-transmission:framed_wire:1, 框架白色绝缘线缆
projectred-transmission:framed_wire:2, 框架橙色绝缘线缆
projectred-transmission:framed_wire:3, 框架品红色绝缘线缆
projectred-transmission:framed_wire:4, 框架淡蓝色绝缘线缆
projectred-transmission:framed_wire:5, 框架黄色绝缘线缆
projectred-transmission:framed_wire:6, 框架黄绿色绝缘线缆
projectred-transmission:framed_wire:7, 框架粉红色绝缘线缆
projectred-transmission:framed_wire:8, 框架灰色绝缘线缆
projectred-transmission:framed_wire:9, 框架淡灰色绝缘线缆
projectred-transmission:framed_wire:10, 框架青色绝缘线缆
projectred-transmission:framed_wire:11, 框架紫色绝缘线缆
projectred-transmission:framed_wire:12, 框架蓝色绝缘线缆
projectred-transmission:framed_wire:13, 框架棕色绝缘线缆
projectred-transmission:framed_wire:14, 框架绿色绝缘线缆
projectred-transmission:framed_wire:15, 框架红色绝缘线缆
projectred-transmission:framed_wire:16, 框架黑色绝缘线缆
projectred-transmission:framed_wire:17, 框架集束线缆
projectred-transmission:framed_wire:34, 框架低负载功率线缆
projectred-fabrication:ic_machine:0, IC工作台
projectred-fabrication:ic_machine:1, IC印刷机
projectred-fabrication:ic_blueprint, IC蓝图
projectred-fabrication:ic_chip:0, IC芯片
projectred-fabrication:ic_chip:1, 创造模式IC芯片
projectred-illumination:lamp:0, 白色灯
projectred-illumination:lamp:1, 橙色灯
projectred-illumination:lamp:2, 品红色灯
projectred-illumination:lamp:3, 淡蓝色灯
projectred-illumination:lamp:4, 黄色灯
projectred-illumination:lamp:5, 黄绿色灯
projectred-illumination:lamp:6, 粉红色灯
projectred-illumination:lamp:7, 灰色灯
projectred-illumination:lamp:8, 淡灰色灯
projectred-illumination:lamp:9, 青色灯
projectred-illumination:lamp:10, 紫色灯
projectred-illumination:lamp:11, 蓝色灯
projectred-illumination:lamp:12, 棕色灯
projectred-illumination:lamp:13, 绿色灯
projectred-illumination:lamp:14, 红色灯
projectred-illumination:lamp:15, 黑色灯
projectred-illumination:lamp:16, 反相白色灯
projectred-illumination:lamp:17, 反相橙色灯
projectred-illumination:lamp:18, 反相品红色灯
projectred-illumination:lamp:19, 反相淡蓝色灯
projectred-illumination:lamp:20, 反相黄色灯
projectred-illumination:lamp:21, 反相黄绿色灯
projectred-illumination:lamp:22, 反相粉红色灯
projectred-illumination:lamp:23, 反相灰色灯
projectred-illumination:lamp:24, 反相淡灰色灯
projectred-illumination:lamp:25, 反相青色灯
projectred-illumination:lamp:26, 反相紫色灯
projectred-illumination:lamp:27, 反相蓝色灯
projectred-illumination:lamp:28, 反相棕色灯
projectred-illumination:lamp:29, 反相绿色灯
projectred-illumination:lamp:30, 反相红色灯
projectred-illumination:lamp:31, 反相黑色灯
projectred-illumination:light_button:0, 白色照明按钮
projectred-illumination:light_button:1, 橙色照明按钮
projectred-illumination:light_button:2, 品红色照明按钮
projectred-illumination:light_button:3, 淡蓝色照明按钮
projectred-illumination:light_button:4, 黄色照明按钮
projectred-illumination:light_button:5, 黄绿色照明按钮
projectred-illumination:light_button:6, 粉红色照明按钮
projectred-illumination:light_button:7, 灰色照明按钮
projectred-illumination:light_button:8, 淡灰色照明按钮
projectred-illumination:light_button:9, 青色照明按钮
projectred-illumination:light_button:10, 紫色照明按钮
projectred-illumination:light_button:11, 蓝色照明按钮
projectred-illumination:light_button:12, 棕色照明按钮
projectred-illumination:light_button:13, 绿色照明按钮
projectred-illumination:light_button:14, 红色照明按钮
projectred-illumination:light_button:15, 黑色照明按钮
projectred-illumination:feedback_light_button:0, 白色照明反馈按钮
projectred-illumination:feedback_light_button:1, 橙色照明反馈按钮
projectred-illumination:feedback_light_button:2, 品红色照明反馈按钮
projectred-illumination:feedback_light_button:3, 淡蓝色照明反馈按钮
projectred-illumination:feedback_light_button:4, 黄色照明反馈按钮
projectred-illumination:feedback_light_button:5, 黄绿色照明反馈按钮
projectred-illumination:feedback_light_button:6, 粉红色照明反馈按钮
projectred-illumination:feedback_light_button:7, 灰色照明反馈按钮
projectred-illumination:feedback_light_button:8, 淡灰色照明反馈按钮
projectred-illumination:feedback_light_button:9, 青色照明反馈按钮
projectred-illumination:feedback_light_button:10, 紫色照明反馈按钮
projectred-illumination:feedback_light_button:11, 蓝色照明反馈按钮
projectred-illumination:feedback_light_button:12, 棕色照明反馈按钮
projectred-illumination:feedback_light_button:13, 绿色照明反馈按钮
projectred-illumination:feedback_light_button:14, 红色照明反馈按钮
projectred-illumination:feedback_light_button:15, 黑色照明反馈按钮
projectred-illumination:lantern:0, 白色灯笼
projectred-illumination:lantern:1, 橙色灯笼
projectred-illumination:lantern:2, 品红色灯笼
projectred-illumination:lantern:3, 淡蓝色灯笼
projectred-illumination:lantern:4, 黄色灯笼
projectred-illumination:lantern:5, 黄绿色灯笼
projectred-illumination:lantern:6, 粉红色灯笼
projectred-illumination:lantern:7, 灰色灯笼
projectred-illumination:lantern:8, 淡灰色灯笼
projectred-illumination:lantern:9, 青色灯笼
projectred-illumination:lantern:10, 紫色灯笼
projectred-illumination:lantern:11, 蓝色灯笼
projectred-illumination:lantern:12, 棕色灯笼
projectred-illumination:lantern:13, 绿色灯笼
projectred-illumination:lantern:14, 红色灯笼
projectred-illumination:lantern:15, 黑色灯笼
projectred-illumination:inverted_lantern:0, 反相白色灯笼
projectred-illumination:inverted_lantern:1, 反相橙色灯笼
projectred-illumination:inverted_lantern:2, 反相品红色灯笼
projectred-illumination:inverted_lantern:3, 反相淡蓝色灯笼
projectred-illumination:inverted_lantern:4, 反相黄色灯笼
projectred-illumination:inverted_lantern:5, 反相黄绿色灯笼
projectred-illumination:inverted_lantern:6, 反相粉红色灯笼
projectred-illumination:inverted_lantern:7, 反相灰色灯笼
projectred-illumination:inverted_lantern:8, 反相淡灰色灯笼
projectred-illumination:inverted_lantern:9, 反相青色灯笼
projectred-illumination:inverted_lantern:10, 反相紫色灯笼
projectred-illumination:inverted_lantern:11, 反相蓝色灯笼
projectred-illumination:inverted_lantern:12, 反相棕色灯笼
projectred-illumination:inverted_lantern:13, 反相绿色灯笼
projectred-illumination:inverted_lantern:14, 反相红色灯笼
projectred-illumination:inverted_lantern:15, 反相黑色灯笼
projectred-illumination:fixture_light:0, 白色灯具
projectred-illumination:fixture_light:1, 橙色灯具
projectred-illumination:fixture_light:2, 品红色灯具
projectred-illumination:fixture_light:3, 淡蓝色灯具
projectred-illumination:fixture_light:4, 黄色灯具
projectred-illumination:fixture_light:5, 黄绿色灯具
projectred-illumination:fixture_light:6, 粉红色灯具
projectred-illumination:fixture_light:7, 灰色灯具
projectred-illumination:fixture_light:8, 淡灰色灯具
projectred-illumination:fixture_light:9, 青色灯具
projectred-illumination:fixture_light:10, 紫色灯具
projectred-illumination:fixture_light:11, 蓝色灯具
projectred-illumination:fixture_light:12, 棕色灯具
projectred-illumination:fixture_light:13, 绿色灯具
projectred-illumination:fixture_light:14, 红色灯具
projectred-illumination:fixture_light:15, 黑色灯具
projectred-illumination:inverted_fixture_light:0, 反相白色灯具
projectred-illumination:inverted_fixture_light:1, 反相橙色灯具
projectred-illumination:inverted_fixture_light:2, 反相品红色灯具
projectred-illumination:inverted_fixture_light:3, 反相淡蓝色灯具
projectred-illumination:inverted_fixture_light:4, 反相黄色灯具
projectred-illumination:inverted_fixture_light:5, 反相黄绿色灯具
projectred-illumination:inverted_fixture_light:6, 反相粉红色灯具
projectred-illumination:inverted_fixture_light:7, 反相灰色灯具
projectred-illumination:inverted_fixture_light:8, 反相淡灰色灯具
projectred-illumination:inverted_fixture_light:9, 反相青色灯具
projectred-illumination:inverted_fixture_light:10, 反相紫色灯具
projectred-illumination:inverted_fixture_light:11, 反相蓝色灯具
projectred-illumination:inverted_fixture_light:12, 反相棕色灯具
projectred-illumination:inverted_fixture_light:13, 反相绿色灯具
projectred-illumination:inverted_fixture_light:14, 反相红色灯具
projectred-illumination:inverted_fixture_light:15, 反相黑色灯具
projectred-illumination:fallout_lamp:0, 白色罩灯
projectred-illumination:fallout_lamp:1, 橙色罩灯
projectred-illumination:fallout_lamp:2, 品红色罩灯
projectred-illumination:fallout_lamp:3, 淡蓝色罩灯
projectred-illumination:fallout_lamp:4, 黄色罩灯
projectred-illumination:fallout_lamp:5, 黄绿色罩灯
projectred-illumination:fallout_lamp:6, 粉红色罩灯
projectred-illumination:fallout_lamp:7, 灰色罩灯
projectred-illumination:fallout_lamp:8, 淡灰色罩灯
projectred-illumination:fallout_lamp:9, 青色罩灯
projectred-illumination:fallout_lamp:10, 紫色罩灯
projectred-illumination:fallout_lamp:11, 蓝色罩灯
projectred-illumination:fallout_lamp:12, 棕色罩灯
projectred-illumination:fallout_lamp:13, 绿色罩灯
projectred-illumination:fallout_lamp:14, 红色罩灯
projectred-illumination:fallout_lamp:15, 黑色罩灯
projectred-illumination:inverted_fallout_lamp:0, 反相白色罩灯
projectred-illumination:inverted_fallout_lamp:1, 反相橙色罩灯
projectred-illumination:inverted_fallout_lamp:2, 反相品红色罩灯
projectred-illumination:inverted_fallout_lamp:3, 反相淡蓝色罩灯
projectred-illumination:inverted_fallout_lamp:4, 反相黄色罩灯
projectred-illumination:inverted_fallout_lamp:5, 反相黄绿色罩灯
projectred-illumination:inverted_fallout_lamp:6, 反相粉红色罩灯
projectred-illumination:inverted_fallout_lamp:7, 反相灰色罩灯
projectred-illumination:inverted_fallout_lamp:8, 反相淡灰色罩灯
projectred-illumination:inverted_fallout_lamp:9, 反相青色罩灯
projectred-illumination:inverted_fallout_lamp:10, 反相紫色罩灯
projectred-illumination:inverted_fallout_lamp:11, 反相蓝色罩灯
projectred-illumination:inverted_fallout_lamp:12, 反相棕色罩灯
projectred-illumination:inverted_fallout_lamp:13, 反相绿色罩灯
projectred-illumination:inverted_fallout_lamp:14, 反相红色罩灯
projectred-illumination:inverted_fallout_lamp:15, 反相黑色罩灯
projectred-illumination:cage_lamp:0, 白色笼灯
projectred-illumination:cage_lamp:1, 橙色笼灯
projectred-illumination:cage_lamp:2, 品红色笼灯
projectred-illumination:cage_lamp:3, 淡蓝色笼灯
projectred-illumination:cage_lamp:4, 黄色笼灯
projectred-illumination:cage_lamp:5, 黄绿色笼灯
projectred-illumination:cage_lamp:6, 粉红色笼灯
projectred-illumination:cage_lamp:7, 灰色笼灯
projectred-illumination:cage_lamp:8, 淡灰色笼灯
projectred-illumination:cage_lamp:9, 青色笼灯
projectred-illumination:cage_lamp:10, 紫色笼灯
projectred-illumination:cage_lamp:11, 蓝色笼灯
projectred-illumination:cage_lamp:12, 棕色笼灯
projectred-illumination:cage_lamp:13, 绿色笼灯
projectred-illumination:cage_lamp:14, 红色笼灯
projectred-illumination:cage_lamp:15, 黑色笼灯
projectred-illumination:inverted_cage_lamp:0, 反相白色笼灯
projectred-illumination:inverted_cage_lamp:1, 反相橙色笼灯
projectred-illumination:inverted_cage_lamp:2, 反相品红色笼灯
projectred-illumination:inverted_cage_lamp:3, 反相淡蓝色笼灯
projectred-illumination:inverted_cage_lamp:4, 反相黄色笼灯
projectred-illumination:inverted_cage_lamp:5, 反相黄绿色笼灯
projectred-illumination:inverted_cage_lamp:6, 反相粉红色笼灯
projectred-illumination:inverted_cage_lamp:7, 反相灰色笼灯
projectred-illumination:inverted_cage_lamp:8, 反相淡灰色笼灯
projectred-illumination:inverted_cage_lamp:9, 反相青色笼灯
projectred-illumination:inverted_cage_lamp:10, 反相紫色笼灯
projectred-illumination:inverted_cage_lamp:11, 反相蓝色笼灯
projectred-illumination:inverted_cage_lamp:12, 反相棕色笼灯
projectred-illumination:inverted_cage_lamp:13, 反相绿色笼灯
projectred-illumination:inverted_cage_lamp:14, 反相红色笼灯
projectred-illumination:inverted_cage_lamp:15, 反相黑色笼灯
qmd:beamline, 束流管道
qmd:linear_accelerator_controller, 线性加速器控制器
qmd:ring_accelerator_controller, 同步加速器控制器
qmd:accelerator_beam, 加速器束流方块
qmd:accelerator_casing, 加速器外壳
qmd:accelerator_computer_port, 加速器电脑端口
qmd:accelerator_redstone_port, 加速器红石端口
qmd:accelerator_port, 加速器物品端口
qmd:accelerator_glass, 透明加速器外壳
qmd:accelerator_vent, 加速器冷却剂出入口
qmd:accelerator_beam_port, 加速器束流端口
qmd:accelerator_synchrotron_port, 加速器同步端口
qmd:accelerator_cavity:0, 铜射频腔
qmd:accelerator_cavity:1, 二硼化镁射频腔
qmd:accelerator_cavity:2, 铌锡合金射频腔
qmd:accelerator_cavity:3, 铌钛合金射频腔
qmd:accelerator_cavity:4, 铋锶钙铜氧化物射频腔
qmd:accelerator_magnet:0, 铜加速器电磁铁
qmd:accelerator_magnet:1, 二硼化镁加速器电磁铁
qmd:accelerator_magnet:2, 铌锡合金加速器电磁铁
qmd:accelerator_magnet:3, 铌钛合金加速器电磁铁
qmd:accelerator_magnet:4, 铋锶钙铜氧化物加速器电磁铁
qmd:accelerator_yoke, 加速器电磁轭
qmd:accelerator_cooler1:0, 水加速器冷却器
qmd:accelerator_cooler1:1, 铁加速器冷却器
qmd:accelerator_cooler1:2, 红石加速器冷却器
qmd:accelerator_cooler1:3, 石英加速器冷却器
qmd:accelerator_cooler1:4, 黑曜石加速器冷却器
qmd:accelerator_cooler1:5, 地狱砖加速器冷却器
qmd:accelerator_cooler1:6, 荧石加速器冷却器
qmd:accelerator_cooler1:7, 青金石加速器冷却器
qmd:accelerator_cooler1:8, 金加速器冷却器
qmd:accelerator_cooler1:9, 海晶石加速器冷却器
qmd:accelerator_cooler1:10, 史莱姆加速器冷却器
qmd:accelerator_cooler1:11, 末地石加速器冷却器
qmd:accelerator_cooler1:12, 紫珀加速器冷却器
qmd:accelerator_cooler1:13, 钻石加速器冷却器
qmd:accelerator_cooler1:14, 绿宝石加速器冷却器
qmd:accelerator_cooler1:15, 铜加速器冷却器
qmd:accelerator_cooler2:0, 锡加速器冷却器
qmd:accelerator_cooler2:1, 铅加速器冷却器
qmd:accelerator_cooler2:2, 硼加速器冷却器
qmd:accelerator_cooler2:3, 锂加速器冷却器
qmd:accelerator_cooler2:4, 镁加速器冷却器
qmd:accelerator_cooler2:5, 锰加速器冷却器
qmd:accelerator_cooler2:6, 铝加速器冷却器
qmd:accelerator_cooler2:7, 银加速器冷却器
qmd:accelerator_cooler2:8, 氟石加速器冷却器
qmd:accelerator_cooler2:9, 氟盐加速器冷却器
qmd:accelerator_cooler2:10, 方氟钾石加速器冷却器
qmd:accelerator_cooler2:11, 砷加速器冷却器
qmd:accelerator_cooler2:12, 液氮加速器冷却器
qmd:accelerator_cooler2:13, 液氦加速器冷却器
qmd:accelerator_cooler2:14, 末影加速器冷却器
qmd:accelerator_cooler2:15, 凛冰加速器冷却器
qmd:accelerator_source, 加速器离子源
qmd:accelerator_energy_port, 加速器能量端口
qmd:beam_diverter_controller, 束流转向器控制器
qmd:beam_splitter_controller, 束流分离器控制器
qmd:decelerator_controller, 减速器控制器
qmd:mass_spectrometer_controller, 质谱仪控制器
qmd:accelerator_laser_ion_source, 加速器激光器离子源
qmd:accelerator_ion_collector, 加速器离子收集器
qmd:target_chamber_controller, 靶室控制器
qmd:decay_chamber_controller, 衰变室控制器
qmd:beam_dump_controller, 束流收集器控制器
qmd:collision_chamber_controller, 碰撞室控制器
qmd:particle_chamber_beam, 粒子室束流方块
qmd:particle_chamber_casing, 粒子室外壳
qmd:particle_chamber_glass, 透明粒子室外壳
qmd:particle_chamber_beam_port, 粒子室束流端口
qmd:particle_chamber_detector:0, 气泡室探测器
qmd:particle_chamber_detector:1, 硅追踪器探测器
qmd:particle_chamber_detector:2, 线缆室探测器
qmd:particle_chamber_detector:3, 电磁铁热量计探测器
qmd:particle_chamber_detector:4, 强子热量计探测器
qmd:particle_chamber_energy_port, 粒子室能量端口
qmd:particle_chamber, 粒子室
qmd:particle_chamber_port, 粒子室物品端口
qmd:particle_chamber_fluid_port, 粒子室流体端口
qmd:ore_leacher, 矿石过滤器
qmd:irradiator, 辐照器
qmd:atmosphere_collector, 大气收集器
qmd:fission_reflector:0, 碳化钨中子反射器
qmd:fission_shield:0, 铪裂变中子防护屏
qmd:rtg_strontium, 锶放射性热电发电机
qmd:discharge_lamp:0, 放电灯
qmd:discharge_lamp:1, 氢放电灯
qmd:discharge_lamp:2, 氦放电灯
qmd:discharge_lamp:3, 氮放电灯
qmd:discharge_lamp:4, 氧放电灯
qmd:discharge_lamp:5, 氖放电灯
qmd:discharge_lamp:6, 氩放电灯
qmd:discharge_lamp2:0, 钠放电灯
qmd:discharge_lamp2:1, 汞放电灯
qmd:neutral_containment_controller, 奇异物质遏制室控制器
qmd:nucleosynthesis_chamber_controller, 核合成室控制器
qmd:containment_casing, 真空室外壳
qmd:containment_glass, 透明真空室外壳
qmd:containment_port, 真空室物品端口
qmd:containment_beam_port, 真空室束流端口
qmd:containment_vent, 真空室冷却剂出入口
qmd:containment_energy_port, 真空室能量端口
qmd:vacuum_chamber_fluid_port, 真空室流体端口
qmd:containment_coil, 真空室线圈
qmd:containment_laser, 真空室激光器
qmd:vacuum_chamber_beam, 真空室束流方块
qmd:vacuum_chamber_plasma_glass, 真空室等离子玻璃
qmd:vacuum_chamber_plasma_nozzle, 真空室等离子喷嘴
qmd:vacuum_chamber_heater:0, 铁真空室加热器
qmd:vacuum_chamber_heater:1, 红石真空室加热器
qmd:vacuum_chamber_heater:2, 石英真空室加热器
qmd:vacuum_chamber_heater:3, 黑曜石真空室加热器
qmd:vacuum_chamber_heater:4, 荧石真空室加热器
qmd:vacuum_chamber_heater:5, 青金石真空室加热器
qmd:vacuum_chamber_heater:6, 金真空室加热器
qmd:vacuum_chamber_heater:7, 钻石真空室加热器
qmd:vacuum_chamber_heater_vent, 真空室加热器出入口
qmd:vacuum_chamber_redstone_port, 真空室红石端口
qmd:strontium_90_block, 锶-90 块
qmd:block_green_luminous_paint, tile.qmd.block_green_luminous_paint.name
qmd:block_blue_luminous_paint, tile.qmd.block_blue_luminous_paint.name
qmd:block_orange_luminous_paint, tile.qmd.block_orange_luminous_paint.name
qmd:creative_particle_source, 创造粒子源
qmd:turbine_blade_super_alloy, 超级合金涡轮机转子叶片
qmd:dust:0, 钨粉
qmd:dust:1, 铌粉
qmd:dust:2, 铬粉
qmd:dust:3, 钛粉
qmd:dust:4, 钴粉
qmd:dust:5, 镍粉
qmd:dust:6, 铪粉
qmd:dust:7, 锌粉
qmd:dust:8, 锇粉
qmd:dust:9, 铱粉
qmd:dust:10, 铂粉
qmd:dust:11, 钠粉
qmd:dust:12, 钾粉
qmd:dust:13, 钙粉
qmd:dust:14, 锶粉
qmd:dust2:0, 钇粉
qmd:dust2:1, 钕粉
qmd:dust2:2, 碘粉
qmd:dust2:3, 钐粉
qmd:dust2:4, 铽粉
qmd:dust2:5, 铒粉
qmd:dust2:6, 镱粉
qmd:ingot:0, 钨锭
qmd:ingot:1, 铌锭
qmd:ingot:2, 铬锭
qmd:ingot:3, 钛锭
qmd:ingot:4, 钴锭
qmd:ingot:5, 镍锭
qmd:ingot:6, 铪锭
qmd:ingot:7, 锌锭
qmd:ingot:8, 锇锭
qmd:ingot:9, 铱锭
qmd:ingot:10, 铂锭
qmd:ingot:11, 钠锭
qmd:ingot:12, 钾锭
qmd:ingot:13, 钙锭
qmd:ingot:14, 锶锭
qmd:ingot2:0, 钇锭
qmd:ingot2:1, 钕锭
qmd:ingot2:2, 汞
qmd:ingot_alloy:0, 碳化钨锭
qmd:ingot_alloy:1, 铌锡合金锭
qmd:ingot_alloy:2, 不锈钢锭
qmd:ingot_alloy:3, 铌钛合金锭
qmd:ingot_alloy:4, 铱锇合金锭
qmd:ingot_alloy:5, 镍铬合金锭
qmd:ingot_alloy:6, 超级合金锭
qmd:source:0, 钨丝
qmd:source:1, 钠-22 源
qmd:source:2, 钴-60 源
qmd:source:3, 铱-192 源
qmd:source:4, 钙-48 源
qmd:isotope:0, 钠-22
qmd:isotope:1, 铍-7
qmd:isotope:2, 镁-24
qmd:isotope:3, 镁-26
qmd:isotope:4, 铀-234
qmd:isotope:5, 镤-231 粉
qmd:isotope:6, 钴-60
qmd:isotope:7, 铱-192
qmd:isotope:8, 钙-48
qmd:part:0, 空冷却器
qmd:part:1, 空探测器外壳
qmd:part:2, 钨酸铅闪烁体
qmd:part:3, 塑料闪烁体
qmd:part:4, 铋锶钙铜氧化物超导线缆
qmd:part:5, 掺钕钇铝石榴石杆
qmd:part:6, 镀金钨线缆
qmd:part:7, 空线缆室
qmd:part:8, 钕磁铁
qmd:part:9, 加速膛
qmd:part:10, 激光器组件
qmd:semiconductor:0, P 型掺杂硅
qmd:semiconductor:1, N 型掺杂硅
qmd:semiconductor:2, 硅晶柱
qmd:semiconductor:3, 硅晶圆
qmd:semiconductor:4, 基础处理器
qmd:semiconductor:5, 高级处理器
qmd:semiconductor:6, 精英处理器
qmd:chemical_dust:0, 氧化钨
qmd:chemical_dust:1, 铋锶钙铜氧化物粉
qmd:chemical_dust:2, 硝酸钠
qmd:chemical_dust:3, 氯化钠
qmd:chemical_dust:4, 氧化铜
qmd:chemical_dust:5, 氧化铪
qmd:chemical_dust:6, 氯化锶
qmd:chemical_dust:7, 硫化锌
qmd:waste_fission:0, 轻裂变废料
qmd:waste_fission:1, 重裂变废料
qmd:waste_spallation:0, 锎散裂废料
qmd:waste_spallation:1, 锫散裂废料
qmd:waste_spallation:2, 锔散裂废料
qmd:waste_spallation:3, 镅散裂废料
qmd:waste_spallation:4, 钚散裂废料
qmd:waste_spallation:5, 镎散裂废料
qmd:waste_spallation:6, 铀散裂废料
qmd:waste_spallation:7, 镤散裂废料
qmd:waste_spallation:8, 钍散裂废料
qmd:waste_spallation:9, 镭散裂废料
qmd:waste_spallation:10, 钋散裂废料
qmd:waste_spallation:11, 铋散裂废料
qmd:waste_spallation:12, 铅散裂废料
qmd:waste_spallation:13, 金散裂废料
qmd:waste_spallation:14, 铂散裂废料
qmd:waste_spallation:15, 铱散裂废料
qmd:waste_spallation2:0, 锇散裂废料
qmd:waste_spallation2:1, 钨散裂废料
qmd:waste_spallation2:2, 铪散裂废料
qmd:waste_spallation2:3, 汞散裂废料
qmd:sword_tungsten_carbide, 碳化钨剑
qmd:pickaxe_tungsten_carbide, 碳化钨镐
qmd:shovel_tungsten_carbide, 碳化钨锹
qmd:axe_tungsten_carbide, 碳化钨斧
qmd:hoe_tungsten_carbide, 碳化钨锄
qmd:flesh, 没那么腐的肉
qmd:potassium_iodine_tablet, 碘化钾片
qmd:luminous_paint:0, 绿色射线发光染料
qmd:luminous_paint:1, 蓝色射线发光染料
qmd:luminous_paint:2, 橙色射线发光染料
qmd:cell:0, 空单元
qmd:cell:1, 反氢单元
qmd:cell:2, 反氘单元
qmd:cell:3, 反氚单元
qmd:cell:4, 反氦-3 单元
qmd:cell:5, 反氦单元
qmd:cell:6, 正电子偶素单元
qmd:cell:7, μ 子偶素单元
qmd:cell:8, τ 子偶素单元
qmd:cell:9, 胶子单元
qmd:lepton_cannon, 轻子炮
qmd:gluon_gun, 胶子枪
qmd:antimatter_launcher, 反物质发射器
qmd:beam_meter, 束流计
qmd:drill_basic, 采矿电钻
qmd:drill_advanced, 高级采矿电钻
qmd:copernicium:0, 鿔-291
qmd:copernicium:1, 鿔-291 碳化物
qmd:copernicium:2, 鿔-291 氧化物
qmd:copernicium:3, 鿔-291 氮化物
qmd:copernicium:4, 鿔-291-锆合金
qmd:pellet_copernicium:0, 混合物-291 燃料
qmd:pellet_copernicium:1, 混合物-291 燃料 碳化物
qmd:fuel_copernicium:0, 混合 TRISO-291 燃料颗粒
qmd:fuel_copernicium:1, 混合氧化物-291 燃料丸
qmd:fuel_copernicium:2, 混合氮化物-291 燃料丸
qmd:fuel_copernicium:3, 混合锆合金-291 燃料丸
qmd:depleted_fuel_copernicium:0, 枯竭混合 TRISO-291 燃料颗粒
qmd:depleted_fuel_copernicium:1, 枯竭混合氧化物-291 燃料丸
qmd:depleted_fuel_copernicium:2, 枯竭混合氮化物-291 燃料丸
qmd:depleted_fuel_copernicium:3, 枯竭混合锆合金-291 燃料丸
qmd:helm_hev, HEV 头盔
qmd:chest_hev, HEV 胸甲
qmd:legs_hev, HEV 护腿
qmd:boots_hev, HEV 靴子
qmd:fluid_hydrochloric_acid, 盐酸
qmd:fluid_nitric_acid, 硝酸
qmd:fluid_sodium_chloride_solution, 氯化钠溶液
qmd:fluid_sodium_nitrate_solution, 硝酸钠溶液
qmd:fluid_lead_nitrate_solution, 硝酸铅溶液
qmd:fluid_sodium_tungstate_solution, 钨酸钠溶液
qmd:fluid_lead_tungstate_solution, 钨酸铅溶液
qmd:fluid_liquid_hydrogen, 液氢
qmd:fluid_liquid_argon, 液氩
qmd:fluid_liquid_neon, 液氖
qmd:fluid_liquid_oxygen, 液氧
qmd:fluid_mercury, 汞
qmd:fluid_hot_mercury, 热汞
qmd:fluid_iodine, 液态碘
qmd:fluid_argon, 氩
qmd:fluid_neon, 氖
qmd:fluid_chlorine, 氯
qmd:fluid_nitric_oxide, 一氧化氮
qmd:fluid_nitrogen_dioxide, 二氧化氮
qmd:fluid_compressed_air, 压缩空气
qmd:fluid_silicon, 熔融硅
qmd:fluid_yag, 熔融钇铝石榴石
qmd:fluid_nd_yag, 熔融掺钕钇铝石榴石
qmd:fluid_tungsten, 熔融钨
qmd:fluid_niobium, 熔融铌
qmd:fluid_chromium, 熔融铬
qmd:fluid_titanium, 熔融钛
qmd:fluid_cobalt, 熔融钴
qmd:fluid_nickel, 熔融镍
qmd:fluid_hafnium, 熔融铪
qmd:fluid_zinc, 熔融锌
qmd:fluid_osmium, 熔融锇
qmd:fluid_iridium, 熔融铱
qmd:fluid_platinum, 熔融铂
qmd:fluid_calcium, 熔融钙
qmd:fluid_strontium, 熔融锶
qmd:fluid_yttrium, 熔融钇
qmd:fluid_neodymium, 熔融钕
qmd:fluid_samarium, 熔融钐
qmd:fluid_terbium, 熔融铽
qmd:fluid_erbium, 熔融铒
qmd:fluid_ytterbium, 熔融镱
qmd:fluid_bismuth, 熔融铋
qmd:fluid_polonium, 熔融钋
qmd:fluid_radium, 熔融镭
qmd:fluid_carbon, 碳蒸汽
qmd:fluid_sodium_chloride, 熔融氯化钠
qmd:fluid_antihydrogen, 反氢
qmd:fluid_antideuterium, 反氘
qmd:fluid_antitritium, 反氚
qmd:fluid_antihelium3, 反氦-3
qmd:fluid_antihelium, 反氦
qmd:fluid_positronium, 正电子偶素
qmd:fluid_muonium, μ 子偶素
qmd:fluid_tauonium, τ 子偶素
qmd:fluid_glueballs, 胶球
randomthings:fertilizeddirt, 沃土
randomthings:fertilizeddirttilled, 沃土
randomthings:playerinterface, 玩家接口
randomthings:creativeplayerinterface, 创造玩家接口
randomthings:lapisglass, 青金石玻璃
randomthings:lapislamp, 青金石灯
randomthings:dyeingmachine, 填涂机
randomthings:onlinedetector, 在线侦测器
randomthings:chatdetector, 聊天检测器
randomthings:enderbridge, 末影桥
randomthings:prismarineenderbridge, 海晶石末影桥
randomthings:enderanchor, 末影锚
randomthings:beanstalk, 魔豆茎
randomthings:lesserbeanstalk, 次级魔豆茎
randomthings:beanpod, 豆荚
randomthings:lightredirector, 光线折射器
randomthings:imbuingstation, 灌注台
randomthings:spectreblock, 通灵方块
randomthings:specialchest:0, 自然箱子
randomthings:specialchest:1, 水域箱子
randomthings:analogemitter, 模拟信号发生器
randomthings:fluiddisplay, 流体伪装方块
randomthings:customworkbench, 工作台
randomthings:endermailbox, 末影邮箱
randomthings:pitcherplant, 猪笼草
randomthings:platform:0, 橡木平台
randomthings:platform:1, 云杉木平台
randomthings:platform:2, 白桦木平台
randomthings:platform:3, 丛林木平台
randomthings:platform:4, 金合欢木平台
randomthings:platform:5, 深色橡木平台
randomthings:entitydetector, 实体检测器
randomthings:quartzlamp, 石英灯
randomthings:quartzglass, 石英玻璃
randomthings:potionvaporizer, 药水雾化器
randomthings:voxelprojector, [未完成] 三维投影仪
randomthings:contactbutton, 接触式按钮
randomthings:contactlever, 接触式拉杆
randomthings:sakanade, 纤毛孢子
randomthings:rainshield, 驱雨盾
randomthings:blockbreaker, 方块破坏器
randomthings:superlubricentice, 超级滑滑冰
randomthings:compressedslimeblock, 压缩粘液块
randomthings:superlubricentplatform, 超级滑滑冰平台
randomthings:filteredsuperlubricentplatform, 超级滑滑冰平台（物品过滤）
randomthings:redstoneobserver, 红石观测仪
randomthings:biomeradar, 生物群系雷达
randomthings:irondropper, 铁投掷器
randomthings:igniter, 点火器
randomthings:blockofsticks:0, 脚手架
randomthings:blockofsticks:1, 强化脚手架
randomthings:blazingfire, tile.blazingFire.name
randomthings:luminousblock:0, 荧光白色方块
randomthings:luminousblock:1, 荧光橙色方块
randomthings:luminousblock:2, 荧光品红色方块
randomthings:luminousblock:3, 荧光淡蓝色方块
randomthings:luminousblock:4, 荧光黄色方块
randomthings:luminousblock:5, 荧光黄绿色方块
randomthings:luminousblock:6, 荧光粉红色方块
randomthings:luminousblock:7, 荧光灰色方块
randomthings:luminousblock:8, 荧光淡灰色方块
randomthings:luminousblock:9, 荧光青色方块
randomthings:luminousblock:10, 荧光紫色方块
randomthings:luminousblock:11, 荧光蓝色方块
randomthings:luminousblock:12, 荧光棕色方块
randomthings:luminousblock:13, 荧光绿色方块
randomthings:luminousblock:14, 荧光红色方块
randomthings:luminousblock:15, 荧光黑色方块
randomthings:translucentluminousblock:0, 通透荧光白色方块
randomthings:translucentluminousblock:1, 通透荧光橙色方块
randomthings:translucentluminousblock:2, 通透荧光品红色方块
randomthings:translucentluminousblock:3, 通透荧光淡蓝色方块
randomthings:translucentluminousblock:4, 通透荧光黄色方块
randomthings:translucentluminousblock:5, 通透荧光黄绿色方块
randomthings:translucentluminousblock:6, 通透荧光粉红色方块
randomthings:translucentluminousblock:7, 通透荧光灰色方块
randomthings:translucentluminousblock:8, 通透荧光淡灰色方块
randomthings:translucentluminousblock:9, 通透荧光青色方块
randomthings:translucentluminousblock:10, 通透荧光紫色方块
randomthings:translucentluminousblock:11, 通透荧光蓝色方块
randomthings:translucentluminousblock:12, 通透荧光棕色方块
randomthings:translucentluminousblock:13, 通透荧光绿色方块
randomthings:translucentluminousblock:14, 通透荧光红色方块
randomthings:translucentluminousblock:15, 通透荧光黑色方块
randomthings:inventoryrerouter, 物流管理器
randomthings:slimecube, §a粘液立方体§7
randomthings:peacecandle, 和平蜡烛
randomthings:notificationinterface, 通知接口
randomthings:glowingmushroom, 荧光菇
randomthings:inventorytester, 物流检测器
randomthings:superlubricentstone, 超级滑滑石
randomthings:globalchatdetector, 全局聊天检测器
randomthings:triggerglass, 感知玻璃
randomthings:blockdestabilizer, 方块去稳定器
randomthings:lotus, 莲花
randomthings:ancientbrick, 远古石砖[内部]
randomthings:soundbox, 音箱
randomthings:sounddampener, 隔音器
randomthings:diaphanousblock, 通透方块
randomthings:sidedredstone, 单向红石块
randomthings:spectrelens, 通灵镜片
randomthings:spectreenergyinjector, 通灵能量注入器
randomthings:plate_processing, 集成运输板
randomthings:spectrecoil_normal, 通灵线圈
randomthings:spectrecoil_redstone, 红石通灵线圈
randomthings:spectrecoil_ender, 末影通灵线圈
randomthings:spectrecoil_number, Nr. %s通灵线圈
randomthings:spectrecoil_genesis, 创造模式通灵线圈
randomthings:advancedredstonerepeater, 高级红石中继器
randomthings:advancedredstonetorch_on, 高级红石火把
randomthings:floobrick, 飞路砖
randomthings:spectreplank, 通灵木板
randomthings:spectresapling, 通灵树苗
randomthings:spectrelog, 通灵原木
randomthings:spectreleaf, 通灵树叶
randomthings:itemcollector, 物品收集器
randomthings:advanceditemcollector, 高级物品收集器
randomthings:naturecore, 自然核心
randomthings:biomestone:0, 自然感知圆石
randomthings:biomestone:1, 自然感知石头
randomthings:biomestone:2, 自然感知石砖
randomthings:biomestone:3, 自然感知裂石砖
randomthings:biomestone:4, 自然感知錾制石砖
randomthings:biomeglass, 自然感知玻璃
randomthings:coloredgrass:0, 白色草方块
randomthings:coloredgrass:1, 橙色草方块
randomthings:coloredgrass:2, 品红色草方块
randomthings:coloredgrass:3, 淡蓝色草方块
randomthings:coloredgrass:4, 黄色草方块
randomthings:coloredgrass:5, 黄绿色草方块
randomthings:coloredgrass:6, 粉红色草方块
randomthings:coloredgrass:7, 灰色草方块
randomthings:coloredgrass:8, 淡灰色草方块
randomthings:coloredgrass:9, 青色草方块
randomthings:coloredgrass:10, 紫色草方块
randomthings:coloredgrass:11, 蓝色草方块
randomthings:coloredgrass:12, 棕色草方块
randomthings:coloredgrass:13, 绿色草方块
randomthings:coloredgrass:14, 红色草方块
randomthings:coloredgrass:15, 黑色草方块
randomthings:spectrecore, 通灵核心
randomthings:rainbowlamp, 彩虹灯
randomthings:basicredstoneinterface, 基础红石接口
randomthings:advancedredstoneinterface, 高级红石接口
randomthings:stainedbrick:0, 白色染色砖块
randomthings:stainedbrick:1, 橙色染色砖块
randomthings:stainedbrick:2, 品红色染色砖块
randomthings:stainedbrick:3, 淡蓝色染色砖块
randomthings:stainedbrick:4, 黄色染色砖块
randomthings:stainedbrick:5, 黄绿色染色砖块
randomthings:stainedbrick:6, 粉红色染色砖块
randomthings:stainedbrick:7, 灰色染色砖块
randomthings:stainedbrick:8, 淡灰色染色砖块
randomthings:stainedbrick:9, 青色染色砖块
randomthings:stainedbrick:10, 紫色染色砖块
randomthings:stainedbrick:11, 蓝色染色砖块
randomthings:stainedbrick:12, 棕色染色砖块
randomthings:stainedbrick:13, 绿色染色砖块
randomthings:stainedbrick:14, 红色染色砖块
randomthings:stainedbrick:15, 黑色染色砖块
randomthings:luminousstainedbrick:0, 荧光白色染色砖块
randomthings:luminousstainedbrick:1, 荧光橙色染色砖块
randomthings:luminousstainedbrick:2, 荧光品红色染色砖块
randomthings:luminousstainedbrick:3, 荧光淡蓝色染色砖块
randomthings:luminousstainedbrick:4, 荧光黄色染色砖块
randomthings:luminousstainedbrick:5, 荧光黄绿色染色砖块
randomthings:luminousstainedbrick:6, 荧光粉红色染色砖块
randomthings:luminousstainedbrick:7, 荧光灰色染色砖块
randomthings:luminousstainedbrick:8, 荧光淡灰色染色砖块
randomthings:luminousstainedbrick:9, 荧光青色染色砖块
randomthings:luminousstainedbrick:10, 荧光紫色染色砖块
randomthings:luminousstainedbrick:11, 荧光蓝色染色砖块
randomthings:luminousstainedbrick:12, 荧光棕色染色砖块
randomthings:luminousstainedbrick:13, 荧光绿色染色砖块
randomthings:luminousstainedbrick:14, 荧光红色染色砖块
randomthings:luminousstainedbrick:15, 荧光黑色染色砖块
randomthings:plate_redirector, 重定向式运输板
randomthings:plate_filteredredirector, 重定向式运输板（过滤）
randomthings:plate_redstone, 红石控制运输板
randomthings:plate_corrector, 校准式运输板
randomthings:plate_itemsealer, 密封式运输板（物品）
randomthings:plate_itemrejuvenator, 物品重置运输板
randomthings:plate_accelerator, 加速式运输板
randomthings:plate_accelerator_directional, 定向加速式运输板
randomthings:plate_bouncy, 弹性运输板
randomthings:plate_collection, 收集式运输板
randomthings:plate_extraction, 抽取式运输板
randomthings:stableenderpearl, 稳态末影珍珠
randomthings:biomecrystal, 生物群系水晶
randomthings:positionfilter, 方位过滤器
randomthings:summoningpendulum, 召唤师灵摆
randomthings:beans:0, 豆子
randomthings:beans:1, 次级魔豆
randomthings:beans:2, 魔豆
randomthings:beanstew, 豆汤
randomthings:redstonetool, 红石工具
randomthings:waterwalkingboots, 水上漫步者之靴
randomthings:dungeonchestgenerator, 战利品生成器
randomthings:lavacharm, 熔岩魔符
randomthings:lavawader, 熔岩魔靴
randomthings:obsidianskull, 黑曜石头颅
randomthings:obsidianskullring, 黑曜石头颅指环
randomthings:obsidianwaterwalkingboots, 水上漫步者之靴（黑曜石）
randomthings:magichood, 魔法风帽
randomthings:imbue:0, 火焰灌注药水
randomthings:imbue:1, 毒液灌注药水
randomthings:imbue:2, 经验灌注药水
randomthings:imbue:3, 凋零灌注药水
randomthings:bottleofair, 瓶装空气
randomthings:rezstone, 血石
randomthings:enderletter, 末影邮件
randomthings:entityfilter, 实体过滤器
randomthings:ingredient:0, 纤毛孢子
randomthings:ingredient:1, 恶魔之泪
randomthings:ingredient:2, 灵气
randomthings:ingredient:3, 通灵之铁
randomthings:ingredient:4, 生物群系传感器
randomthings:ingredient:5, 荧光粉
randomthings:ingredient:6, 超级滑滑剂
randomthings:ingredient:7, 飞路粉
randomthings:ingredient:8, 运输板基板
randomthings:ingredient:9, 华丽的绿宝石
randomthings:ingredient:10, 莲花
randomthings:ingredient:11, 金蛋
randomthings:ingredient:12, 通灵线
randomthings:ingredient:13, 熄光粉
randomthings:itemfilter, 物品过滤器
randomthings:redstoneactivator, 红石触发器
randomthings:redstoneremote, 远程红石触发器
randomthings:goldencompass, 黄金指南针
randomthings:blazeandsteel, 灼炎打火石
randomthings:runepattern, 符文图纸
randomthings:superlubricentboots, 超级滑滑靴
randomthings:floosign, 飞路告示牌
randomthings:idcard, 身份证
randomthings:emeraldcompass, 绿宝石指南针
randomthings:flootoken, 飞路令牌
randomthings:portkey, 传送钥匙
randomthings:lotusseeds, 莲子
randomthings:soundpattern, 声音模块
randomthings:soundrecorder, 录音机
randomthings:portablesounddampener, 便携式隔音器
randomthings:escaperope, 逃生绳
randomthings:weatheregg:0, 天气胶囊<晴天>
randomthings:weatheregg:1, 天气胶囊<雨天>
randomthings:weatheregg:2, 天气胶囊<雷暴>
randomthings:enderbucket, 末影桶
randomthings:reinforcedenderbucket, 强化末影桶
randomthings:chunkanalyzer, 区块分析器
randomthings:floopouch, 飞路粉袋
randomthings:timeinabottle, 时间之瓶
randomthings:spectreilluminator, 通灵光源
randomthings:spectrecharger:0, 通灵充能器
randomthings:spectrecharger:1, 红石通灵充能器
randomthings:spectrecharger:2, 末影通灵充能器
randomthings:spectrecharger:3, 创世纪通灵充能器
randomthings:eclipsedclock, 月蚀计
randomthings:grassseeds:0, 草籽
randomthings:grassseeds:1, 白色草籽
randomthings:grassseeds:2, 橙色草籽
randomthings:grassseeds:3, 品红色草籽
randomthings:grassseeds:4, 淡蓝色草籽
randomthings:grassseeds:5, 黄色草籽
randomthings:grassseeds:6, 黄绿色草籽
randomthings:grassseeds:7, 粉红色草籽
randomthings:grassseeds:8, 灰色草籽
randomthings:grassseeds:9, 淡灰色草籽
randomthings:grassseeds:10, 青色草籽
randomthings:grassseeds:11, 紫色草籽
randomthings:grassseeds:12, 蓝色草籽
randomthings:grassseeds:13, 棕色草籽
randomthings:grassseeds:14, 绿色草籽
randomthings:grassseeds:15, 红色草籽
randomthings:grassseeds:16, 黑色草籽
randomthings:spectrekey, 通灵之钥
randomthings:spectreanchor, 通灵锚
randomthings:spectresword, 通灵之剑
randomthings:spectrepickaxe, 通灵之镐
randomthings:spectreaxe, 通灵之斧
randomthings:spectreshovel, 通灵之锹
randomthings:runedust:0, 白色符文粉
randomthings:runedust:1, 橙色符文粉
randomthings:runedust:2, 品红色符文粉
randomthings:runedust:3, 淡蓝色符文粉
randomthings:runedust:4, 黄色符文粉
randomthings:runedust:5, 黄绿色符文粉
randomthings:runedust:6, 粉红色符文粉
randomthings:runedust:7, 灰色符文粉
randomthings:runedust:8, 淡灰色符文粉
randomthings:runedust:9, 青色符文粉
randomthings:runedust:10, 紫色符文粉
randomthings:runedust:11, 蓝色符文粉
randomthings:runedust:12, 棕色符文粉
randomthings:runedust:13, 绿色符文粉
randomthings:runedust:14, 红色符文粉
randomthings:runedust:15, 黑色符文粉
thaumicbases:oldcobble, 古老圆石
thaumicbases:oldcobblemossy, 古老苔石
thaumicbases:oldgravel, 沙砾（旧式）
thaumicbases:oldbrick, 红砖（旧式）
thaumicbases:oldlapis, 古老青金石块
thaumicbases:oldiron, 古老铁块
thaumicbases:oldgold, 古老金块
thaumicbases:olddiamond, 古老钻石块
thaumicbases:quicksilverblock, 水银块
thaumicbases:quicksilverbrick, 水银砖块
thaumicbases:dustblock, 世界盐块
thaumicbases:blockthauminite, 秘晶块
thaumicbases:irongreatwood, 镶铁宏伟之木
thaumicbases:eldritchark, 镶金黑曜石
thaumicbases:crystalblockair, 风之魔晶块
thaumicbases:crystalblockfire, 火之魔晶块
thaumicbases:crystalblockwater, 水之魔晶块
thaumicbases:crystalblockearth, 地之魔晶块
thaumicbases:crystalblockorder, 秩序魔晶块
thaumicbases:crystalblockentropy, 混沌魔晶块
thaumicbases:crystalblockmixed, 元始魔晶块
thaumicbases:crystalblocktainted, 腐化魔晶块
thaumicbases:thaumic_anvil:0, 神秘砧
thaumicbases:thaumic_anvil:1, 轻微损坏的神秘砧
thaumicbases:thaumic_anvil:2, 严重损坏的神秘砧
thaumicbases:void_anvil:0, 虚空砧
thaumicbases:void_anvil:1, 轻微损坏的虚空砧
thaumicbases:void_anvil:2, 严重损坏的的虚空砧
thaumicbases:pyrosolid, 魔力熔岩固体
thaumicbases:rainbowcactus, 彩虹仙人掌
thaumicbases:aurelia, 灵气花
thaumicbases:briar, 野蔷薇
thaumicbases:ashroom, 始源蘑菇
thaumicbases:ironspike, 铁钉
thaumicbases:thaumspike, 神秘钉
thaumicbases:voidspike, 虚空钉
thaumicbases:goldenlogs, 黄金橡树原木
thaumicbases:goldenleaves, 黄金橡树树叶
thaumicbases:goldensapling, 黄金橡树树苗
thaumicbases:goldenplanks, 黄金橡木木板
thaumicbases:endersapling, 末影橡树树苗
thaumicbases:enderlogs, 末影橡木原木
thaumicbases:enderleaves, 末影橡树树叶
thaumicbases:enderplanks, 末影橡木木板
thaumicbases:nethersapling, 地狱橡树树苗
thaumicbases:netherlogs, 地狱橡木原木
thaumicbases:netherleaves, 地狱橡树树叶
thaumicbases:netherplanks, 地狱橡木木板
thaumicbases:peacesapling, 和平树苗
thaumicbases:peacelogs, 和平树原木
thaumicbases:peaceleaves, 和平树树叶
thaumicbases:peaceplanks, 和平树木板
thaumicbases:overchanter, 超吟附魔台
thaumicbases:campfire, 营火
thaumicbases:braizer, 神秘使火盆
thaumicbases:nuggetthauminite, 秘晶粒
thaumicbases:thauminite_ingot, 秘晶锭
thaumicbases:thauminite_plate, 秘晶板
thaumicbases:bloodycloth, 血渍魔力布匹
thaumicbases:thauminiteaxe, 秘晶斧
thaumicbases:thauminitepickaxe, 秘晶镐
thaumicbases:thauminitesword, 秘晶剑
thaumicbases:thauminiteshovel, 秘晶锹
thaumicbases:thauminitehoe, 秘晶锄
thaumicbases:voidshears, 虚空剪刀
thaumicbases:voidfas, 虚空打火石
thaumicbases:plaxseed, 纤化草种
thaumicbases:sweedseed, 蔗糖草种
thaumicbases:aureliapetal, 灵气花瓣
thaumicbases:metalleatseed, 蕴铁草种
thaumicbases:lazulliaseed, 青金草种
thaumicbases:briar_seedbag, 野蔷薇种子囊
thaumicbases:redlonseed, 红石瓜种
thaumicbases:lucriteseed, 生金草种
thaumicbases:glieoniaseed, 荧粉花种
thaumicbases:voidseed, 虚空草种
thaumicbases:knozeseed, 神秘玫瑰芽
thaumicbases:bloodychest, 血渍神秘使法袍
thaumicbases:bloodylegs, 血渍神秘使护腿
thaumicbases:bloodyboots, 血渍神秘使之靴
thaumicbases:thauminitehelmet, 秘晶头盔
thaumicbases:thauminitechest, 秘晶胸甲
thaumicbases:thauminitelegs, 秘晶护腿
thaumicbases:thauminiteboots, 秘晶靴子
thaumicbases:herobrinesscythe, 白瞳者之镰
thaumicbases:tobacco_eldritch, 邪术烟草堆
thaumicbases:tobacco_fighting, 愤怒烟草堆
thaumicbases:tobacco_hunger, 饱和烟草堆
thaumicbases:tobacco_knowledge, 睿智烟草堆
thaumicbases:tobacco_mining, 矿工烟草堆
thaumicbases:tobacco_pile, 烟草堆
thaumicbases:tobacco_sanity, 休弛烟草堆
thaumicbases:tobacco_tainted, 腐化烟草堆
thaumicbases:tobacco_wispy, 精灵烟草堆
thaumicbases:tobaccoseed, 烟草种子
thaumicbases:tobacco_leaves, 烟叶堆
thaumicbases:mortar, 研钵
thaumicbases:greatwoodpipe, 宏伟之木烟斗
thaumicbases:silverwoodpipe, 银木烟斗
thaumicbases:rosehipsyrup, 蔷薇糖浆
thaumicbases:revolver, 左轮手枪
thaumicbases:ukulele:0, 奥术尤克里里
thaumicbases:knowledge_shard, 知识碎片
torcherino:blocktorcherino, 加速火把
torcherino:blockcompressedtorcherino, 压缩加速火把
torcherino:blockdoublecompressedtorcherino, 二重压缩加速火把
torcherino:blocklanterino, 加速南瓜灯
torcherino:blockcompressedlanterino, 压缩加速南瓜灯
torcherino:blockdoublecompressedlanterino, 二重压缩加速南瓜灯
additions:eq_tools-advanced_tool, item.eq_tools-advanced_tool.name
additions:eq_tools-wood_scissors, item.eq_tools-wood_scissors.name
libvulpes:blockphantom, tile.blockPhantom.name
libvulpes:hatch:0, 输入口
libvulpes:hatch:1, 输出口
libvulpes:hatch:2, 液体输入口
libvulpes:hatch:3, 液体输出口
libvulpes:placeholder, 机器
libvulpes:structuremachine, 机器结构方块
libvulpes:advstructuremachine, 高级机器结构方块
libvulpes:creativepowerbattery, 创造模式能量输入口
libvulpes:forgepowerinput, 能量输入口
libvulpes:forgepoweroutput, 能量输出口
libvulpes:coalgenerator, 燃煤发电机
libvulpes:motor, 马达
libvulpes:advancedmotor, 高级马达
libvulpes:enhancedmotor, 强化马达
libvulpes:elitemotor, 精英马达
libvulpes:ic2plug, ICEU能量接口
libvulpes:productdust:0, 双锂 粉
libvulpes:productdust:1, 铁 粉
libvulpes:productdust:2, 金 粉
libvulpes:productdust:3, 硅 粉
libvulpes:productdust:4, 铜 粉
libvulpes:productdust:5, 锡 粉
libvulpes:productdust:6, 钢 粉
libvulpes:productdust:7, 钛 粉
libvulpes:productdust:9, 铝 粉
libvulpes:productdust:10, 铱 粉
libvulpes:productingot:3, 硅 锭
libvulpes:productingot:4, 铜 锭
libvulpes:productingot:5, 锡 锭
libvulpes:productingot:6, 钢 锭
libvulpes:productingot:7, 钛 锭
libvulpes:productingot:9, 铝 锭
libvulpes:productingot:10, 铱 锭
libvulpes:productgem:0, 双锂 水晶
libvulpes:productboule:3, 硅 球
libvulpes:productnugget:3, 硅 粒
libvulpes:productnugget:4, 铜 粒
libvulpes:productnugget:5, 锡 粒
libvulpes:productnugget:6, 钢 粒
libvulpes:productnugget:7, 钛 粒
libvulpes:productnugget:9, 铝 粒
libvulpes:productnugget:10, 铱 粒
libvulpes:productplate:1, 铁 板
libvulpes:productplate:2, 金 板
libvulpes:productplate:3, 硅 板
libvulpes:productplate:4, 铜 板
libvulpes:productplate:5, 锡 板
libvulpes:productplate:6, 钢 板
libvulpes:productplate:7, 钛 板
libvulpes:productplate:9, 铝 板
libvulpes:productplate:10, 铱 板
libvulpes:productrod:1, 铁 棒
libvulpes:productrod:4, 铜 棒
libvulpes:productrod:6, 钢 棒
libvulpes:productrod:7, 钛 棒
libvulpes:productrod:10, 铱 棒
libvulpes:productfan:6, 钢 扇叶
libvulpes:productsheet:1, 铁 片
libvulpes:productsheet:4, 铜 片
libvulpes:productsheet:6, 钢 片
libvulpes:productsheet:7, 钛 片
libvulpes:productsheet:9, 铝 片
libvulpes:productgear:6, 钢 齿轮
libvulpes:productgear:7, 钛 齿轮
libvulpes:ore0:0, 双锂 矿石
libvulpes:ore0:4, 铜 矿石
libvulpes:ore0:5, 锡 矿石
libvulpes:ore0:8, 金红石 矿石
libvulpes:ore0:9, 铝 矿石
libvulpes:ore0:10, 铱 矿石
libvulpes:metal0:4, 铜 块
libvulpes:metal0:5, 锡 块
libvulpes:metal0:6, 钢 块
libvulpes:metal0:7, 钛 块
libvulpes:metal0:9, 铝 块
libvulpes:metal0:10, 铱 块
libvulpes:coil0:2, 金 线圈
libvulpes:coil0:4, 铜 线圈
libvulpes:coil0:7, 钛 线圈
libvulpes:coil0:9, 铝 线圈
libvulpes:coil0:10, 铱 线圈
advancedrocketry:concrete, 混凝土
advancedrocketry:blastbrick, 隔热砖
advancedrocketry:structuretower, 结构塔
advancedrocketry:blocklens, 透镜
advancedrocketry:solarpanel, 太阳能板
advancedrocketry:solararraypanel, 太阳能板
advancedrocketry:sawblade, 电锯
advancedrocketry:platepress, 小型压板器
advancedrocketry:forcefieldprojector, 力场投射器
advancedrocketry:forcefield, 力场方块
advancedrocketry:vacuumlaser, 真空室高能激光发射器
advancedrocketry:blockpump, 污染物泵
advancedrocketry:suitworkstation, 太空服调节台
advancedrocketry:liquidtank, 压力槽
advancedrocketry:solargenerator, 太阳能发电机
advancedrocketry:wirelesstransciever, 无线收发器
advancedrocketry:arcfurnace, 电弧高炉
advancedrocketry:rollingmachine, 卷板机
advancedrocketry:lathe, 车床
advancedrocketry:crystallizer, 结晶器
advancedrocketry:cuttingmachine, 切割机
advancedrocketry:precisionassemblingmachine, 精密组装机
advancedrocketry:electrolyser, 电解器
advancedrocketry:chemicalreactor, 化学反应器
advancedrocketry:precisionlaseretcher, 精密激光刻蚀器
advancedrocketry:observatory, 瞭望台
advancedrocketry:planetanalyser, 天体数据处理器
advancedrocketry:centrifuge, 源质离心机
advancedrocketry:satellitebuilder, 卫星建造机
advancedrocketry:blackholegenerator, 黑洞发电机
advancedrocketry:microwavereciever, 微波接收器
advancedrocketry:solararray, 太阳能阵列
advancedrocketry:warpcore, 跃迁核心
advancedrocketry:beacon, 信标
advancedrocketry:biomescanner, 生物群系扫描仪
advancedrocketry:railgun, 方块大炮
advancedrocketry:spaceelevatorcontroller, 太空电梯
advancedrocketry:terraformer, 大气修改器
advancedrocketry:gravitymachine, 区域重力控制器
advancedrocketry:spacelaser, 轨道激光钻
advancedrocketry:launchpad, 发射台
advancedrocketry:landingpad, 停靠台
advancedrocketry:stationmarker, 空间站停靠点
advancedrocketry:seat, 座位
advancedrocketry:rocketmotor, 单推进火箭发动机
advancedrocketry:bipropellantrocketmotor, 双推进火箭发动机
advancedrocketry:advrocketmotor, 高级火箭发动机
advancedrocketry:advbipropellantrocketmotor, 高级双推进火箭发动机
advancedrocketry:nuclearrocketmotor, 核热火箭引擎
advancedrocketry:fueltank, 单推进燃料箱
advancedrocketry:bipropellantfueltank, 双推进燃料箱
advancedrocketry:oxidizerfueltank, 助燃燃油箱
advancedrocketry:nuclearfueltank, 核热推进火箭燃料箱
advancedrocketry:nuclearcore, 热核裂变堆芯
advancedrocketry:guidancecomputer, 导航电脑
advancedrocketry:intake, 气体收集器
advancedrocketry:drill, 钻头
advancedrocketry:landingfloat, 降落浮筒
advancedrocketry:rocketbuilder, 火箭组装机
advancedrocketry:stationbuilder, 太空站组装机
advancedrocketry:deployablerocketbuilder, 无人飞船组装器
advancedrocketry:loader:0, 数据总线
advancedrocketry:loader:1, 卫星仓
advancedrocketry:loader:2, 火箭卸载器
advancedrocketry:loader:3, 火箭装载器
advancedrocketry:loader:4, 火箭液体卸载器
advancedrocketry:loader:5, 火箭液体装载器
advancedrocketry:loader:6, 导航电脑访问舱口
advancedrocketry:fuelingstation, 燃油站
advancedrocketry:monitoringstation, 火箭监测站
advancedrocketry:satellitecontrolcenter, 卫星终端
advancedrocketry:warpmonitor, 跃迁控制器
advancedrocketry:orientationcontroller, 方向控制器
advancedrocketry:gravitycontroller, 空间站重力控制器
advancedrocketry:altitudecontroller, 海拔控制器
advancedrocketry:planetselector, 星球选择器
advancedrocketry:planetholoselector, 全息行星选择器
advancedrocketry:oxygenscrubber, 二氧化碳净化器
advancedrocketry:oxygenvent, 氧气排放口
advancedrocketry:oxygencharger, 气体装填台
advancedrocketry:oxygendetection, 大气检测机
advancedrocketry:pipesealer, 密封管
advancedrocketry:airlock_door, tile.smallAirlockDoor.name
advancedrocketry:unlittorch, 熄灭的火把
advancedrocketry:thermitetorch, 热剂火把
advancedrocketry:circlelight, 空间站光源
advancedrocketry:lightsource, tile.lightSource.name
advancedrocketry:moonturf, 月面土
advancedrocketry:moonturf_dark, 暗月草皮
advancedrocketry:hotturf, 氧化铁砂
advancedrocketry:basalt, 玄武岩
advancedrocketry:geode, 晶簇方块
advancedrocketry:crystal:0, 紫水晶方块
advancedrocketry:crystal:1, 蓝水晶方块
advancedrocketry:crystal:2, 绿水晶方块
advancedrocketry:crystal:3, 红水晶方块
advancedrocketry:crystal:4, 黄水晶方块
advancedrocketry:crystal:5, 橙水晶方块
advancedrocketry:vitrifiedsand, 玻璃化沙子
advancedrocketry:charcoallog, 碳化树
advancedrocketry:electricmushroom, 电蘑菇
advancedrocketry:alienwood, 轻树原木
advancedrocketry:alienleaves, 轻树树叶
advancedrocketry:aliensapling, 轻树树苗
advancedrocketry:planks, 轻木木板
advancedrocketry:productdust:0, 钛铝合金 粉
advancedrocketry:productdust:1, 钛铱合金 粉
advancedrocketry:productingot:0, 钛铝合金 锭
advancedrocketry:productingot:1, 钛铱合金 锭
advancedrocketry:productnugget:0, 钛铝合金 粒
advancedrocketry:productnugget:1, 钛铱合金 粒
advancedrocketry:productplate:0, 钛铝合金 板
advancedrocketry:productplate:1, 钛铱合金 板
advancedrocketry:productrod:0, 钛铝合金 棒
advancedrocketry:productrod:1, 钛铱合金 棒
advancedrocketry:productsheet:0, 钛铝合金 片
advancedrocketry:productsheet:1, 钛铱合金 片
advancedrocketry:productgear:0, 钛铝合金 齿轮
advancedrocketry:productgear:1, 钛铱合金 齿轮
advancedrocketry:metal0:0, 钛铝合金 块
advancedrocketry:metal0:1, 钛铱合金 块
thaumcraft:ore_amber, 琥珀矿石
thaumcraft:ore_cinnabar, 朱砂矿石
thaumcraft:ore_quartz, 石英矿石
thaumcraft:crystal_aer, 风之结晶
thaumcraft:crystal_ignis, 火之结晶
thaumcraft:crystal_aqua, 水之结晶
thaumcraft:crystal_terra, 地之结晶
thaumcraft:crystal_ordo, 秩序结晶
thaumcraft:crystal_perditio, 混沌结晶
thaumcraft:crystal_vitium, 咒波结晶
thaumcraft:stone_arcane, 奥术石材
thaumcraft:stone_arcane_brick, 奥术石砖
thaumcraft:stone_ancient, 荒古石
thaumcraft:stone_ancient_tile, 荒古砖块
thaumcraft:stone_ancient_rock, 荒古岩
thaumcraft:stone_ancient_glyphed, 雕文石头
thaumcraft:stone_ancient_doorway, 荒古门廊
thaumcraft:stone_eldritch_tile, 邪术石
thaumcraft:stone_porous, 多孔雾石
thaumcraft:stairs_arcane, 奥术楼梯
thaumcraft:stairs_arcane_brick, 奥术石砖楼梯
thaumcraft:stairs_ancient, 荒古楼梯
thaumcraft:slab_arcane_stone:0, 奥术台阶
thaumcraft:slab_arcane_brick:0, 奥术石砖台阶
thaumcraft:slab_ancient:0, 荒古台阶
thaumcraft:slab_eldritch:0, 邪术石头台阶
thaumcraft:sapling_greatwood, 宏伟之木树苗
thaumcraft:sapling_silverwood, 银树树苗
thaumcraft:log_greatwood, 宏伟之木原木
thaumcraft:log_silverwood, 银树原木
thaumcraft:leaves_greatwood, 宏伟之木树叶
thaumcraft:leaves_silverwood, 银树树叶
thaumcraft:shimmerleaf, 水银花
thaumcraft:cinderpearl, 烈焰草
thaumcraft:vishroom, 纤毛菇
thaumcraft:plank_greatwood, 宏伟之木木板
thaumcraft:plank_silverwood, 银树木板
thaumcraft:stairs_greatwood, 宏伟之木楼梯
thaumcraft:stairs_silverwood, 银树楼梯
thaumcraft:slab_greatwood:0, 宏伟之木台阶
thaumcraft:slab_silverwood:0, 银树台阶
thaumcraft:amber_block, 琥珀块
thaumcraft:amber_brick, 琥珀砖块
thaumcraft:flesh_block, 压缩腐肉块
thaumcraft:loot_crate_common, 寻常箱
thaumcraft:loot_crate_uncommon, 稀有箱
thaumcraft:loot_crate_rare, 罕见箱
thaumcraft:loot_urn_common, 寻常瓮
thaumcraft:loot_urn_uncommon, 稀有瓮
thaumcraft:loot_urn_rare, 罕见瓮
thaumcraft:taint_fibre, 腐化草丛
thaumcraft:taint_crust, 陈年污点
thaumcraft:taint_soil, 腐化泥土
thaumcraft:taint_rock, 腐化岩石
thaumcraft:taint_geyser, 腐化喷泉
thaumcraft:taint_feature, 腐化肿泡
thaumcraft:taint_log, 腐化原木
thaumcraft:grass_ambient, 蕴魔草方块
thaumcraft:table_wood, 木桌
thaumcraft:table_stone, 石桌
thaumcraft:pedestal_arcane, 奥术基座
thaumcraft:pedestal_ancient, 荒古基座
thaumcraft:pedestal_eldritch, 邪术基座
thaumcraft:metal_brass, 黄铜方块
thaumcraft:metal_thaumium, 神秘块
thaumcraft:metal_void, 虚空金属块
thaumcraft:metal_alchemical, 炼金构材
thaumcraft:metal_alchemical_advanced, 高级炼金构材
thaumcraft:paving_stone_travel, 旅行者铺路石
thaumcraft:paving_stone_barrier, 屏障石
thaumcraft:pillar_arcane, 注魔柱
thaumcraft:pillar_ancient, 荒古注魔柱
thaumcraft:pillar_eldritch, 邪术注魔柱
thaumcraft:matrix_speed, 注魔加速石
thaumcraft:matrix_cost, 注魔效能石
thaumcraft:candle_white, 白色蜡烛
thaumcraft:candle_orange, 橙色蜡烛
thaumcraft:candle_magenta, 品红色蜡烛
thaumcraft:candle_lightblue, 淡蓝色油脂蜡烛
thaumcraft:candle_yellow, 黄色蜡烛
thaumcraft:candle_lime, 黄绿色蜡烛
thaumcraft:candle_pink, 粉红色蜡烛
thaumcraft:candle_gray, 灰色蜡烛
thaumcraft:candle_silver, 淡灰色蜡烛
thaumcraft:candle_cyan, 青色蜡烛
thaumcraft:candle_purple, 紫色蜡烛
thaumcraft:candle_blue, 蓝色蜡烛
thaumcraft:candle_brown, 棕色蜡烛
thaumcraft:candle_green, 绿色蜡烛
thaumcraft:candle_red, 红色蜡烛
thaumcraft:candle_black, 黑色蜡烛
thaumcraft:banner_white, 白色旗帜
thaumcraft:banner_orange, 橙色旗帜
thaumcraft:banner_magenta, 品红色旗帜
thaumcraft:banner_lightblue, 淡蓝色旗帜
thaumcraft:banner_yellow, 黄色旗帜
thaumcraft:banner_lime, 黄绿色旗帜
thaumcraft:banner_pink, 粉红色旗帜
thaumcraft:banner_gray, 灰色旗帜
thaumcraft:banner_silver, 淡灰色旗帜
thaumcraft:banner_cyan, 青色旗帜
thaumcraft:banner_purple, 紫色旗帜
thaumcraft:banner_blue, 蓝色旗帜
thaumcraft:banner_brown, 棕色旗帜
thaumcraft:banner_green, 绿色旗帜
thaumcraft:banner_red, 红色旗帜
thaumcraft:banner_black, 黑色旗帜
thaumcraft:banner_crimson_cult, 血腥教徒旗帜
thaumcraft:nitor_white, 白色闪耀之光
thaumcraft:nitor_orange, 橙色闪耀之光
thaumcraft:nitor_magenta, 品红色闪耀之光
thaumcraft:nitor_lightblue, 淡蓝色闪耀之光
thaumcraft:nitor_yellow, 黄色闪耀之光
thaumcraft:nitor_lime, 黄绿色闪耀之光
thaumcraft:nitor_pink, 粉红色闪耀之光
thaumcraft:nitor_gray, 灰色闪耀之光
thaumcraft:nitor_silver, 淡灰色闪耀之光
thaumcraft:nitor_cyan, 青色闪耀之光
thaumcraft:nitor_purple, 紫色闪耀之光
thaumcraft:nitor_blue, 蓝色闪耀之光
thaumcraft:nitor_brown, 棕色闪耀之光
thaumcraft:nitor_green, 绿色闪耀之光
thaumcraft:nitor_red, 红色闪耀之光
thaumcraft:nitor_black, 黑色闪耀之光
thaumcraft:vis_battery, 灵气电池
thaumcraft:inlay, 红石镶嵌
thaumcraft:arcane_workbench, 奥术工作台
thaumcraft:arcane_workbench_charger, 奥术工作台充能器
thaumcraft:dioptra, 神秘屈光仪
thaumcraft:research_table, 研究台
thaumcraft:crucible, 坩埚
thaumcraft:arcane_ear, 奥术之耳
thaumcraft:arcane_ear_toggle, 奥术之耳（切换）
thaumcraft:lamp_arcane, 奥术灯
thaumcraft:lamp_fertility, 育种灯
thaumcraft:lamp_growth, 催生灯  
thaumcraft:levitator, 奥术悬浮台
thaumcraft:centrifuge, 源质离心机
thaumcraft:bellows, 奥术风箱
thaumcraft:smelter_basic, 源质冶炼厂
thaumcraft:smelter_thaumium, 神秘源质冶炼厂
thaumcraft:smelter_void, 虚空金属源质冶炼厂
thaumcraft:smelter_aux, 附属粘浆泵
thaumcraft:smelter_vent, 辅助排放口
thaumcraft:alembic, 蒸馏器
thaumcraft:recharge_pedestal, 充能基座
thaumcraft:wand_workbench, 核心镶饰台
thaumcraft:hungry_chest, 饕餮箱子
thaumcraft:tube, 源质管道
thaumcraft:tube_valve, 源质阀门
thaumcraft:tube_restrict, 限定源质管道
thaumcraft:tube_oneway, 定向源质管道
thaumcraft:tube_filter, 过滤源质管道
thaumcraft:tube_buffer, 源质缓存器
thaumcraft:jar_normal, 源质罐子
thaumcraft:jar_void, 虚空罐子
thaumcraft:jar_brain, 缸中之脑
thaumcraft:infusion_matrix, 符文矩阵
thaumcraft:infernal_furnace, 炼狱熔炉
thaumcraft:everfull_urn, 无尽之瓮
thaumcraft:thaumatorium, 神秘炼金塔
thaumcraft:thaumatorium_top, 神秘炼金塔
thaumcraft:brain_box, 记忆矩阵
thaumcraft:spa, 奥术浴场
thaumcraft:golem_builder, 傀儡工坊
thaumcraft:mirror, 镜子
thaumcraft:mirror_essentia, 源质之镜
thaumcraft:essentia_input, 源质析出装置
thaumcraft:essentia_output, 源质注入装置
thaumcraft:redstone_relay, 红石继能器
thaumcraft:pattern_crafter, 奥术组装器
thaumcraft:potion_sprayer, 药水喷雾器
thaumcraft:activator_rail, 奥术激活轨道
thaumcraft:stabilizer, 稳定器
thaumcraft:vis_generator, 灵气发电机
thaumcraft:condenser, 咒波凝结器
thaumcraft:condenser_lattice, 咒波凝结器格栅
thaumcraft:condenser_lattice_dirty, 堵塞的咒波凝结器格栅
thaumcraft:void_siphon, 虚空吸管
thaumcraft:hole, 次元裂痕
thaumcraft:effect_shock, 静电力场
thaumcraft:effect_sap, 弱化力场
thaumcraft:effect_glimmer, 微光
thaumcraft:placeholder_brick, 炼狱熔炉
thaumcraft:placeholder_obsidian, 炼狱熔炉
thaumcraft:placeholder_bars, 傀儡工坊
thaumcraft:placeholder_anvil, 傀儡工坊
thaumcraft:placeholder_cauldron, 傀儡工坊
thaumcraft:placeholder_table, 傀儡工坊
thaumcraft:empty, 间隙
thaumcraft:barrier, 守护之光
betterfurnacesreforged:iron_conductor_block, 铁导体块
betterfurnacesreforged:gold_conductor_block, 金导体块
betterfurnacesreforged:netherhot_conductor_block, 下界热导体块
betterfurnacesreforged:iron_furnace, 铁熔炉
betterfurnacesreforged:gold_furnace, 金熔炉
betterfurnacesreforged:diamond_furnace, 钻石熔炉
betterfurnacesreforged:netherhot_furnace, 下界热熔炉
betterfurnacesreforged:extreme_furnace, 极限熔炉
betterfurnacesreforged:extreme_forge, 极限锻炉
libvulpes:linker, 连接器
libvulpes:battery:0, 小号电池
libvulpes:battery:1, 2x小号电池
libvulpes:holoprojector, 全息投影器
advancedrocketry:wafer:0, 硅晶圆
advancedrocketry:itemcircuitplate:0, 基础电路板
advancedrocketry:itemcircuitplate:1, 高级电路板
advancedrocketry:ic:0, 基础芯片
advancedrocketry:ic:1, 跟踪芯片
advancedrocketry:ic:2, 高级芯片
advancedrocketry:ic:3, 控制芯片板
advancedrocketry:ic:4, 物品IO芯片板
advancedrocketry:ic:5, 液体IO芯片板
advancedrocketry:satelliteidchip, 卫星ID芯片
advancedrocketry:planetidchip, 星球ID芯片
advancedrocketry:asteroidchip, 小行星ID芯片
advancedrocketry:elevatorchip, 太空电梯芯片
advancedrocketry:spacestationchip:0, 空间站ID芯片
advancedrocketry:dataunit:0, 数据存储单元
advancedrocketry:satellite, 卫星
advancedrocketry:satellitepowersource:0, 基础太阳能板
advancedrocketry:satellitepowersource:1, 大型太阳能板
advancedrocketry:satelliteprimaryfunction:0, 光学传感器
advancedrocketry:satelliteprimaryfunction:1, 成分传感器
advancedrocketry:satelliteprimaryfunction:2, 质量检测器
advancedrocketry:satelliteprimaryfunction:3, 微波传输器
advancedrocketry:satelliteprimaryfunction:4, 矿物扫描仪
advancedrocketry:satelliteprimaryfunction:5, 生物群落修改器
advancedrocketry:spacehelmet, 太空头盔
advancedrocketry:spacechestplate, 太空胸甲
advancedrocketry:spaceleggings, 太空护腿
advancedrocketry:spaceboots, 太空靴子
advancedrocketry:pressuretank:0, 低压槽
advancedrocketry:pressuretank:1, 压力槽
advancedrocketry:pressuretank:2, 高压槽
advancedrocketry:pressuretank:3, 超高压槽
advancedrocketry:itemupgrade:0, 悬停升级
advancedrocketry:itemupgrade:1, 飞行速度控制升级
advancedrocketry:itemupgrade:2, 仿生腿升级
advancedrocketry:itemupgrade:3, 降落缓冲鞋
advancedrocketry:itemupgrade:4, 雾镜
advancedrocketry:itemupgrade:5, 
advancedrocketry:beaconfinder, 信标定位器
advancedrocketry:jetpack, 飞行背包
advancedrocketry:atmanalyser, 大气分析器
advancedrocketry:sealdetector, 气密检测器
advancedrocketry:orescanner, 矿物扫描仪
advancedrocketry:biomechanger, 生物群系改变器遥控终端
advancedrocketry:jackhammer, 气锤
advancedrocketry:basiclasergun, 基础激光枪
advancedrocketry:misc:0, 用户界面
advancedrocketry:misc:1, 碳砖
advancedrocketry:sawbladeiron:0, 铁锯片
advancedrocketry:iquartzcrucible, 石英坩埚
advancedrocketry:lens:0, 基础透镜
advancedrocketry:thermite, 热剂
advancedrocketry:carbonscrubbercartridge, 碳收集器
advancedrocketry:smallairlockdoor, 小气密门
advancedrocketry:hovercraft, 气垫飞行器
advancedrocketry:spacestation:0, 空间站容器
forge:bucketfilled, %s桶
aetherworks:aether_ore, 天华矿石
aetherworks:aether_prism_controller_matrix, 天华透镜聚焦矩阵
aetherworks:moonlight_amplifier, 月光扩大器
aetherworks:prism_support, 天华棱镜框架
aetherworks:prism, 天华棱镜
aetherworks:impure_aetherium_gas, 不纯的天华气体
aetherworks:aetherium_gas, 天华气体
aetherworks:forge_structure, tile.aw.forge_structure.name
aetherworks:block_aether, 天华方块
aetherworks:forge_component:0, 天华熔炉核心
aetherworks:forge_component:1, 天华熔炉加热器
aetherworks:forge_component:2, 天华熔炉散热器
aetherworks:forge_component:3, 天华熔炉热量排泄口
aetherworks:forge_component:4, 天华熔炉金属成型台
aetherworks:forge_component:5, 天华熔炼砧
aetherworks:heat_dial, 热量表
aetherworks:item_resource:0, 天华碎片
aetherworks:item_resource:1, 聚焦水晶
aetherworks:item_resource:2, 天华透镜
aetherworks:item_resource:3, 天华板
aetherworks:item_resource:4, 天华锭
aetherworks:item_resource:5, 天华宝石
aetherworks:item_resource:6, 粗制天华工具手柄
aetherworks:item_resource:7, 天华工具手柄
aetherworks:item_resource:8, 注魔天华工具手柄
aetherworks:item_resource:9, 粗制天华镐头
aetherworks:item_resource:10, 天华镐头
aetherworks:item_resource:11, 天华灌注镐头
aetherworks:item_resource:12, 灰烬灌注天华镐头
aetherworks:item_resource:13, 粗制天华斧刃
aetherworks:item_resource:14, 天华斧刃
aetherworks:item_resource:15, 海晶灌注天华斧刃
aetherworks:item_resource:16, 末影灌注天华斧刃
aetherworks:item_resource:17, 粗制天华锹头
aetherworks:item_resource:18, 天华锹头
aetherworks:item_resource:19, 红石灌注天华锹头
aetherworks:item_resource:20, 粘液灌注天华锹头
aetherworks:item_resource:21, 粗制天华皇冠
aetherworks:item_resource:22, 平庸天华皇冠
aetherworks:item_resource:23, 粗制弩弓支架
aetherworks:item_resource:24, 粗制弩弓弓臂
aetherworks:item_resource:25, 弩弓支架
aetherworks:item_resource:26, 弩弓臂
aetherworks:item_resource:27, 注魔弩弓支架
aetherworks:item_resource:28, 石英灌注弩弓臂
aetherworks:item_resource:29, 地火灌注弩弓臂
aetherworks:item_pickaxe_aether, §c无垠苍穹之镐
aetherworks:item_pickaxe_ember, §c熔融深渊之镐
aetherworks:item_axe_prismarine, §c远古湍流之斧
aetherworks:item_axe_ender, §c曲折领域之斧
aetherworks:item_shovel_redstone, §c无瑕器械之锹
aetherworks:item_shovel_slime, §c绝对演变之锹
aetherworks:item_potion_gem:0, 药剂宝石
aetherworks:item_potion_gem:1, 药剂宝石
aetherworks:item_potion_gem:2, 药剂宝石
aetherworks:item_potion_gem:3, 药剂宝石
aetherworks:item_potion_gem:4, 药剂宝石
aetherworks:item_potion_gem:5, 药剂宝石
aetherworks:item_potion_gem:6, 药剂宝石
aetherworks:item_potion_gem:7, 药剂宝石
aetherworks:item_potion_gem:8, 药剂宝石
aetherworks:item_potion_gem:9, 药剂宝石
aetherworks:item_potion_gem:10, 药剂宝石
aetherworks:item_potion_gem:11, 药剂宝石
aetherworks:item_potion_gem:12, 药剂宝石
aetherworks:item_potion_gem:13, 药剂宝石
aetherworks:item_potion_gem:14, 药剂宝石
aetherworks:item_potion_gem:15, 药剂宝石
aetherworks:item_potion_gem:16, 药剂宝石
aetherworks:item_potion_gem:17, 药剂宝石
aetherworks:item_potion_gem:18, 药剂宝石
aetherworks:item_potion_gem:19, 药剂宝石
aetherworks:item_potion_gem:20, 药剂宝石
aetherworks:item_potion_gem:21, 药剂宝石
aetherworks:item_potion_gem:22, 药剂宝石
aetherworks:item_potion_gem:23, 药剂宝石
aetherworks:item_potion_gem:24, 药剂宝石
aetherworks:item_potion_gem:25, 药剂宝石
aetherworks:item_potion_gem:26, 药剂宝石
aetherworks:item_potion_gem:27, 药剂宝石
aetherworks:item_potion_gem:28, 药剂宝石
aetherworks:item_potion_gem:29, 药剂宝石
aetherworks:item_potion_gem:30, 药剂宝石
aetherworks:item_potion_gem:31, 药剂宝石
aetherworks:item_potion_gem:32, 药剂宝石
aetherworks:item_potion_gem:33, 药剂宝石
aetherworks:item_potion_gem:34, 药剂宝石
aetherworks:item_potion_gem:35, 药剂宝石
aetherworks:item_potion_gem:36, 药剂宝石
aetherworks:item_potion_gem:37, 药剂宝石
aetherworks:item_potion_gem:38, 药剂宝石
aetherworks:item_potion_gem:39, 药剂宝石
aetherworks:item_potion_gem:40, 药剂宝石
aetherworks:item_potion_gem:41, 药剂宝石
aetherworks:item_potion_gem:42, 药剂宝石
aetherworks:item_potion_gem:43, 药剂宝石
aetherworks:item_potion_gem:44, 药剂宝石
aetherworks:item_potion_gem:45, 药剂宝石
aetherworks:item_potion_gem:46, 药剂宝石
aetherworks:item_potion_gem:47, 药剂宝石
aetherworks:item_potion_gem:48, 药剂宝石
aetherworks:item_potion_gem:49, 药剂宝石
aetherworks:item_potion_gem:50, 药剂宝石
aetherworks:item_potion_gem:51, 药剂宝石
aetherworks:item_potion_gem:52, 药剂宝石
aetherworks:item_potion_gem:53, 药剂宝石
aetherworks:item_potion_gem:54, 药剂宝石
aetherworks:item_potion_gem:55, 药剂宝石
aetherworks:item_crown, §c天华皇冠
aetherworks:item_crossbow_quartz, §c厄运迅鹜之弩
aetherworks:item_crossbow_magma, §c狂暴地火之弩
baubles:ring:0, 矿工指环
thaumcraft:thaumonomicon:0, 魔导手册
thaumcraft:curio:0, 奥术珍品
thaumcraft:curio:1, 传世珍品
thaumcraft:curio:2, 远古珍品
thaumcraft:curio:3, 邪术珍品
thaumcraft:curio:4, 光明珍品
thaumcraft:curio:5, 扭曲珍品
thaumcraft:curio:6, 血腥仪式
thaumcraft:curio:7, Basic Curiosity
thaumcraft:loot_bag:0, 寻常藏宝袋
thaumcraft:loot_bag:1, 稀有藏宝袋
thaumcraft:loot_bag:2, 罕见藏宝袋
thaumcraft:primordial_pearl, item.primordial_pearl.name
thaumcraft:pech_wand, 岩精法杖
thaumcraft:celestial_notes:0, 天象笔记
thaumcraft:celestial_notes:1, 天象笔记
thaumcraft:celestial_notes:2, 天象笔记
thaumcraft:celestial_notes:3, 天象笔记
thaumcraft:celestial_notes:4, 天象笔记
thaumcraft:celestial_notes:5, 天象笔记
thaumcraft:celestial_notes:6, 天象笔记
thaumcraft:celestial_notes:7, 天象笔记
thaumcraft:celestial_notes:8, 天象笔记
thaumcraft:celestial_notes:9, 天象笔记
thaumcraft:celestial_notes:10, 天象笔记
thaumcraft:celestial_notes:11, 天象笔记
thaumcraft:celestial_notes:12, 天象笔记
thaumcraft:amber, {stored}琥珀
thaumcraft:quicksilver, 水银
thaumcraft:ingot:0, 神秘锭
thaumcraft:ingot:1, 虚空金属锭
thaumcraft:ingot:2, 炼金黄铜锭
thaumcraft:nugget:0, 铁粒
thaumcraft:nugget:1, 铜粒
thaumcraft:nugget:2, 锡粒
thaumcraft:nugget:3, 银粒
thaumcraft:nugget:4, 铅粒
thaumcraft:nugget:5, 水银液滴
thaumcraft:nugget:6, 神秘粒
thaumcraft:nugget:7, 虚空金属粒
thaumcraft:nugget:8, 炼金黄铜粒
thaumcraft:nugget:9, 石英碎片
thaumcraft:nugget:10, 稀土
thaumcraft:cluster:0, 铁原矿簇
thaumcraft:cluster:1, 金原矿簇
thaumcraft:cluster:2, 铜原矿簇
thaumcraft:cluster:3, 锡原矿簇
thaumcraft:cluster:4, 银原矿簇
thaumcraft:cluster:5, 铅原矿簇
thaumcraft:cluster:6, 朱砂原矿簇
thaumcraft:cluster:7, 石英原矿簇
thaumcraft:fabric, 魔力布匹
thaumcraft:vis_resonator, 魔力谐振器
thaumcraft:tallow, 魔力油脂
thaumcraft:mechanism_simple, 简易奥术装置
thaumcraft:mechanism_complex, 精密奥术装置
thaumcraft:plate:0, 黄铜板
thaumcraft:plate:1, 铁板
thaumcraft:plate:2, 神秘板
thaumcraft:plate:3, 虚空金属板
thaumcraft:filter, 源质滤管
thaumcraft:morphic_resonator, 形态谐振器
thaumcraft:salis_mundus, 世界盐
thaumcraft:mirrored_glass, 镜面玻璃
thaumcraft:void_seed, 虚空种子
thaumcraft:mind:0, 发条之心
thaumcraft:mind:1, 神秘生物学之心
thaumcraft:module:0, 视觉组件
thaumcraft:module:1, 攻击组件
thaumcraft:crystal_essence, %s 魔力水晶碎片
thaumcraft:chunk:0, 牛肉粒
thaumcraft:chunk:1, 鸡肉粒
thaumcraft:chunk:2, 猪肉粒
thaumcraft:chunk:3, 鱼肉粒
thaumcraft:chunk:4, 兔肉粒
thaumcraft:chunk:5, 羊肉粒
thaumcraft:triple_meat_treat, 三层肉饼
thaumcraft:brain, 僵尸之脑
thaumcraft:label:0, 空白标签
thaumcraft:phial:0, 玻璃安瓿
thaumcraft:phial:1, Aer 源质安瓿
thaumcraft:phial:1, Terra 源质安瓿
thaumcraft:phial:1, Ignis 源质安瓿
thaumcraft:phial:1, Aqua 源质安瓿
thaumcraft:phial:1, Ordo 源质安瓿
thaumcraft:phial:1, Perditio 源质安瓿
thaumcraft:phial:1, Vacuos 源质安瓿
thaumcraft:phial:1, Lux 源质安瓿
thaumcraft:phial:1, Motus 源质安瓿
thaumcraft:phial:1, Gelum 源质安瓿
thaumcraft:phial:1, Vitreus 源质安瓿
thaumcraft:phial:1, Metallum 源质安瓿
thaumcraft:phial:1, Victus 源质安瓿
thaumcraft:phial:1, Mortuus 源质安瓿
thaumcraft:phial:1, Potentia 源质安瓿
thaumcraft:phial:1, Permutatio 源质安瓿
thaumcraft:phial:1, Praecantatio 源质安瓿
thaumcraft:phial:1, Auram 源质安瓿
thaumcraft:phial:1, Alkimia 源质安瓿
thaumcraft:phial:1, Vitium 源质安瓿
thaumcraft:phial:1, Tenebrae 源质安瓿
thaumcraft:phial:1, Alienis 源质安瓿
thaumcraft:phial:1, Volatus 源质安瓿
thaumcraft:phial:1, Herba 源质安瓿
thaumcraft:phial:1, Instrumentum 源质安瓿
thaumcraft:phial:1, Fabrico 源质安瓿
thaumcraft:phial:1, Machina 源质安瓿
thaumcraft:phial:1, Vinculum 源质安瓿
thaumcraft:phial:1, Spiritus 源质安瓿
thaumcraft:phial:1, Cognitio 源质安瓿
thaumcraft:phial:1, Sensus 源质安瓿
thaumcraft:phial:1, Aversio 源质安瓿
thaumcraft:phial:1, Praemunio 源质安瓿
thaumcraft:phial:1, Desiderium 源质安瓿
thaumcraft:phial:1, Exanimis 源质安瓿
thaumcraft:phial:1, Bestia 源质安瓿
thaumcraft:phial:1, Humanus 源质安瓿
thaumcraft:phial:1, Tempus 源质安瓿
thaumcraft:alumentum:0, 源动之焰
thaumcraft:jar_brace, 黄铜盖箍
thaumcraft:bottle_taint, 腐化瓶
thaumcraft:sanity_soap, 祛邪肥皂
thaumcraft:bath_salts, 净化浴盐
thaumcraft:turret:0, 自动十字弩
thaumcraft:turret:1, 高级自动弩
thaumcraft:turret:2, 奥术钻探机
thaumcraft:causality_collapser, 悖论物质
thaumcraft:scribing_tools, 笔与墨
thaumcraft:thaumometer, 魔导透镜
thaumcraft:resonator, 源质谐振器
thaumcraft:sanity_checker, 神智检测仪
thaumcraft:hand_mirror, 魔力手镜
thaumcraft:thaumium_axe, 神秘斧
thaumcraft:thaumium_sword, 神秘剑
thaumcraft:thaumium_shovel, 神秘锹
thaumcraft:thaumium_pick, 神秘镐
thaumcraft:thaumium_hoe, 神秘锄
thaumcraft:void_axe, 虚空斧
thaumcraft:void_sword, 虚空剑
thaumcraft:void_shovel, 虚空锹
thaumcraft:void_pick, 虚空镐
thaumcraft:void_hoe, 虚空锄
thaumcraft:elemental_axe, 奔流斧
thaumcraft:elemental_sword, 风雷剑
thaumcraft:elemental_shovel, 后土锹
thaumcraft:elemental_pick, 炽心镐
thaumcraft:elemental_hoe, 句芒锄
thaumcraft:primal_crusher, 元始杵
thaumcraft:crimson_blade, 血腥之刃
thaumcraft:grapple_gun, 奥术机动装置
thaumcraft:grapple_gun_tip, 机动装置头部
thaumcraft:grapple_gun_spool, 机动装置滚轴
thaumcraft:goggles, 揭示之护目镜
thaumcraft:thaumium_helm, 神秘头盔
thaumcraft:thaumium_chest, 神秘胸甲
thaumcraft:thaumium_legs, 神秘护腿
thaumcraft:thaumium_boots, 神秘靴子
thaumcraft:cloth_chest, 神秘使法袍
thaumcraft:cloth_legs, 神秘使护腿
thaumcraft:cloth_boots, 神秘使之靴
thaumcraft:traveller_boots, 旅行者之靴
thaumcraft:fortress_helm, 神秘要塞兜鍪
thaumcraft:fortress_chest, 神秘要塞胸铠
thaumcraft:fortress_legs, 神秘要塞护胫
thaumcraft:void_helm, 虚空头盔
thaumcraft:void_chest, 虚空胸甲
thaumcraft:void_legs, 虚空护腿
thaumcraft:void_boots, 虚空靴子
thaumcraft:void_robe_helm, 虚空神秘使兜帽
thaumcraft:void_robe_chest, 虚空神秘使法袍
thaumcraft:void_robe_legs, 虚空神秘使护腿
thaumcraft:crimson_plate_helm, 血腥邪徒头盔
thaumcraft:crimson_plate_chest, 血腥邪徒胸甲
thaumcraft:crimson_plate_legs, 血腥邪徒护胫
thaumcraft:crimson_boots, 血腥邪徒靴子
thaumcraft:crimson_robe_helm, 血腥邪徒兜帽
thaumcraft:crimson_robe_chest, 血腥邪徒法袍
thaumcraft:crimson_robe_legs, 血腥邪徒护腿
thaumcraft:crimson_praetor_helm, 血腥主教头盔
thaumcraft:crimson_praetor_chest, 血腥主教胸甲
thaumcraft:crimson_praetor_legs, 血腥主教护胫
thaumcraft:baubles:0, 凡人护身符
thaumcraft:baubles:1, 凡人指环
thaumcraft:baubles:2, 凡人腰带
thaumcraft:baubles:3, 学徒指环
thaumcraft:baubles:4, 精致护身符
thaumcraft:baubles:5, 精致指环
thaumcraft:baubles:6, 精致腰带
thaumcraft:amulet_vis:0, 魔力石
thaumcraft:amulet_vis:1, 魔力护身符
thaumcraft:verdant_charm, 翠心指环
thaumcraft:curiosity_band, 求知发带
thaumcraft:voidseer_charm, 虚空预言者的珍珠
thaumcraft:cloud_ring, 云霄指环
thaumcraft:charm_undying, 不死护符
thaumcraft:creative_flux_sponge, 咒波清理海绵
thaumcraft:enchanted_placeholder, 任何附魔物品
thaumcraft:caster_basic, 法师护手 
thaumcraft:focus_1, 空白次级核心
thaumcraft:focus_2, 空白高级核心
thaumcraft:focus_3, 空白大师核心
thaumcraft:focus_pouch, 施术核心手袋
thaumcraft:golem_bell, 傀儡使铃铛
thaumcraft:golem, 傀儡
thaumcraft:seal:0, 空白印记
thaumcraft:seal:1, 操控印记：聚集
thaumcraft:seal:2, 高级操控印记：聚集
thaumcraft:seal:3, 操控印记：贮存
thaumcraft:seal:4, 高级操控印记：贮存
thaumcraft:seal:5, 操控印记：空置
thaumcraft:seal:6, 高级操控印记：空置
thaumcraft:seal:7, 操控印记：收获
thaumcraft:seal:8, 操控印记：屠宰
thaumcraft:seal:9, 操控印记：守卫
thaumcraft:seal:10, 高级操控印记：守卫
thaumcraft:seal:11, 操控印记：砍伐
thaumcraft:seal:12, 操控印记：采掘
thaumcraft:seal:13, 操控印记：使用
thaumcraft:seal:14, 操控印记：供给
thaumcraft:seal:15, 操控印记：仓储
thaumcraft:seal:16, 操控印记：高级方块采掘
thaumcraft:seal:17, 操控印记：治安
thaumcraft:seal:18, 高级操控印记：治安
botania:flower:0, 白色神秘花
botania:flower:1, 橙色神秘花
botania:flower:2, 品红色神秘花
botania:flower:3, 淡蓝色神秘花
botania:flower:4, 黄色神秘花
botania:flower:5, 黄绿色神秘花
botania:flower:6, 粉红色神秘花
botania:flower:7, 灰色神秘花
botania:flower:8, 淡灰色神秘花
botania:flower:9, 青色神秘花
botania:flower:10, 紫色神秘花
botania:flower:11, 蓝色神秘花
botania:flower:12, 棕色神秘花
botania:flower:13, 绿色神秘花
botania:flower:14, 红色神秘花
botania:flower:15, 黑色神秘花
botania:altar:0, 花药台
botania:altar:1, 森林花药台
botania:altar:2, 平原花药台
botania:altar:3, 高山花药台
botania:altar:4, 菌丝花药台
botania:altar:5, 沼泽花药台
botania:altar:6, 沙漠花药台
botania:altar:7, 雪原花药台
botania:altar:8, 高原花药台
botania:livingrock:0, 活石
botania:livingrock:1, 活石砖
botania:livingrock:2, 苔活石砖
botania:livingrock:3, 裂活石砖
botania:livingrock:4, 框边活石砖
botania:livingwood:0, 活木
botania:livingwood:1, 活木板
botania:livingwood:2, 苔活木板
botania:livingwood:3, 框边活木板
botania:livingwood:4, 框纹活木板
botania:livingwood:5, 微光活木
botania:specialflower:0, 白雏菊
botania:specialflower:0, 魔力星
botania:specialflower:0, 火红莲
botania:specialflower:0, 水绣球
botania:specialflower:0, 炽玫瑰
botania:specialflower:0, 阿卡纳蔷薇
botania:specialflower:0, 咀叶花
botania:specialflower:0, 热爆花
botania:specialflower:0, 贪食花
botania:specialflower:0, 彼方兰
botania:specialflower:0, 粘球草
botania:specialflower:0, 斑斓花
botania:specialflower:0, 噬草花
botania:specialflower:0, 勿落草
botania:specialflower:0, 启命英
botania:specialflower:0, 翡翠苋
botania:specialflower:0, 娇媚之刺
botania:specialflower:0, 小娇媚之刺
botania:specialflower:0, 恐惧之刺
botania:specialflower:0, 平成之梦
botania:specialflower:0, 虎之眼
botania:specialflower:0, 异构花
botania:specialflower:0, 小异构花
botania:specialflower:0, 凝矿兰
botania:specialflower:0, 炎矿兰
botania:specialflower:0, 天降之奏
botania:specialflower:0, 冶炼火
botania:specialflower:0, 田园康乃馨
botania:specialflower:0, 小田园康乃馨
botania:specialflower:0, 漏斗花
botania:specialflower:0, 小漏斗花
botania:specialflower:0, 手掌花
botania:specialflower:0, 小手掌花
botania:specialflower:0, 束缚莓
botania:specialflower:0, 自由之翼
botania:specialflower:0, 毒风信
botania:specialflower:0, 石化草
botania:specialflower:0, 畜牧花
botania:specialflower:0, 粘土花
botania:specialflower:0, 小粘土花
botania:specialflower:0, 聚宝花
botania:specialflower:0, 扇水仙
botania:specialflower:0, 诱引莲
botania:specialflower:0, 凌空蓟
botania:specialflower:0, 气泡铃
botania:specialflower:0, 小气泡铃
botania:specialflower:0, 弱磁兰
botania:specialflower:0, 小弱磁兰
botania:specialflower:0, 消音柑
botania:specialflower:0, #50eaff-ff66ff-ff6633虹异霁冠之草
botania:specialflower:0, 石油百合
botania:specialflower:0, 食蜂海棠
botania:specialflower:0, 蜂信子
botania:specialflower:0, 蜂木槿
botania:specialflower:0, 碎玉之花
botania:specialflower:0, 凋零之花
botania:specialflower:0, 惊雷之花
botania:specialflower:0, 清露之花
botania:specialflower:0, 阿斯加德蒲公英
botania:specialflower:0, 索利安德之嗜
botania:specialflower:0, 蛇语菊
botania:specialflower:0, 小蛇语菊
botania:specialflower:0, 虞勒徘茗
botania:specialflower:0, 小虞勒徘茗
botania:spreader:0, 魔力发射器
botania:spreader:1, 魔力发射器（红石）
botania:spreader:2, 精灵魔力发射器
botania:spreader:3, 盖亚魔力发射器
botania:pool:0, 魔力池
botania:pool:2, 稀释魔力池
botania:pool:3, 神话魔力池
botania:pool:1, 永恒魔力池
botania:runealtar, tile.runeAltar.name
botania:pylon:0, 魔法水晶
botania:pylon:1, 自然水晶
botania:pylon:2, 盖亚水晶
botania:pistonrelay, tile.pistonRelay.name
botania:distributor, tile.distributor.name
botania:manavoid, tile.manaVoid.name
botania:manadetector, tile.manaDetector.name
botania:enchanter, 神能炉
botania:turntable, tile.turntable.name
botania:tinyplanetblock, tile.tinyPlanetBlock.name
botania:alchemycatalyst, tile.alchemyCatalyst.name
botania:opencrate:0, 花格箱
botania:opencrate:1, 机巧箱
botania:foresteye, tile.forestEye.name
botania:storage:0, 魔力钢块
botania:storage:1, 泰拉钢块
botania:storage:2, 源质钢块
botania:storage:3, 魔力钻石块
botania:storage:4, 龙石块
botania:forestdrum:0, 狂野之鼓
botania:forestdrum:1, 收集之鼓
botania:forestdrum:2, 林冠之鼓
botania:shinyflower:0, 白色荧光花
botania:shinyflower:1, 橙色荧光花
botania:shinyflower:2, 品红色荧光花
botania:shinyflower:3, 淡蓝色荧光花
botania:shinyflower:4, 黄色荧光花
botania:shinyflower:5, 黄绿色荧光花
botania:shinyflower:6, 粉红色荧光花
botania:shinyflower:7, 灰色荧光花
botania:shinyflower:8, 淡灰色荧光花
botania:shinyflower:9, 青色荧光花
botania:shinyflower:10, 紫色荧光花
botania:shinyflower:11, 蓝色荧光花
botania:shinyflower:12, 棕色荧光花
botania:shinyflower:13, 绿色荧光花
botania:shinyflower:14, 红色荧光花
botania:shinyflower:15, 黑色荧光花
botania:platform:0, 奥秘平台
botania:platform:1, 幻影平台
botania:platform:2, 不破平台
botania:alfheimportal, tile.alfheimPortal.name
botania:dreamwood:0, 梦之木
botania:dreamwood:1, 梦之木板
botania:dreamwood:2, 苔梦之木板
botania:dreamwood:3, 框边梦之木板
botania:dreamwood:4, 框纹梦之木板
botania:dreamwood:5, 微光梦之木
botania:conjurationcatalyst, tile.conjurationCatalyst.name
botania:bifrost, tile.bifrost.name
botania:miniisland:0, 白色浮空花
botania:miniisland:1, 橙色浮空花
botania:miniisland:2, 品红色浮空花
botania:miniisland:3, 淡蓝色浮空花
botania:miniisland:4, 黄色浮空花
botania:miniisland:5, 黄绿色浮空花
botania:miniisland:6, 粉红色浮空花
botania:miniisland:7, 灰色浮空花
botania:miniisland:8, 淡灰色浮空花
botania:miniisland:9, 青色浮空花
botania:miniisland:10, 紫色浮空花
botania:miniisland:11, 蓝色浮空花
botania:miniisland:12, 棕色浮空花
botania:miniisland:13, 绿色浮空花
botania:miniisland:14, 红色浮空花
botania:miniisland:15, 黑色浮空花
botania:tinypotato, tile.tinyPotato.name
botania:spawnerclaw, tile.spawnerClaw.name
botania:custombrick:0, 阿兹勒赫瓷砖
botania:custombrick:1, 阿兹勒赫瓷砖
botania:custombrick:2, 阿兹勒赫瓷砖
botania:custombrick:3, 阿兹勒赫瓷砖
botania:custombrick:4, 阿兹勒赫瓷砖
botania:custombrick:5, 阿兹勒赫瓷砖
botania:custombrick:6, 阿兹勒赫瓷砖
botania:custombrick:7, 阿兹勒赫瓷砖
botania:custombrick:8, 阿兹勒赫瓷砖
botania:custombrick:9, 阿兹勒赫瓷砖
botania:custombrick:10, 阿兹勒赫瓷砖
botania:custombrick:11, 阿兹勒赫瓷砖
botania:custombrick:12, 阿兹勒赫瓷砖
botania:custombrick:13, 阿兹勒赫瓷砖
botania:custombrick:14, 阿兹勒赫瓷砖
botania:custombrick:15, 阿兹勒赫瓷砖
botania:endereyeblock, tile.enderEyeBlock.name
botania:starfield, tile.starfield.name
botania:rfgenerator, tile.rfGenerator.name
botania:elfglass, tile.elfGlass.name
botania:brewery, tile.brewery.name
botania:managlass, tile.manaGlass.name
botania:terraplate, tile.terraPlate.name
botania:redstringcontainer, tile.redStringContainer.name
botania:redstringdispenser, tile.redStringDispenser.name
botania:redstringfertilizer, tile.redStringFertilizer.name
botania:redstringcomparator, tile.redStringComparator.name
botania:redstringrelay, tile.redStringRelay.name
botania:floatingspecialflower:0, 浮空白雏菊
botania:floatingspecialflower:0, 浮空魔力星
botania:floatingspecialflower:0, 浮空火红莲
botania:floatingspecialflower:0, 浮空水绣球
botania:floatingspecialflower:0, 浮空炽玫瑰
botania:floatingspecialflower:0, 浮空阿卡纳蔷薇
botania:floatingspecialflower:0, 浮空咀叶花
botania:floatingspecialflower:0, 浮空热爆花
botania:floatingspecialflower:0, 浮空贪食花
botania:floatingspecialflower:0, 浮空彼方兰
botania:floatingspecialflower:0, 浮空粘球草
botania:floatingspecialflower:0, 浮空斑斓花
botania:floatingspecialflower:0, 浮空噬草花
botania:floatingspecialflower:0, 浮空勿落草
botania:floatingspecialflower:0, 浮空启命英
botania:floatingspecialflower:0, 浮空翡翠苋
botania:floatingspecialflower:0, 浮空娇媚之刺
botania:floatingspecialflower:0, 浮空小娇媚之刺
botania:floatingspecialflower:0, 浮空恐惧之刺
botania:floatingspecialflower:0, 浮空平成之梦
botania:floatingspecialflower:0, 浮空虎之眼
botania:floatingspecialflower:0, 浮空异构花
botania:floatingspecialflower:0, 浮空小异构花
botania:floatingspecialflower:0, 浮空凝矿兰
botania:floatingspecialflower:0, 浮空炎矿兰
botania:floatingspecialflower:0, 浮空天降之奏
botania:floatingspecialflower:0, 浮空冶炼火
botania:floatingspecialflower:0, 浮空田园康乃馨
botania:floatingspecialflower:0, 浮空小田园康乃馨
botania:floatingspecialflower:0, 浮空漏斗花
botania:floatingspecialflower:0, 浮空小漏斗花
botania:floatingspecialflower:0, 浮空手掌花
botania:floatingspecialflower:0, 浮空小手掌花
botania:floatingspecialflower:0, 浮空束缚莓
botania:floatingspecialflower:0, 浮空自由之翼
botania:floatingspecialflower:0, 浮空毒风信
botania:floatingspecialflower:0, 浮空石化草
botania:floatingspecialflower:0, 浮空畜牧花
botania:floatingspecialflower:0, 浮空粘土花
botania:floatingspecialflower:0, 浮空小粘土花
botania:floatingspecialflower:0, 浮空聚宝花
botania:floatingspecialflower:0, 浮空扇水仙
botania:floatingspecialflower:0, 浮空诱引莲
botania:floatingspecialflower:0, 浮空凌空蓟
botania:floatingspecialflower:0, 浮空气泡铃
botania:floatingspecialflower:0, 浮空小气泡铃
botania:floatingspecialflower:0, 浮空弱磁兰
botania:floatingspecialflower:0, 浮空小弱磁兰
botania:floatingspecialflower:0, 浮空消音柑
botania:floatingspecialflower:0, 浮空#50eaff-ff66ff-ff6633虹异霁冠之草
botania:floatingspecialflower:0, 浮空石油百合
botania:floatingspecialflower:0, 浮空食蜂海棠
botania:floatingspecialflower:0, 浮空蜂信子
botania:floatingspecialflower:0, 浮空蜂木槿
botania:floatingspecialflower:0, 浮空碎玉之花
botania:floatingspecialflower:0, 浮空凋零之花
botania:floatingspecialflower:0, 浮空惊雷之花
botania:floatingspecialflower:0, 浮空清露之花
botania:floatingspecialflower:0, 浮空阿斯加德蒲公英
botania:floatingspecialflower:0, 浮空索利安德之嗜
botania:floatingspecialflower:0, 浮空蛇语菊
botania:floatingspecialflower:0, 浮空小蛇语菊
botania:floatingspecialflower:0, 浮空虞勒徘茗
botania:floatingspecialflower:0, 浮空小虞勒徘茗
botania:prism, tile.prism.name
botania:enchantedsoil, tile.enchantedSoil.name
botania:petalblock:0, 白色花瓣块
botania:petalblock:1, 橙色花瓣块
botania:petalblock:2, 品红色花瓣块
botania:petalblock:3, 淡蓝色花瓣块
botania:petalblock:4, 黄色花瓣块
botania:petalblock:5, 黄绿色花瓣块
botania:petalblock:6, 粉红色花瓣块
botania:petalblock:7, 灰色花瓣块
botania:petalblock:8, 淡灰色花瓣块
botania:petalblock:9, 青色花瓣块
botania:petalblock:10, 紫色花瓣块
botania:petalblock:11, 蓝色花瓣块
botania:petalblock:12, 棕色花瓣块
botania:petalblock:13, 绿色花瓣块
botania:petalblock:14, 红色花瓣块
botania:petalblock:15, 黑色花瓣块
botania:corporeaindex, tile.corporeaIndex.name
botania:corporeafunnel, tile.corporeaFunnel.name
botania:mushroom:0, 白色微光蘑菇
botania:mushroom:1, 橙色微光蘑菇
botania:mushroom:2, 品红色微光蘑菇
botania:mushroom:3, 淡蓝色微光蘑菇
botania:mushroom:4, 黄色微光蘑菇
botania:mushroom:5, 黄绿色微光蘑菇
botania:mushroom:6, 粉红色微光蘑菇
botania:mushroom:7, 灰色微光蘑菇
botania:mushroom:8, 淡灰色微光蘑菇
botania:mushroom:9, 青色微光蘑菇
botania:mushroom:10, 紫色微光蘑菇
botania:mushroom:11, 蓝色微光蘑菇
botania:mushroom:12, 棕色微光蘑菇
botania:mushroom:13, 绿色微光蘑菇
botania:mushroom:14, 红色微光蘑菇
botania:mushroom:15, 黑色微光蘑菇
botania:pump, 污染物泵
botania:doubleflower1:0, 白色高神秘花
botania:doubleflower1:1, 橙色高神秘花
botania:doubleflower1:2, 品红色高神秘花
botania:doubleflower1:3, 淡蓝色高神秘花
botania:doubleflower1:4, 黄色高神秘花
botania:doubleflower1:5, 黄绿色高神秘花
botania:doubleflower1:6, 粉红色高神秘花
botania:doubleflower1:7, 灰色高神秘花
botania:doubleflower2:0, 淡灰色高神秘花
botania:doubleflower2:1, 青色高神秘花
botania:doubleflower2:2, 紫色高神秘花
botania:doubleflower2:3, 蓝色高神秘花
botania:doubleflower2:4, 棕色高神秘花
botania:doubleflower2:5, 绿色高神秘花
botania:doubleflower2:6, 红色高神秘花
botania:doubleflower2:7, 黑色高神秘花
botania:blazeblock, tile.blazeBlock.name
botania:corporeainterceptor, tile.corporeaInterceptor.name
botania:corporeacrystalcube, tile.corporeaCrystalCube.name
botania:incenseplate, tile.incensePlate.name
botania:hourglass, tile.hourglass.name
botania:ghostrail, tile.ghostRail.name
botania:sparkchanger, tile.sparkChanger.name
botania:root, tile.root.name
botania:felpumpkin, tile.felPumpkin.name
botania:cocoon, tile.cocoon.name
botania:lightrelay:0, 微光
botania:lightrelay:1, 探测微光
botania:lightrelay:2, 岔路微光
botania:lightrelay:3, 激活微光
botania:lightlauncher, tile.lightLauncher.name
botania:manabomb, tile.manaBomb.name
botania:cacophoniumblock, tile.cacophoniumBlock.name
botania:bellows, 奥术风箱
botania:bifrostperm, tile.bifrostPerm.name
botania:cellblock, tile.cellBlock.name
botania:redstringinterceptor, tile.redStringInterceptor.name
botania:corporearetainer, tile.corporeaRetainer.name
botania:teruterubozu, tile.teruTeruBozu.name
botania:shimmerrock, tile.shimmerrock.name
botania:shimmerwoodplanks, tile.shimmerwoodPlanks.name
botania:avatar, tile.avatar.name
botania:altgrass:0, 干草地
botania:altgrass:1, 黄金草地
botania:altgrass:2, 鲜草草地
botania:altgrass:3, 焦草草地
botania:altgrass:4, 注魔草地
botania:altgrass:5, 异变草地
botania:animatedtorch, tile.animatedTorch.name
botania:lexicon, item.lexicon.name
botania:petal:0, 白色神秘花瓣
botania:petal:1, 橙色神秘花瓣
botania:petal:2, 品红色神秘花瓣
botania:petal:3, 淡蓝色神秘花瓣
botania:petal:4, 黄色神秘花瓣
botania:petal:5, 黄绿色神秘花瓣
botania:petal:6, 粉红色神秘花瓣
botania:petal:7, 灰色神秘花瓣
botania:petal:8, 淡灰色神秘花瓣
botania:petal:9, 青色神秘花瓣
botania:petal:10, 紫色神秘花瓣
botania:petal:11, 蓝色神秘花瓣
botania:petal:12, 棕色神秘花瓣
botania:petal:13, 绿色神秘花瓣
botania:petal:14, 红色神秘花瓣
botania:petal:15, 黑色神秘花瓣
botania:dye:0, 白色花粉
botania:dye:1, 橙色花粉
botania:dye:2, 品红色花粉
botania:dye:3, 淡蓝色花粉
botania:dye:4, 黄色花粉
botania:dye:5, 黄绿色花粉
botania:dye:6, 粉红色花粉
botania:dye:7, 灰色花粉
botania:dye:8, 淡灰色花粉
botania:dye:9, 青色花粉
botania:dye:10, 紫色花粉
botania:dye:11, 蓝色花粉
botania:dye:12, 棕色花粉
botania:dye:13, 绿色花粉
botania:dye:14, 红色花粉
botania:dye:15, 黑色花粉
botania:pestleandmortar, item.pestleAndMortar.name
botania:twigwand:0, 森林法杖
botania:twigwand:0, 森林法杖
botania:twigwand:0, 森林法杖
botania:twigwand:0, 森林法杖
botania:twigwand:0, 森林法杖
botania:twigwand:0, 森林法杖
botania:twigwand:0, 森林法杖
botania:twigwand:0, 森林法杖
botania:twigwand:0, 森林法杖
botania:twigwand:0, 森林法杖
botania:twigwand:0, 森林法杖
botania:twigwand:0, 森林法杖
botania:twigwand:0, 森林法杖
botania:twigwand:0, 森林法杖
botania:twigwand:0, 森林法杖
botania:twigwand:0, 森林法杖
botania:manaresource:0, 魔力钢锭
botania:manaresource:1, 魔力珍珠
botania:manaresource:2, 魔力钻石
botania:manaresource:3, 活木枝
botania:manaresource:4, 泰拉钢锭
botania:manaresource:5, 盖亚之魂
botania:manaresource:6, 红石根
botania:manaresource:7, 源质钢锭
botania:manaresource:8, 精灵尘
botania:manaresource:9, 龙石
botania:manaresource:11, 合成占位符
botania:manaresource:12, 红线
botania:manaresource:13, 梦之木棍
botania:manaresource:14, 盖亚魂锭
botania:manaresource:15, 瓶装末地空气
botania:manaresource:16, 蕴魔丝线
botania:manaresource:17, 魔钢粒
botania:manaresource:18, 泰拉钢粒
botania:manaresource:19, 源质钢粒
botania:manaresource:20, 活根
botania:manaresource:21, 卵石
botania:manaresource:22, 魔源布匹
botania:manaresource:23, 魔力尘
botania:lens:0, 魔力透镜
botania:lens:1, 魔力透镜：速度
botania:lens:2, 魔力透镜：强度
botania:lens:3, 魔力透镜：阻力
botania:lens:4, 魔力透镜：效率
botania:lens:5, 魔力透镜：反射
botania:lens:6, 魔力透镜：引力
botania:lens:7, 魔力透镜：挖掘
botania:lens:8, 魔力透镜：伤害
botania:lens:9, 魔力透镜：虚化
botania:lens:10, 魔力透镜：磁化
botania:lens:11, 魔力透镜：爆炸
botania:lens:12, 魔力透镜：推力
botania:lens:13, 魔力透镜：重力
botania:lens:14, 魔力透镜：涂色
botania:lens:15, 魔力透镜：引燃
botania:lens:16, 魔力透镜：力量
botania:lens:17, 魔力透镜：闪光
botania:lens:18, 魔力透镜：传送
botania:lens:19, 魔力透镜：变向
botania:lens:20, 魔力透镜：喜庆
botania:lens:21, 魔力透镜：闪耀
botania:lens:22, 魔力透镜：信使
botania:lens:23, 魔力透镜：绊线
botania:rune:0, 水之符文
botania:rune:1, 火之符文
botania:rune:2, 地之符文
botania:rune:3, 风之符文
botania:rune:4, 春之符文
botania:rune:5, 夏之符文
botania:rune:6, 秋之符文
botania:rune:7, 冬之符文
botania:rune:8, 魔力符文
botania:rune:9, 欲望符文
botania:rune:10, 暴食符文
botania:rune:11, 贪婪符文
botania:rune:12, 懒惰符文
botania:rune:13, 暴怒符文
botania:rune:14, 嫉妒符文
botania:rune:15, 傲慢符文
botania:manatablet, item.manaTablet.name
botania:managun, item.manaGun.name
botania:manacookie, item.manaCookie.name
botania:fertilizer, item.fertilizer.name
botania:grassseeds:0, 草地之种
botania:grassseeds:1, 寒地之种
botania:grassseeds:2, 菌丝孢子
botania:grassseeds:3, 干草之种
botania:grassseeds:4, 黄金草种
botania:grassseeds:5, 鲜草之种
botania:grassseeds:6, 焦土草种
botania:grassseeds:7, 注魔草种
botania:grassseeds:8, 异变草种
botania:dirtrod, item.dirtRod.name
botania:terraformrod, item.terraformRod.name
botania:grasshorn:0, 狂野号角
botania:grasshorn:1, 林冠号角
botania:grasshorn:2, 雪原号角
botania:manamirror, item.manaMirror.name
botania:manasteelhelm, item.manasteelHelm.name
botania:manasteelhelmreveal, item.manasteelHelmReveal.name
botania:manasteelchest, item.manasteelChest.name
botania:manasteellegs, item.manasteelLegs.name
botania:manasteelboots, item.manasteelBoots.name
botania:manasteelpick, item.manasteelPick.name
botania:manasteelshovel, item.manasteelShovel.name
botania:manasteelaxe, item.manasteelAxe.name
botania:manasteelsword, item.manasteelSword.name
botania:manasteelshears, item.manasteelShears.name
botania:terrasteelhelm, item.terrasteelHelm.name
botania:terrasteelhelmreveal, item.terrasteelHelmReveal.name
botania:terrasteelchest, item.terrasteelChest.name
botania:terrasteellegs, item.terrasteelLegs.name
botania:terrasteelboots, item.terrasteelBoots.name
botania:terrasword, item.terraSword.name
botania:tinyplanet, item.tinyPlanet.name
botania:manaring, item.manaRing.name
botania:auraring, item.auraRing.name
botania:manaringgreater, item.manaRingGreater.name
botania:auraringgreater, item.auraRingGreater.name
botania:travelbelt, item.travelBelt.name
botania:knockbackbelt, item.knockbackBelt.name
botania:icependant, item.icePendant.name
botania:lavapendant, item.lavaPendant.name
botania:magnetring, item.magnetRing.name
botania:waterring, item.waterRing.name
botania:miningring, item.miningRing.name
botania:terrapick, item.terraPick.name
botania:divacharm, item.divaCharm.name
botania:flighttiara:0, 天翼族之冠
botania:flighttiara:1, 天翼族之冠
botania:flighttiara:2, 天翼族之冠
botania:flighttiara:3, 天翼族之冠
botania:flighttiara:4, 天翼族之冠
botania:flighttiara:5, 天翼族之冠
botania:flighttiara:6, 天翼族之冠
botania:flighttiara:7, 天翼族之冠
botania:flighttiara:8, 天翼族之冠
botania:enderdagger, item.enderDagger.name
botania:quartz:0, 烟熏石英
botania:quartz:1, 魔力石英
botania:quartz:2, 烈焰石英
botania:quartz:3, 熏香石英
botania:quartz:4, 红色石英
botania:quartz:5, 精灵石英
botania:quartz:6, 金黄石英
botania:waterrod, item.waterRod.name
botania:elementiumhelm, item.elementiumHelm.name
botania:elementiumhelmreveal, item.elementiumHelmReveal.name
botania:elementiumchest, item.elementiumChest.name
botania:elementiumlegs, item.elementiumLegs.name
botania:elementiumboots, item.elementiumBoots.name
botania:elementiumpick, item.elementiumPick.name
botania:elementiumshovel, item.elementiumShovel.name
botania:elementiumaxe, item.elementiumAxe.name
botania:elementiumsword, item.elementiumSword.name
botania:elementiumshears, item.elementiumShears.name
botania:openbucket, item.openBucket.name
botania:spawnermover, item.spawnerMover.name
botania:pixiering, item.pixieRing.name
botania:supertravelbelt, item.superTravelBelt.name
botania:rainbowrod, item.rainbowRod.name
botania:tornadorod, item.tornadoRod.name
botania:firerod, item.fireRod.name
botania:vineball, item.vineBall.name
botania:slingshot, item.slingshot.name
botania:manabottle, item.manaBottle.name
botania:laputashard:0, 拉普达碎片
botania:laputashard:4, 拉普达碎片
botania:laputashard:9, 拉普达碎片
botania:laputashard:14, 拉普达碎片
botania:laputashard:19, 拉普达碎片
botania:virus:0, 僵尸病毒
botania:virus:1, 骷髅病毒
botania:reachring, item.reachRing.name
botania:skydirtrod, item.skyDirtRod.name
botania:itemfinder, item.itemFinder.name
botania:superlavapendant, item.superLavaPendant.name
botania:enderhand, item.enderHand.name
botania:glasspick, item.glassPick.name
botania:spark, item.spark.name
botania:sparkupgrade:0, 火花升级：弥散
botania:sparkupgrade:1, 火花升级：聚集
botania:sparkupgrade:2, 火花升级：扩散
botania:sparkupgrade:3, 火花升级：隔绝
botania:diviningrod, item.diviningRod.name
botania:gravityrod, item.gravityRod.name
botania:manainkwell, item.manaInkwell.name
botania:vial:0, 魔法玻璃小瓶
botania:vial:1, 精灵玻璃烧瓶
botania:brewvial, item.brewVial.name
botania:brewflask, item.brewFlask.name
botania:bloodpendant, item.bloodPendant.name
botania:missilerod, item.missileRod.name
botania:holycloak, item.holyCloak.name
botania:unholycloak, item.unholyCloak.name
botania:balancecloak, item.balanceCloak.name
botania:craftinghalo, item.craftingHalo.name
botania:blacklotus:0, 黑莲花
botania:blacklotus:1, 暗黑莲花
botania:monocle, item.monocle.name
botania:clip, item.clip.name
botania:cobblerod, item.cobbleRod.name
botania:smeltrod, item.smeltRod.name
botania:worldseed, item.worldSeed.name
botania:spellcloth, item.spellCloth.name
botania:thornchakram:0, 荆棘飞轮
botania:thornchakram:1, 闪耀飞轮
botania:overgrowthseed, item.overgrowthSeed.name
botania:craftpattern:0, 合成模板#1：1x1
botania:craftpattern:1, 合成模板#2：2x2
botania:craftpattern:2, 合成模板#3：1x2
botania:craftpattern:3, 合成模板#4：2x1
botania:craftpattern:4, 合成模板#5：1x3
botania:craftpattern:5, 合成模板#6：3x1
botania:craftpattern:6, 合成模板#7：2x3
botania:craftpattern:7, 合成模板#8：3x2
botania:craftpattern:8, 合成模板#9：圈形
botania:ancientwill:0, 艾琳的意志
botania:ancientwill:1, 达洛克的意志
botania:ancientwill:2, 古赞的意志
botania:ancientwill:3, 托拉格的意志
botania:ancientwill:4, 威拉克的意志
botania:ancientwill:5, 卡瑞的意志
botania:corporeaspark:0, 多媒体火花
botania:corporeaspark:1, 主媒体火花
botania:livingwoodbow, item.livingwoodBow.name
botania:crystalbow, item.crystalBow.name
botania:cosmetic:0, 黑领结
botania:cosmetic:1, 黑领带
botania:cosmetic:2, 红眼镜
botania:cosmetic:3, 蓬松围巾
botania:cosmetic:4, 工程师护目镜
botania:cosmetic:5, 眼罩
botania:cosmetic:6, 中二眼罩
botania:cosmetic:7, 红丝带
botania:cosmetic:8, 粉花蕾
botania:cosmetic:9, 斑点蝴蝶结
botania:cosmetic:10, 蓝蝴蝶
botania:cosmetic:11, 猫耳
botania:cosmetic:12, 魔女别针
botania:cosmetic:13, 恶魔尾巴
botania:cosmetic:14, 神威之眼
botania:cosmetic:15, 青蛙眼
botania:cosmetic:16, 四叶草
botania:cosmetic:17, 时钟之眼
botania:cosmetic:18, 独角兽之角
botania:cosmetic:19, 恶魔尖角
botania:cosmetic:20, 十字头饰
botania:cosmetic:21, 植物学家徽章
botania:cosmetic:22, 远古面具
botania:cosmetic:23, 怪异面具
botania:cosmetic:24, 外星人天线
botania:cosmetic:25, 红蓝眼镜
botania:cosmetic:26, 橙色墨镜
botania:cosmetic:27, 大鼻子面具
botania:cosmetic:28, 浓眉毛
botania:cosmetic:29, 盾牌
botania:cosmetic:30, 小土豆面具
botania:cosmetic:31, 任务人标志
botania:cosmetic:32, 思考姿态
botania:swapring, item.swapRing.name
botania:flowerbag, item.flowerBag.name
botania:phantomink, item.phantomInk.name
botania:poolminecart, item.poolMinecart.name
botania:pinkinator, item.pinkinator.name
botania:infinitefruit, item.infiniteFruit.name
botania:kingkey, item.kingKey.name
botania:flugeleye, item.flugelEye.name
botania:thorring, item.thorRing.name
botania:odinring, item.odinRing.name
botania:lokiring, item.lokiRing.name
botania:dice, item.dice.name
botania:keepivy, item.keepIvy.name
botania:blackholetalisman:0, 黑洞护符
botania:recordgaia1, item.recordGaia1.name
botania:recordgaia2, item.recordGaia2.name
botania:temperancestone:0, 节制之石
botania:incensestick, item.incenseStick.name
botania:terraaxe, item.terraAxe.name
botania:waterbowl, item.waterBowl.name
botania:obediencestick, item.obedienceStick.name
botania:cacophonium, item.cacophonium.name
botania:slimebottle:0, 史莱姆罐子
botania:starsword, item.starSword.name
botania:exchangerod, item.exchangeRod.name
botania:magnetringgreater, item.magnetRingGreater.name
botania:thundersword, item.thunderSword.name
botania:manaweavehelm, item.manaweaveHelm.name
botania:manaweavechest, item.manaweaveChest.name
botania:manaweavelegs, item.manaweaveLegs.name
botania:manaweaveboots, item.manaweaveBoots.name
botania:autocraftinghalo, item.autocraftingHalo.name
botania:gaiahead, item.gaiaHead.name
botania:sextant, item.sextant.name
botania:speedupbelt, item.speedUpBelt.name
botania:baublebox, item.baubleBox.name
botania:dodgering, item.dodgeRing.name
botania:invisibilitycloak, item.invisibilityCloak.name
botania:cloudpendant, item.cloudPendant.name
botania:supercloudpendant, item.superCloudPendant.name
botania:thirdeye, item.thirdEye.name
botania:astrolabe, item.astrolabe.name
botania:goddesscharm, item.goddessCharm.name
botania:livingwood0stairs, tile.livingwood0Stairs.name
botania:livingwood0slab:0, 活木台阶
botania:livingwood0wall, tile.livingwood0Wall.name
botania:livingwood1stairs, tile.livingwood1Stairs.name
botania:livingwood1slab:0, 活木台阶
botania:livingrock0stairs, tile.livingrock0Stairs.name
botania:livingrock0slab:0, 活石台阶
botania:livingrock0wall, tile.livingrock0Wall.name
botania:livingrock1stairs, tile.livingrock1Stairs.name
botania:livingrock1slab:0, 活石砖台阶
botania:dreamwood0stairs, tile.dreamwood0Stairs.name
botania:dreamwood0slab:0, 梦之木台阶
botania:dreamwood0wall, tile.dreamwood0Wall.name
botania:dreamwood1stairs, tile.dreamwood1Stairs.name
botania:dreamwood1slab:0, 梦之木台阶
botania:quartztypedark:0, 烟熏石英块
botania:quartztypedark:1, 錾制烟熏石英块
botania:quartztypedark:2, 竖纹烟熏石英块
botania:quartzslabdarkhalf:0, 烟熏石英台阶
botania:quartzstairsdark, tile.quartzStairsDark.name
botania:quartztypemana:0, 魔力石英块
botania:quartztypemana:1, 錾制魔力石英块
botania:quartztypemana:2, 竖纹魔力石英块
botania:quartzslabmanahalf:0, 魔力石英台阶
botania:quartzstairsmana, tile.quartzStairsMana.name
botania:quartztypeblaze:0, 烈焰石英块
botania:quartztypeblaze:1, 錾制烈焰石英块
botania:quartztypeblaze:2, 竖纹烈焰石英块
botania:quartzslabblazehalf:0, 烈焰石英台阶
botania:quartzstairsblaze, tile.quartzStairsBlaze.name
botania:quartztypelavender:0, 熏香石英块
botania:quartztypelavender:1, 錾制熏香石英块
botania:quartztypelavender:2, 竖纹熏香石英块
botania:quartzslablavenderhalf:0, 熏香石英台阶
botania:quartzstairslavender, tile.quartzStairsLavender.name
botania:quartztypered:0, 红色石英块
botania:quartztypered:1, 錾制红色石英块
botania:quartztypered:2, 竖纹红色石英块
botania:quartzslabredhalf:0, 红色石英台阶
botania:quartzstairsred, tile.quartzStairsRed.name
botania:quartztypeelf:0, 精灵石英块
botania:quartztypeelf:1, 錾制精灵石英块
botania:quartztypeelf:2, 竖纹精灵石英块
botania:quartzslabelfhalf:0, 精灵石英台阶
botania:quartzstairself, tile.quartzStairsElf.name
botania:quartztypesunny:0, 金黄石英块
botania:quartztypesunny:1, 錾制金黄石英块
botania:quartztypesunny:2, 竖纹金黄石英块
botania:quartzslabsunnyhalf:0, 金黄石英台阶
botania:quartzstairssunny, tile.quartzStairsSunny.name
botania:biomestonea:0, 变质森林石头
botania:biomestonea:1, 变质平原石头
botania:biomestonea:2, 变质高山石头
botania:biomestonea:3, 变质菌丝石头
botania:biomestonea:4, 变质沼泽石头
botania:biomestonea:5, 变质沙漠石头
botania:biomestonea:6, 变质雪原石头
botania:biomestonea:7, 变质高原石头
botania:biomestonea:8, 变质森林圆石
botania:biomestonea:9, 变质平原圆石
botania:biomestonea:10, 变质高山圆石
botania:biomestonea:11, 变质菌丝圆石
botania:biomestonea:12, 变质沼泽圆石
botania:biomestonea:13, 变质沙漠圆石
botania:biomestonea:14, 变质雪原圆石
botania:biomestonea:15, 变质高原圆石
botania:biomestoneb:0, 变质森林石砖
botania:biomestoneb:1, 变质平原石砖
botania:biomestoneb:2, 变质高山石砖
botania:biomestoneb:3, 变质菌丝石砖
botania:biomestoneb:4, 变质沼泽石砖
botania:biomestoneb:5, 变质沙漠石砖
botania:biomestoneb:6, 变质雪原石砖
botania:biomestoneb:7, 变质高原石砖
botania:biomestoneb:8, 錾制变质森林石砖
botania:biomestoneb:9, 錾制变质平原石砖
botania:biomestoneb:10, 錾制变质高山石砖
botania:biomestoneb:11, 錾制变质菌丝石砖
botania:biomestoneb:12, 錾制变质沼泽石砖
botania:biomestoneb:13, 錾制变质沙漠石砖
botania:biomestoneb:14, 錾制变质雪原石砖
botania:biomestoneb:15, 錾制变质高原石砖
botania:pavement:0, 白色葡萄牙路面
botania:pavement:1, 黑色葡萄牙路面
botania:pavement:2, 蓝色葡萄牙路面
botania:pavement:3, 红色葡萄牙路面
botania:pavement:4, 黄色葡萄牙路面
botania:pavement:5, 绿色葡萄牙路面
botania:biomestonea0stairs, tile.biomeStoneA0Stairs.name
botania:biomestonea0slab:0, 变质森林石头台阶
botania:biomestonea1stairs, tile.biomeStoneA1Stairs.name
botania:biomestonea1slab:0, 变质平原石头台阶
botania:biomestonea2stairs, tile.biomeStoneA2Stairs.name
botania:biomestonea2slab:0, 变质高山石头台阶
botania:biomestonea3stairs, tile.biomeStoneA3Stairs.name
botania:biomestonea3slab:0, 变质菌丝石头台阶
botania:biomestonea4stairs, tile.biomeStoneA4Stairs.name
botania:biomestonea4slab:0, 变质沼泽石头台阶
botania:biomestonea5stairs, tile.biomeStoneA5Stairs.name
botania:biomestonea5slab:0, 变质沙漠石头台阶
botania:biomestonea6stairs, tile.biomeStoneA6Stairs.name
botania:biomestonea6slab:0, 变质雪原石头台阶
botania:biomestonea7stairs, tile.biomeStoneA7Stairs.name
botania:biomestonea7slab:0, 变质高原石头台阶
botania:biomestonea8stairs, tile.biomeStoneA8Stairs.name
botania:biomestonea8slab:0, 变质森林圆石台阶
botania:biomestonea9stairs, tile.biomeStoneA9Stairs.name
botania:biomestonea9slab:0, 变质平原圆石台阶
botania:biomestonea10stairs, tile.biomeStoneA10Stairs.name
botania:biomestonea10slab:0, 变质高山圆石台阶
botania:biomestonea11stairs, tile.biomeStoneA11Stairs.name
botania:biomestonea11slab:0, 变质菌丝圆石台阶
botania:biomestonea12stairs, tile.biomeStoneA12Stairs.name
botania:biomestonea12slab:0, 变质沼泽圆石台阶
botania:biomestonea13stairs, tile.biomeStoneA13Stairs.name
botania:biomestonea13slab:0, 变质沙漠圆石台阶
botania:biomestonea14stairs, tile.biomeStoneA14Stairs.name
botania:biomestonea14slab:0, 变质雪原圆石台阶
botania:biomestonea15stairs, tile.biomeStoneA15Stairs.name
botania:biomestonea15slab:0, 变质高原圆石台阶
botania:biomestoneb0stairs, tile.biomeStoneB0Stairs.name
botania:biomestoneb0slab:0, 变质森林石砖台阶
botania:biomestoneb1stairs, tile.biomeStoneB1Stairs.name
botania:biomestoneb1slab:0, 变质平原石砖台阶
botania:biomestoneb2stairs, tile.biomeStoneB2Stairs.name
botania:biomestoneb2slab:0, 变质高山石砖台阶
botania:biomestoneb3stairs, tile.biomeStoneB3Stairs.name
botania:biomestoneb3slab:0, 变质菌丝石砖台阶
botania:biomestoneb4stairs, tile.biomeStoneB4Stairs.name
botania:biomestoneb4slab:0, 变质沼泽石砖台阶
botania:biomestoneb5stairs, tile.biomeStoneB5Stairs.name
botania:biomestoneb5slab:0, 变质沙漠石砖台阶
botania:biomestoneb6stairs, tile.biomeStoneB6Stairs.name
botania:biomestoneb6slab:0, 变质雪原石砖台阶
botania:biomestoneb7stairs, tile.biomeStoneB7Stairs.name
botania:biomestoneb7slab:0, 变质高原石砖台阶
botania:biomestonea0wall:0, 变质森林石墙
botania:biomestonea0wall:1, 变质平原石墙
botania:biomestonea0wall:2, 变质高山石墙
botania:biomestonea0wall:3, 变质菌丝石墙
botania:biomestonea0wall:4, 变质沼泽石墙
botania:biomestonea0wall:5, 变质沙漠石墙
botania:biomestonea0wall:6, 变质雪原石墙
botania:biomestonea0wall:7, 变质高原石墙
botania:pavement0stairs, tile.pavement0Stairs.name
botania:pavement0slab:0, 白色葡萄牙台阶
botania:pavement1stairs, tile.pavement1Stairs.name
botania:pavement1slab:0, 黑色葡萄牙台阶
botania:pavement2stairs, tile.pavement2Stairs.name
botania:pavement2slab:0, 蓝色葡萄牙台阶
botania:pavement3stairs, tile.pavement3Stairs.name
botania:pavement3slab:0, 红色葡萄牙台阶
botania:pavement4stairs, tile.pavement4Stairs.name
botania:pavement4slab:0, 黄色葡萄牙台阶
botania:pavement5stairs, tile.pavement5Stairs.name
botania:pavement5slab:0, 绿色葡萄牙台阶
botania:shimmerrock0slab:0, 微光石台阶
botania:shimmerrock0stairs, tile.shimmerrock0Stairs.name
botania:shimmerwoodplanks0slab:0, 微光木板台阶
botania:shimmerwoodplanks0stairs, tile.shimmerwoodPlanks0Stairs.name
botania:managlasspane, tile.manaGlassPane.name
botania:elfglasspane, tile.elfGlassPane.name
botania:bifrostpermpane, tile.bifrostPermPane.name
buildcraftlib:guide, BuildCraft 指南书
buildcraftlib:guide_note, BuildCraft 指南注释
buildcraftlib:debugger, 作弊工具
itemfilters:filter, 物品过滤器
itemfilters:missing, 缺少物品
ftbquests:screen, 任务显示器
ftbquests:progress_detector, 任务进度检测器
ftbquests:detector:0, 红石检测器
ftbquests:detector:1, 玩家检测器
ftbquests:progress_screen, 进度显示器
ftbquests:chest, 任务箱子
ftbquests:loot_crate_storage, 奖励箱存储器
ftbquests:loot_crate_opener, 奖励箱开箱器
ftbquests:barrier, 任务屏障
ftbquests:reward_collector, Reward Collector
ftbquests:book, 任务书
ftbquests:lootcrate, 奖励箱
ftbquests:custom_icon, 自定义图标
functionalstoragelegacy:oak_1, 橡木抽屉（1x1）
functionalstoragelegacy:oak_2, 橡木抽屉（1x2）
functionalstoragelegacy:oak_4, 橡木抽屉（2x2）
functionalstoragelegacy:spruce_1, 云杉木抽屉（1x1）
functionalstoragelegacy:spruce_2, 云杉木抽屉（1x2）
functionalstoragelegacy:spruce_4, 云杉木抽屉（2x2）
functionalstoragelegacy:birch_1, 白桦木抽屉（1x1）
functionalstoragelegacy:birch_2, 白桦木抽屉（1x2）
functionalstoragelegacy:birch_4, 白桦木抽屉（2x2）
functionalstoragelegacy:jungle_1, 丛林木抽屉（1x1）
functionalstoragelegacy:jungle_2, 丛林木抽屉（1x2）
functionalstoragelegacy:jungle_4, 丛林木抽屉（2x2）
functionalstoragelegacy:acacia_1, 金合欢木抽屉（1x1）
functionalstoragelegacy:acacia_2, 金合欢木抽屉（1x2）
functionalstoragelegacy:acacia_4, 金合欢木抽屉（2x2）
functionalstoragelegacy:dark_oak_1, 深色橡木抽屉（1x1）
functionalstoragelegacy:dark_oak_2, 深色橡木抽屉（1x2）
functionalstoragelegacy:dark_oak_4, 深色橡木抽屉（2x2）
functionalstoragelegacy:framed_1, 镶框抽屉（1x1）
functionalstoragelegacy:framed_2, 镶框抽屉（1x2）
functionalstoragelegacy:framed_4, 镶框抽屉（2x2）
functionalstoragelegacy:storage_controller, 存储控制器
functionalstoragelegacy:controller_extension, 控制器扩展器
functionalstoragelegacy:compacting_drawer, 压缩抽屉
functionalstoragelegacy:simple_compacting_drawer, 简易压缩抽屉
functionalstoragelegacy:fluid_1, 流体抽屉（1x1）
functionalstoragelegacy:fluid_2, 流体抽屉（1x2）
functionalstoragelegacy:fluid_4, 流体抽屉（2x2）
functionalstoragelegacy:ender_drawer, 末影抽屉
functionalstoragelegacy:armory_cabinet, 军械柜
functionalstoragelegacy:iron_downgrade, 铁降级
functionalstoragelegacy:copper_upgrade, 铜升级
functionalstoragelegacy:gold_upgrade, 金升级
functionalstoragelegacy:diamond_upgrade, 钻石升级
functionalstoragelegacy:netherite_upgrade, 下界合金升级
functionalstoragelegacy:max_storage_upgrade, 最大存储升级
functionalstoragelegacy:creative_vending_upgrade, 创造取出升级
functionalstoragelegacy:void_upgrade, 虚空升级
functionalstoragelegacy:redstone_upgrade, 红石升级
functionalstoragelegacy:pulling_upgrade, 拉取升级
functionalstoragelegacy:pushing_upgrade, 推送升级
functionalstoragelegacy:collector_upgrade, 收集升级
functionalstoragelegacy:ore_dictionary_upgrade, 矿物词典升级
functionalstoragelegacy:wireless_pulling_upgrade, 无线拉取升级
functionalstoragelegacy:wireless_pushing_upgrade, 无线推送升级
functionalstoragelegacy:configuration_tool, 配置工具
functionalstoragelegacy:linking_tool, 链接工具
functionalstoragelegacy:stone_generation_upgrade_t1, 圆石生成升级 T1
functionalstoragelegacy:stone_generation_upgrade_t2, 圆石生成升级 T2
functionalstoragelegacy:stone_generation_upgrade_t3, 圆石生成升级 T3
functionalstoragelegacy:stone_generation_upgrade_t4, 圆石生成升级 T4
functionalstoragelegacy:water_generation_upgrade_t1, 水生成升级 T1
functionalstoragelegacy:water_generation_upgrade_t2, 水生成升级 T2
functionalstoragelegacy:water_generation_upgrade_t3, 水生成升级 T3
functionalstoragelegacy:water_generation_upgrade_t4, 水生成升级 T4
novaeng_core:hypernet_terminal_controller, HyperNet 网络终端
novaeng_core:modular_server_assembler, 模块服务器组装台（未实装）
novaeng_core:angel_block, 天使方块+
novaeng_core:singularity_core_controller, tile.novaeng_core.singularity_core_controller.name
novaeng_core:geocentric_drill_controller, §6地心钻探机控制器
novaeng_core:extendable_digital_storage_subsystem_l4, §9ECO - §bL4 §9可扩展存储子系统主机
novaeng_core:extendable_digital_storage_subsystem_l6, §9ECO - §6L6 §9可扩展存储子系统主机
novaeng_core:extendable_digital_storage_subsystem_l9, §9ECO - §5L9 §9可扩展存储子系统主机
novaeng_core:estorage_energy_cell_l4, §9ECO - §bLT4 §9高密度能量元件
novaeng_core:estorage_energy_cell_l6, §9ECO - §6LT6 §9高密度能量元件
novaeng_core:estorage_energy_cell_l9, §9ECO - §5LT9 §9高密度能量元件
novaeng_core:estorage_cell_drive, §9ECO - §bLD §9存储矩阵驱动器
novaeng_core:estorage_me_channel, §9ECO - §bLR §9ME 矩阵通讯接口
novaeng_core:estorage_vent, §9存储系统结构散热器
novaeng_core:estorage_casing, §9存储系统结构外壳
novaeng_core:extendable_fabricator_subsystem_l4, §9ECO - §bF4 §e可扩展合成子系统主机
novaeng_core:extendable_fabricator_subsystem_l6, §9ECO - §6F6 §e可扩展合成子系统主机
novaeng_core:extendable_fabricator_subsystem_l9, §9ECO - §5F9 §e可扩展合成子系统主机
novaeng_core:efabricator_parallel_proc_l4, §9ECO - §bFT4 §5并行核心
novaeng_core:efabricator_parallel_proc_l6, §9ECO - §6FT6 §5并行核心
novaeng_core:efabricator_parallel_proc_l9, §9ECO - §5FT9 §5并行核心
novaeng_core:efabricator_me_channel, §9ECO - §eFR §9ME 矩阵通讯接口
novaeng_core:efabricator_pattern_bus, §9ECO - §eFD 智能样板总线
novaeng_core:efabricator_worker, §9ECO - §eFX §b工作核心
novaeng_core:efabricator_vent, §e合成系统结构散热器
novaeng_core:efabricator_casing, §e合成系统结构外壳
novaeng_core:extendable_calculator_subsystem_l4, §9ECO - §bC4 §b可扩展计算子系统主机
novaeng_core:extendable_calculator_subsystem_l6, §9ECO - §6C6 §b可扩展计算子系统主机
novaeng_core:extendable_calculator_subsystem_l9, §9ECO - §5C9 §b可扩展计算子系统主机
novaeng_core:ecalculator_parallel_proc_l4, §9ECO - §bCT4 §5并行核心
novaeng_core:ecalculator_parallel_proc_l6, §9ECO - §6CT6 §5并行核心
novaeng_core:ecalculator_parallel_proc_l9, §9ECO - §5CT9 §5并行核心
novaeng_core:ecalculator_thread_core_l4, §9ECO - §bCM4A §b线程核心
novaeng_core:ecalculator_thread_core_l6, §9ECO - §6CM6A §b线程核心
novaeng_core:ecalculator_thread_core_l9, §9ECO - §5CM9A §b线程核心
novaeng_core:ecalculator_thread_core_hyper_l4, §9ECO - §bCM4B §9超线程核心
novaeng_core:ecalculator_thread_core_hyper_l6, §9ECO - §6CM6B §9超线程核心
novaeng_core:ecalculator_thread_core_hyper_l9, §9ECO - §5CM9B §9超线程核心
novaeng_core:ecalculator_tail_l4, §b计算系统散热总控 - §bC4
novaeng_core:ecalculator_tail_l6, §b计算系统散热总控 - §6C6
novaeng_core:ecalculator_tail_l9, §b计算系统散热总控 - §5C9
novaeng_core:ecalculator_me_channel, §9ECO - §bCR §9ME 矩阵通讯接口
novaeng_core:ecalculator_cell_drive, §9ECO - §bCD §9晶阵驱动器
novaeng_core:ecalculator_transmitter_bus, §9ECO - §bCI §b超导晶阵传输总线
novaeng_core:ecalculator_casing, §b计算系统结构外壳
novaeng_core:estorage_cell_item_16m, §9ECO - §bLE4 §9存储矩阵§a（物品）
novaeng_core:estorage_cell_item_64m, §9ECO - §6LE6 §9存储矩阵§a（物品）
novaeng_core:estorage_cell_item_256m, §9ECO - §5LE9 §9存储矩阵§a（物品）
novaeng_core:estorage_cell_fluid_16m, §9ECO - §bLE4 §9存储矩阵§b（流体）
novaeng_core:estorage_cell_fluid_64m, §9ECO - §6LE6 §9存储矩阵§b（流体）
novaeng_core:estorage_cell_fluid_256m, §9ECO - §5LE9 §9存储矩阵§b（流体）
novaeng_core:ecalculator_cell_64m, §9ECO - §bCE4 §b闪存晶阵
novaeng_core:ecalculator_cell_1024m, §9ECO - §6CE6 §b闪存晶阵
novaeng_core:ecalculator_cell_16384m, §9ECO - §5CE9 §b闪存晶阵
appliedenergistics2:quartz_ore, 赛特斯石英矿石
appliedenergistics2:charged_quartz_ore, 充能赛特斯石英矿石
appliedenergistics2:matrix_frame, 矩阵框架
appliedenergistics2:quartz_block, 赛特斯石英块
appliedenergistics2:quartz_pillar, 竖纹赛特斯石英块
appliedenergistics2:chiseled_quartz_block, 錾制赛特斯石英块
appliedenergistics2:quartz_glass, 石英玻璃
appliedenergistics2:quartz_vibrant_glass, 聚能石英玻璃
appliedenergistics2:quartz_fixture, 充能石英火把
appliedenergistics2:fluix_block, 福鲁伊克斯块
appliedenergistics2:sky_stone_block, 陨石
appliedenergistics2:smooth_sky_stone_block, 陨石块
appliedenergistics2:sky_stone_brick, 陨石石砖
appliedenergistics2:sky_stone_small_brick, 陨石砖块
appliedenergistics2:sky_stone_chest, 陨石箱子
appliedenergistics2:smooth_sky_stone_chest, 陨石块箱子
appliedenergistics2:sky_compass, 陨石罗盘
appliedenergistics2:grindstone, 石英磨具
appliedenergistics2:crank, 木质曲柄
appliedenergistics2:inscriber, 压印器
appliedenergistics2:wireless_access_point, ME无线访问点
appliedenergistics2:charger, 充能器
appliedenergistics2:tiny_tnt, 迷你TNT
appliedenergistics2:security_station, ME安全终端
appliedenergistics2:quantum_ring, ME量子环
appliedenergistics2:quantum_link, ME量子链接仓
appliedenergistics2:spatial_pylon, 空间塔
appliedenergistics2:spatial_io_port, 空间IO端口
appliedenergistics2:controller, ME控制器
appliedenergistics2:drive, ME驱动器
appliedenergistics2:chest, ME箱子
appliedenergistics2:interface, ME接口
appliedenergistics2:fluid_interface, ME流体接口
appliedenergistics2:cell_workbench, 元件工作台
appliedenergistics2:io_port, ME-IO端口
appliedenergistics2:condenser, 物质聚合器
appliedenergistics2:energy_acceptor, 能源接收器
appliedenergistics2:vibration_chamber, 谐振仓
appliedenergistics2:quartz_growth_accelerator, 晶体催生器
appliedenergistics2:energy_cell, 能源元件
appliedenergistics2:dense_energy_cell, 致密能源元件
appliedenergistics2:creative_energy_cell, 创造能源元件
appliedenergistics2:crafting_unit, 合成单元
appliedenergistics2:crafting_accelerator, 并行处理单元
appliedenergistics2:crafting_storage_1k, 1k合成存储器
appliedenergistics2:crafting_storage_4k, 4k合成存储器
appliedenergistics2:crafting_storage_16k, 16k合成存储器
appliedenergistics2:crafting_storage_64k, 64k合成存储器
appliedenergistics2:crafting_monitor, 合成监控器
appliedenergistics2:molecular_assembler, 分子装配室
appliedenergistics2:light_detector, 光亮探测器
appliedenergistics2:paint, tile.appliedenergistics2.paint.name
appliedenergistics2:sky_stone_stairs, 陨石楼梯
appliedenergistics2:smooth_sky_stone_stairs, 陨石块楼梯
appliedenergistics2:sky_stone_brick_stairs, 陨石石砖楼梯
appliedenergistics2:sky_stone_small_brick_stairs, 陨石砖块楼梯
appliedenergistics2:fluix_stairs, 福鲁伊克斯楼梯
appliedenergistics2:quartz_stairs, 赛特斯石英楼梯
appliedenergistics2:chiseled_quartz_stairs, 錾制赛特斯石英楼梯
appliedenergistics2:quartz_pillar_stairs, 竖纹赛特斯石英楼梯
appliedenergistics2:cable_bus, AE2线缆和（或）总线
appliedenergistics2:sky_stone_slab:0, 陨石台阶
appliedenergistics2:smooth_sky_stone_slab:0, 陨石块台阶
appliedenergistics2:sky_stone_brick_slab:0, 陨石石砖台阶
appliedenergistics2:sky_stone_small_brick_slab:0, 陨石砖块台阶
appliedenergistics2:fluix_slab:0, 福鲁伊克斯台阶
appliedenergistics2:quartz_slab:0, 赛特斯石英台阶
appliedenergistics2:chiseled_quartz_slab:0, 錾制赛特斯石英台阶
appliedenergistics2:quartz_pillar_slab:0, 竖纹赛特斯石英台阶
appliedenergistics2:certus_quartz_axe, 赛特斯石英斧
appliedenergistics2:certus_quartz_hoe, 赛特斯石英锄
appliedenergistics2:certus_quartz_spade, 赛特斯石英锹
appliedenergistics2:certus_quartz_pickaxe, 赛特斯石英镐
appliedenergistics2:certus_quartz_sword, 赛特斯石英剑
appliedenergistics2:certus_quartz_wrench, 赛特斯石英扳手
appliedenergistics2:certus_quartz_cutting_knife, 赛特斯石英切割刀
appliedenergistics2:nether_quartz_axe, 下界石英斧
appliedenergistics2:nether_quartz_hoe, 下界石英锄
appliedenergistics2:nether_quartz_spade, 下界石英锹
appliedenergistics2:nether_quartz_pickaxe, 下界石英镐
appliedenergistics2:nether_quartz_sword, 下界石英剑
appliedenergistics2:nether_quartz_wrench, 下界石英扳手
appliedenergistics2:nether_quartz_cutting_knife, 下界石英切割刀
appliedenergistics2:entropy_manipulator, 熵变机械臂
appliedenergistics2:wireless_terminal, 无线终端
appliedenergistics2:wireless_crafting_terminal, 无线合成终端
appliedenergistics2:wireless_pattern_terminal, 无线样板终端
appliedenergistics2:wireless_fluid_terminal, 无线流体终端
appliedenergistics2:wireless_interface_terminal, 无线接口终端
appliedenergistics2:charged_staff, 充能手杖
appliedenergistics2:matter_cannon, 物质炮
appliedenergistics2:portable_cell, 便携元件
appliedenergistics2:color_applicator, 染色器
appliedenergistics2:biometric_card, 身份卡
appliedenergistics2:memory_card, 内存卡
appliedenergistics2:network_tool, 网络工具
appliedenergistics2:creative_storage_cell, 创造型ME存储元件
appliedenergistics2:view_cell, 显示元件
appliedenergistics2:storage_cell_1k, 1k-ME存储元件
appliedenergistics2:storage_cell_4k, 4k-ME存储元件
appliedenergistics2:storage_cell_16k, 16k-ME存储元件
appliedenergistics2:storage_cell_64k, 64k-ME存储元件
appliedenergistics2:fluid_storage_cell_1k, 1k-ME流体存储元件
appliedenergistics2:fluid_storage_cell_4k, 4k-ME流体存储元件
appliedenergistics2:fluid_storage_cell_16k, 16k-ME流体存储元件
appliedenergistics2:fluid_storage_cell_64k, 64k-ME流体存储元件
appliedenergistics2:spatial_storage_cell_2_cubed, 2³-空间存储元件
appliedenergistics2:spatial_storage_cell_16_cubed, 16³-空间存储元件
appliedenergistics2:spatial_storage_cell_128_cubed, 128³-空间存储元件
appliedenergistics2:crystal_seed:0, 赛特斯石英种子
appliedenergistics2:crystal_seed:600, 下界石英种子
appliedenergistics2:crystal_seed:1200, 福鲁伊克斯种子
appliedenergistics2:crystal_seed:0, 赛特斯石英种子
appliedenergistics2:crystal_seed:600, 下界石英种子
appliedenergistics2:crystal_seed:1200, 福鲁伊克斯种子
appliedenergistics2:crystal_seed:0, 赛特斯石英种子
appliedenergistics2:crystal_seed:600, 下界石英种子
appliedenergistics2:crystal_seed:1200, 福鲁伊克斯种子
appliedenergistics2:encoded_pattern, 编码样板
appliedenergistics2:paint_ball:0, 染色球 - 白色
appliedenergistics2:paint_ball:1, 染色球 - 橙色
appliedenergistics2:paint_ball:2, 染色球 - 品红色
appliedenergistics2:paint_ball:3, 染色球 - 淡蓝色
appliedenergistics2:paint_ball:4, 染色球 - 黄色
appliedenergistics2:paint_ball:5, 染色球 - 黄绿色
appliedenergistics2:paint_ball:6, 染色球 - 粉红色
appliedenergistics2:paint_ball:7, 染色球 - 灰色
appliedenergistics2:paint_ball:8, 染色球 - 淡灰色
appliedenergistics2:paint_ball:9, 染色球 - 青色
appliedenergistics2:paint_ball:10, 染色球 - 紫色
appliedenergistics2:paint_ball:11, 染色球 - 蓝色
appliedenergistics2:paint_ball:12, 染色球 - 棕色
appliedenergistics2:paint_ball:13, 染色球 - 绿色
appliedenergistics2:paint_ball:14, 染色球 - 红色
appliedenergistics2:paint_ball:15, 染色球 - 黑色
appliedenergistics2:paint_ball:20, 染色球 - 光通 白色
appliedenergistics2:paint_ball:21, 染色球 - 光通 橙色
appliedenergistics2:paint_ball:22, 染色球 - 光通 品红色
appliedenergistics2:paint_ball:23, 染色球 - 光通 淡蓝色
appliedenergistics2:paint_ball:24, 染色球 - 光通 黄色
appliedenergistics2:paint_ball:25, 染色球 - 光通 黄绿色
appliedenergistics2:paint_ball:26, 染色球 - 光通 粉红色
appliedenergistics2:paint_ball:27, 染色球 - 光通 灰色
appliedenergistics2:paint_ball:28, 染色球 - 光通 淡灰色
appliedenergistics2:paint_ball:29, 染色球 - 光通 青色
appliedenergistics2:paint_ball:30, 染色球 - 光通 紫色
appliedenergistics2:paint_ball:31, 染色球 - 光通 蓝色
appliedenergistics2:paint_ball:32, 染色球 - 光通 棕色
appliedenergistics2:paint_ball:33, 染色球 - 光通 绿色
appliedenergistics2:paint_ball:34, 染色球 - 光通 红色
appliedenergistics2:paint_ball:35, 染色球 - 光通 黑色
appliedenergistics2:dummy_fluid_item, item.appliedenergistics2.dummy_fluid_item.name
appliedenergistics2:material:28, 高级卡
appliedenergistics2:material:44, 破坏核心
appliedenergistics2:material:25, 基础卡
appliedenergistics2:material:52, 空白样板
appliedenergistics2:material:23, 运算处理器
appliedenergistics2:material:13, 运算压印模板
appliedenergistics2:material:16, 运算电路板
appliedenergistics2:material:27, 容量卡
appliedenergistics2:material:53, 合成卡
appliedenergistics2:material:29, 模糊卡
appliedenergistics2:material:31, 反相卡
appliedenergistics2:material:60, 磁引卡
appliedenergistics2:material:58, 样板扩展卡
appliedenergistics2:material:59, 量子链接卡
appliedenergistics2:material:26, 红石卡
appliedenergistics2:material:30, 加速卡
appliedenergistics2:material:61, 粘滞卡
appliedenergistics2:material:34, 128³-空间组件
appliedenergistics2:material:37, 16k-ME存储组件
appliedenergistics2:material:33, 16³-空间组件
appliedenergistics2:material:35, 1k-ME存储组件
appliedenergistics2:material:32, 2³-空间组件
appliedenergistics2:material:36, 4k-ME存储组件
appliedenergistics2:material:38, 64k-ME存储组件
appliedenergistics2:material:0, 赛特斯石英水晶
appliedenergistics2:material:1, 充能赛特斯石英水晶
appliedenergistics2:material:2, 赛特斯石英粉
appliedenergistics2:material:39, ME存储元件外壳
appliedenergistics2:material:46, 末影粉
appliedenergistics2:material:24, 工程处理器
appliedenergistics2:material:14, 工程压印模板
appliedenergistics2:material:17, 工程电路板
appliedenergistics2:material:4, 面粉
appliedenergistics2:material:56, 16k-ME流体存储组件
appliedenergistics2:material:54, 1k-ME流体存储组件
appliedenergistics2:material:55, 4k-ME流体存储组件
appliedenergistics2:material:57, 64k-ME流体存储组件
appliedenergistics2:material:7, 福鲁伊克斯水晶
appliedenergistics2:material:8, 福鲁伊克斯粉
appliedenergistics2:material:9, 福鲁伊克斯珍珠
appliedenergistics2:material:43, 成型核心
appliedenergistics2:material:51, 金粉
appliedenergistics2:material:49, 铁粉
appliedenergistics2:material:22, 逻辑处理器
appliedenergistics2:material:15, 逻辑压印模板
appliedenergistics2:material:18, 逻辑电路板
appliedenergistics2:material:6, 物质球
appliedenergistics2:material:21, 名称压印模板
appliedenergistics2:material:3, 下界石英粉
appliedenergistics2:material:10, 高纯赛特斯石英水晶
appliedenergistics2:material:12, 高纯福鲁伊克斯水晶
appliedenergistics2:material:11, 高纯下界石英水晶
appliedenergistics2:material:48, 量子缠绕态奇点
appliedenergistics2:material:5, 硅
appliedenergistics2:material:19, 硅压印模板
appliedenergistics2:material:20, 硅板
appliedenergistics2:material:47, 奇点
appliedenergistics2:material:45, 陨石粉
appliedenergistics2:material:41, 无线接收器
appliedenergistics2:material:42, 无线信号增幅器
appliedenergistics2:material:40, 木齿轮
appliedenergistics2:part:300, ME破坏面板
appliedenergistics2:part:120, 线缆锚
appliedenergistics2:part:20, ME包层线缆 - 白色
appliedenergistics2:part:21, ME包层线缆 - 橙色
appliedenergistics2:part:22, ME包层线缆 - 品红色
appliedenergistics2:part:23, ME包层线缆 - 淡蓝色
appliedenergistics2:part:24, ME包层线缆 - 黄色
appliedenergistics2:part:25, ME包层线缆 - 黄绿色
appliedenergistics2:part:26, ME包层线缆 - 粉红色
appliedenergistics2:part:27, ME包层线缆 - 灰色
appliedenergistics2:part:28, ME包层线缆 - 淡灰色
appliedenergistics2:part:29, ME包层线缆 - 青色
appliedenergistics2:part:30, ME包层线缆 - 紫色
appliedenergistics2:part:31, ME包层线缆 - 蓝色
appliedenergistics2:part:32, ME包层线缆 - 棕色
appliedenergistics2:part:33, ME包层线缆 - 绿色
appliedenergistics2:part:34, ME包层线缆 - 红色
appliedenergistics2:part:35, ME包层线缆 - 黑色
appliedenergistics2:part:36, ME包层线缆 - 福鲁伊克斯色
appliedenergistics2:part:500, ME致密包层线缆 - 白色
appliedenergistics2:part:501, ME致密包层线缆 - 橙色
appliedenergistics2:part:502, ME致密包层线缆 - 品红色
appliedenergistics2:part:503, ME致密包层线缆 - 淡蓝色
appliedenergistics2:part:504, ME致密包层线缆 - 黄色
appliedenergistics2:part:505, ME致密包层线缆 - 黄绿色
appliedenergistics2:part:506, ME致密包层线缆 - 粉红色
appliedenergistics2:part:507, ME致密包层线缆 - 灰色
appliedenergistics2:part:508, ME致密包层线缆 - 淡灰色
appliedenergistics2:part:509, ME致密包层线缆 - 青色
appliedenergistics2:part:510, ME致密包层线缆 - 紫色
appliedenergistics2:part:511, ME致密包层线缆 - 蓝色
appliedenergistics2:part:512, ME致密包层线缆 - 棕色
appliedenergistics2:part:513, ME致密包层线缆 - 绿色
appliedenergistics2:part:514, ME致密包层线缆 - 红色
appliedenergistics2:part:515, ME致密包层线缆 - 黑色
appliedenergistics2:part:516, ME致密包层线缆 - 福鲁伊克斯色
appliedenergistics2:part:60, ME致密线缆 - 白色
appliedenergistics2:part:61, ME致密线缆 - 橙色
appliedenergistics2:part:62, ME致密线缆 - 品红色
appliedenergistics2:part:63, ME致密线缆 - 淡蓝色
appliedenergistics2:part:64, ME致密线缆 - 黄色
appliedenergistics2:part:65, ME致密线缆 - 黄绿色
appliedenergistics2:part:66, ME致密线缆 - 粉红色
appliedenergistics2:part:67, ME致密线缆 - 灰色
appliedenergistics2:part:68, ME致密线缆 - 淡灰色
appliedenergistics2:part:69, ME致密线缆 - 青色
appliedenergistics2:part:70, ME致密线缆 - 紫色
appliedenergistics2:part:71, ME致密线缆 - 蓝色
appliedenergistics2:part:72, ME致密线缆 - 棕色
appliedenergistics2:part:73, ME致密线缆 - 绿色
appliedenergistics2:part:74, ME致密线缆 - 红色
appliedenergistics2:part:75, ME致密线缆 - 黑色
appliedenergistics2:part:76, ME致密线缆 - 福鲁伊克斯色
appliedenergistics2:part:0, ME玻璃线缆 - 白色
appliedenergistics2:part:1, ME玻璃线缆 - 橙色
appliedenergistics2:part:2, ME玻璃线缆 - 品红色
appliedenergistics2:part:3, ME玻璃线缆 - 淡蓝色
appliedenergistics2:part:4, ME玻璃线缆 - 黄色
appliedenergistics2:part:5, ME玻璃线缆 - 黄绿色
appliedenergistics2:part:6, ME玻璃线缆 - 粉红色
appliedenergistics2:part:7, ME玻璃线缆 - 灰色
appliedenergistics2:part:8, ME玻璃线缆 - 淡灰色
appliedenergistics2:part:9, ME玻璃线缆 - 青色
appliedenergistics2:part:10, ME玻璃线缆 - 紫色
appliedenergistics2:part:11, ME玻璃线缆 - 蓝色
appliedenergistics2:part:12, ME玻璃线缆 - 棕色
appliedenergistics2:part:13, ME玻璃线缆 - 绿色
appliedenergistics2:part:14, ME玻璃线缆 - 红色
appliedenergistics2:part:15, ME玻璃线缆 - 黑色
appliedenergistics2:part:16, ME玻璃线缆 - 福鲁伊克斯色
appliedenergistics2:part:40, ME智能线缆 - 白色
appliedenergistics2:part:41, ME智能线缆 - 橙色
appliedenergistics2:part:42, ME智能线缆 - 品红色
appliedenergistics2:part:43, ME智能线缆 - 淡蓝色
appliedenergistics2:part:44, ME智能线缆 - 黄色
appliedenergistics2:part:45, ME智能线缆 - 黄绿色
appliedenergistics2:part:46, ME智能线缆 - 粉红色
appliedenergistics2:part:47, ME智能线缆 - 灰色
appliedenergistics2:part:48, ME智能线缆 - 淡灰色
appliedenergistics2:part:49, ME智能线缆 - 青色
appliedenergistics2:part:50, ME智能线缆 - 紫色
appliedenergistics2:part:51, ME智能线缆 - 蓝色
appliedenergistics2:part:52, ME智能线缆 - 棕色
appliedenergistics2:part:53, ME智能线缆 - 绿色
appliedenergistics2:part:54, ME智能线缆 - 红色
appliedenergistics2:part:55, ME智能线缆 - 黑色
appliedenergistics2:part:56, ME智能线缆 - 福鲁伊克斯色
appliedenergistics2:part:420, ME交换监控器
appliedenergistics2:part:360, ME合成终端
appliedenergistics2:part:200, 暗色照明面板
appliedenergistics2:part:341, ME增广样板终端
appliedenergistics2:part:260, ME输出总线
appliedenergistics2:part:302, ME流体破坏面板
appliedenergistics2:part:261, ME流体输出总线
appliedenergistics2:part:321, ME流体成型面板
appliedenergistics2:part:241, ME流体输入总线
appliedenergistics2:part:441, ME流体接口
appliedenergistics2:part:522, ME流体接口配置终端
appliedenergistics2:part:281, ME流体标准发信器
appliedenergistics2:part:221, ME流体存储总线
appliedenergistics2:part:520, ME流体终端
appliedenergistics2:part:320, ME成型面板
appliedenergistics2:part:301, ME精准破坏面板
appliedenergistics2:part:240, ME输入总线
appliedenergistics2:part:440, ME接口
appliedenergistics2:part:521, ME接口配置终端
appliedenergistics2:part:480, ME接口终端
appliedenergistics2:part:100, ME反相触发总线
appliedenergistics2:part:280, ME标准发信器
appliedenergistics2:part:160, 亮色照明面板
appliedenergistics2:part:222, ME矿典存储总线
appliedenergistics2:part:469, P2P通道 - FE
appliedenergistics2:part:463, P2P通道 - 流体
appliedenergistics2:part:465, P2P通道 - EU
appliedenergistics2:part:462, P2P通道 - 物品
appliedenergistics2:part:467, P2P通道 - 光
appliedenergistics2:part:460, P2P通道 - ME
appliedenergistics2:part:461, P2P通道 - 红石
appliedenergistics2:part:340, ME样板终端
appliedenergistics2:part:140, 石英纤维
appliedenergistics2:part:180, 照明面板
appliedenergistics2:part:220, ME存储总线
appliedenergistics2:part:400, ME存储监控器
appliedenergistics2:part:380, ME终端
appliedenergistics2:part:80, ME触发总线
thaumicenergistics:essentia_cell_1k, 1k-ME源质存储元件
thaumicenergistics:essentia_cell_4k, 4k-ME源质存储元件
thaumicenergistics:essentia_cell_16k, 16k-ME源质存储元件
thaumicenergistics:essentia_cell_64k, 64k-ME源质存储元件
thaumicenergistics:essentia_cell_creative, 创造型ME源质存储元件
thaumicenergistics:essentia_import, ME源质输入总线
thaumicenergistics:essentia_export, ME源质输出总线
thaumicenergistics:essentia_storage, ME源质存储总线
thaumicenergistics:essentia_level_emitter, ME源质发信器
thaumicenergistics:essentia_terminal, ME源质终端
thaumicenergistics:arcane_terminal, 奥术合成终端
thaumicenergistics:arcane_inscriber, 奥术记录仪
thaumicenergistics:wireless_essentia_terminal, 无线源质终端
thaumicenergistics:diffusion_core, 扩散核心
thaumicenergistics:coalescence_core, 聚集核心
thaumicenergistics:essentia_component_1k, 1k-ME源质存储组件
thaumicenergistics:essentia_component_4k, 4k-ME源质存储组件
thaumicenergistics:essentia_component_16k, 16k-ME源质存储组件
thaumicenergistics:essentia_component_64k, 64k-ME源质存储组件
thaumicenergistics:upgrade_arcane, 奥术充能升级
thaumicenergistics:knowledge_core, 知识核心
thaumicenergistics:blank_knowledge_core, 空白知识核心
thaumicenergistics:dummy_aspect, item.thaumicenergistics.dummy_aspect.name
thaumicenergistics:infusion_provider, 注魔供应器
thaumicenergistics:arcane_assembler, 奥术装配室
thaumicenergistics:essentia_interface, 源质接口
immersiveengineering:ore:0, 铜矿石
immersiveengineering:ore:1, 铝土矿石
immersiveengineering:ore:2, 铅矿石
immersiveengineering:ore:3, 银矿石
immersiveengineering:ore:4, 镍矿石
immersiveengineering:ore:5, 铀矿石
immersiveengineering:storage:0, 铜块
immersiveengineering:storage:1, 铝块
immersiveengineering:storage:2, 铅块
immersiveengineering:storage:3, 银块
immersiveengineering:storage:4, 镍块
immersiveengineering:storage:5, 铀块
immersiveengineering:storage:6, 康铜块
immersiveengineering:storage:7, 琥珀金块
immersiveengineering:storage:8, 钢块
immersiveengineering:storage_slab:0, 铜台阶
immersiveengineering:storage_slab:1, 铝台阶
immersiveengineering:storage_slab:2, 铅台阶
immersiveengineering:storage_slab:3, 银台阶
immersiveengineering:storage_slab:4, 镍台阶
immersiveengineering:storage_slab:5, 铀台阶
immersiveengineering:storage_slab:6, 康铜台阶
immersiveengineering:storage_slab:7, 琥珀金台阶
immersiveengineering:storage_slab:8, 钢台阶
immersiveengineering:stone_decoration:0, 焦炉砖
immersiveengineering:stone_decoration:1, 高炉砖
immersiveengineering:stone_decoration:2, 强化高炉砖
immersiveengineering:stone_decoration:3, 焦煤块
immersiveengineering:stone_decoration:4, 麻凝土
immersiveengineering:stone_decoration:5, 混凝土
immersiveengineering:stone_decoration:6, 混凝土砖
immersiveengineering:stone_decoration:7, 镀铅混凝土
immersiveengineering:stone_decoration:8, 绝缘玻璃
immersiveengineering:stone_decoration:10, 窑砖
immersiveengineering:stone_decoration_slab:0, 焦炉砖台阶
immersiveengineering:stone_decoration_slab:1, 高炉砖台阶
immersiveengineering:stone_decoration_slab:2, 强化高炉砖台阶
immersiveengineering:stone_decoration_slab:4, 麻凝土台阶
immersiveengineering:stone_decoration_slab:5, 混凝土台阶
immersiveengineering:stone_decoration_slab:6, 混凝土砖台阶
immersiveengineering:stone_decoration_slab:7, 镀铅混凝土台阶
immersiveengineering:stone_decoration_slab:10, 窑砖台阶
immersiveengineering:stone_decoration_stairs_hempcrete, 麻凝土楼梯
immersiveengineering:stone_decoration_stairs_concrete, 混凝土楼梯
immersiveengineering:stone_decoration_stairs_concrete_tile, 混凝土砖楼梯
immersiveengineering:stone_decoration_stairs_concrete_leaded, 镀铅混凝土楼梯
immersiveengineering:stone_device:3, 混凝土薄板
immersiveengineering:stone_device:4, 混凝土板
immersiveengineering:stone_device:5, 混凝土块
immersiveengineering:treated_wood:0, 防腐木板
immersiveengineering:treated_wood:1, 防腐木板
immersiveengineering:treated_wood:2, 防腐木板
immersiveengineering:treated_wood_slab:0, 防腐木台阶
immersiveengineering:treated_wood_slab:1, 防腐木台阶
immersiveengineering:treated_wood_slab:2, 防腐木台阶
immersiveengineering:treated_wood_stairs0, 防腐木楼梯
immersiveengineering:treated_wood_stairs1, 防腐木楼梯
immersiveengineering:treated_wood_stairs2, 防腐木楼梯
immersiveengineering:wooden_decoration:0, 防腐木栅栏
immersiveengineering:wooden_decoration:1, 防腐木脚手架
immersiveengineering:wooden_device0:0, 木质储存箱
immersiveengineering:wooden_device0:1, 木桶
immersiveengineering:wooden_device0:2, 工程师装配台
immersiveengineering:wooden_device0:3, 物品路由器
immersiveengineering:wooden_device0:4, 火药桶
immersiveengineering:wooden_device0:5, 强化储存箱
immersiveengineering:wooden_device0:6, 旋转台
immersiveengineering:wooden_device0:7, 流体路由器
immersiveengineering:wooden_device1:0, 水车
immersiveengineering:wooden_device1:1, 风车
immersiveengineering:wooden_device1:3, 木杆
immersiveengineering:wooden_device1:4, 木质壁挂支架
immersiveengineering:hemp, 工业大麻
immersiveengineering:cloth_device:0, 气垫
immersiveengineering:cloth_device:1, 气球
immersiveengineering:cloth_device:2, 带状帘
immersiveengineering:fake_light, tile.immersiveengineering.fake_light.name
immersiveengineering:sheetmetal:0, 铜板方块
immersiveengineering:sheetmetal:1, 铝板方块
immersiveengineering:sheetmetal:2, 铅板方块
immersiveengineering:sheetmetal:3, 银板方块
immersiveengineering:sheetmetal:4, 镍板方块
immersiveengineering:sheetmetal:5, 铀板方块
immersiveengineering:sheetmetal:6, 康铜板方块
immersiveengineering:sheetmetal:7, 琥珀金板方块
immersiveengineering:sheetmetal:8, 钢板方块
immersiveengineering:sheetmetal:9, 铁板方块
immersiveengineering:sheetmetal:10, 金板方块
immersiveengineering:sheetmetal_slab:0, 铜板台阶
immersiveengineering:sheetmetal_slab:1, 铝板台阶
immersiveengineering:sheetmetal_slab:2, 铅板台阶
immersiveengineering:sheetmetal_slab:3, 银板台阶
immersiveengineering:sheetmetal_slab:4, 镍板台阶
immersiveengineering:sheetmetal_slab:5, 铀板台阶
immersiveengineering:sheetmetal_slab:6, 康铜板台阶
immersiveengineering:sheetmetal_slab:7, 琥珀金板台阶
immersiveengineering:sheetmetal_slab:8, 钢板台阶
immersiveengineering:sheetmetal_slab:9, 铁板台阶
immersiveengineering:sheetmetal_slab:10, 金板台阶
immersiveengineering:metal_decoration0:0, 铜线圈
immersiveengineering:metal_decoration0:1, 琥珀金线圈
immersiveengineering:metal_decoration0:2, 高压线圈
immersiveengineering:metal_decoration0:3, 红石工程块
immersiveengineering:metal_decoration0:4, 轻型工程块
immersiveengineering:metal_decoration0:5, 重型工程块
immersiveengineering:metal_decoration0:6, 发电机模块
immersiveengineering:metal_decoration0:7, 散热器模块
immersiveengineering:metal_decoration1:0, 钢栅栏
immersiveengineering:metal_decoration1:1, 钢脚手架
immersiveengineering:metal_decoration1:2, 钢脚手架
immersiveengineering:metal_decoration1:3, 钢脚手架
immersiveengineering:metal_decoration1:4, 铝栅栏
immersiveengineering:metal_decoration1:5, 铝脚手架
immersiveengineering:metal_decoration1:6, 铝脚手架
immersiveengineering:metal_decoration1:7, 铝脚手架
immersiveengineering:metal_decoration2:0, 钢杆
immersiveengineering:metal_decoration2:1, 钢壁挂支架
immersiveengineering:metal_decoration2:2, 铝杆
immersiveengineering:metal_decoration2:3, 铝壁挂支架
immersiveengineering:metal_decoration2:4, 灯
immersiveengineering:metal_decoration2:5, 刀片刺网
immersiveengineering:metal_decoration2:7, 钢结构臂
immersiveengineering:metal_decoration2:8, 铝结构臂
immersiveengineering:metal_decoration1_slab:1, 钢脚手架台阶
immersiveengineering:metal_decoration1_slab:2, 钢脚手架台阶
immersiveengineering:metal_decoration1_slab:3, 钢脚手架台阶
immersiveengineering:metal_decoration1_slab:5, 铝脚手架台阶
immersiveengineering:metal_decoration1_slab:6, 铝脚手架台阶
immersiveengineering:metal_decoration1_slab:7, 铝脚手架台阶
immersiveengineering:steel_scaffolding_stairs0, 钢脚手架楼梯
immersiveengineering:steel_scaffolding_stairs1, 钢脚手架楼梯
immersiveengineering:steel_scaffolding_stairs2, 钢脚手架楼梯
immersiveengineering:aluminum_scaffolding_stairs0, 铝脚手架楼梯
immersiveengineering:aluminum_scaffolding_stairs1, 铝脚手架楼梯
immersiveengineering:aluminum_scaffolding_stairs2, 铝脚手架楼梯
immersiveengineering:metal_ladder:0, 金属梯子
immersiveengineering:metal_ladder:1, 安全梯
immersiveengineering:metal_ladder:2, 安全梯
immersiveengineering:connector:0, 低压接线器
immersiveengineering:connector:1, 低压继电器
immersiveengineering:connector:2, 中压接线器
immersiveengineering:connector:3, 中压继电器
immersiveengineering:connector:4, 高压接线器
immersiveengineering:connector:5, 高压继电器
immersiveengineering:connector:6, 结构性接线器
immersiveengineering:connector:7, 变压器
immersiveengineering:connector:8, 高压变压器
immersiveengineering:connector:9, 断路刀闸
immersiveengineering:connector:10, 红石控制断路刀闸
immersiveengineering:connector:11, 电流互感器
immersiveengineering:connector:12, 红石接线器
immersiveengineering:connector:13, 红石探测接线器
immersiveengineering:metaldevice0dummy:0, tile.immersiveengineering.metaldevice0dummy.capacitor_lv.name
immersiveengineering:metaldevice0dummy:1, tile.immersiveengineering.metaldevice0dummy.capacitor_mv.name
immersiveengineering:metaldevice0dummy:2, tile.immersiveengineering.metaldevice0dummy.capacitor_hv.name
immersiveengineering:metaldevice0dummy:3, tile.immersiveengineering.metaldevice0dummy.capacitor_creative.name
immersiveengineering:metaldevice0dummy:4, tile.immersiveengineering.metaldevice0dummy.barrel.name
immersiveengineering:metaldevice0dummy:5, tile.immersiveengineering.metaldevice0dummy.fluid_pump.name
immersiveengineering:metaldevice0dummy:6, tile.immersiveengineering.metaldevice0dummy.fluid_placer.name
immersiveengineering:metaldevice1dummy:0, tile.immersiveengineering.metaldevice1dummy.blast_furnace_preheater.name
immersiveengineering:metaldevice1dummy:1, tile.immersiveengineering.metaldevice1dummy.furnace_heater.name
immersiveengineering:metaldevice1dummy:2, tile.immersiveengineering.metaldevice1dummy.dynamo.name
immersiveengineering:metaldevice1dummy:3, tile.immersiveengineering.metaldevice1dummy.thermoelectric_gen.name
immersiveengineering:metaldevice1dummy:4, tile.immersiveengineering.metaldevice1dummy.electric_lantern.name
immersiveengineering:metaldevice1dummy:5, tile.immersiveengineering.metaldevice1dummy.charging_station.name
immersiveengineering:metaldevice1dummy:6, tile.immersiveengineering.metaldevice1dummy.fluid_pipe.name
immersiveengineering:metaldevice1dummy:7, tile.immersiveengineering.metaldevice1dummy.sample_drill.name
immersiveengineering:metaldevice1dummy:8, tile.immersiveengineering.metaldevice1dummy.tesla_coil.name
immersiveengineering:metaldevice1dummy:9, tile.immersiveengineering.metaldevice1dummy.floodlight.name
immersiveengineering:metaldevice1dummy:10, tile.immersiveengineering.metaldevice1dummy.turret_chem.name
immersiveengineering:metaldevice1dummy:11, tile.immersiveengineering.metaldevice1dummy.turret_gun.name
immersiveengineering:metaldevice1dummy:13, tile.immersiveengineering.metaldevice1dummy.belljar.name
immersiveengineering:conveyor, tile.immersiveengineering.conveyor.name
immersiveengineering:material:0, 防腐木棍
immersiveengineering:material:1, 铁棒
immersiveengineering:material:2, 钢棒
immersiveengineering:material:3, 铝棒
immersiveengineering:material:4, 工业大麻纤维
immersiveengineering:material:5, 坚韧布料
immersiveengineering:material:6, 焦煤
immersiveengineering:material:7, 矿渣
immersiveengineering:material:8, 铁质机械零件
immersiveengineering:material:9, 钢质机械零件
immersiveengineering:material:10, 水车部件
immersiveengineering:material:11, 风车叶片
immersiveengineering:material:12, 改良风车叶片
immersiveengineering:material:13, 木握柄
immersiveengineering:material:14, 钢制枪管
immersiveengineering:material:15, 转轮手枪弹巢
immersiveengineering:material:16, 转轮手枪击锤
immersiveengineering:material:17, 焦煤粉
immersiveengineering:material:18, 高定向热解石墨粉
immersiveengineering:material:19, 高定向热解石墨锭
immersiveengineering:material:20, 铜线
immersiveengineering:material:21, 琥珀金线
immersiveengineering:material:22, 铝线
immersiveengineering:material:23, 钢线
immersiveengineering:material:24, 硝酸盐粉
immersiveengineering:material:25, 硫磺粉
immersiveengineering:material:26, 真空管
immersiveengineering:material:27, 电路板
immersiveengineering:metal:0, 铜锭
immersiveengineering:metal:1, 铝锭
immersiveengineering:metal:2, 铅锭
immersiveengineering:metal:3, 银锭
immersiveengineering:metal:4, 镍锭
immersiveengineering:metal:5, 铀锭
immersiveengineering:metal:6, 康铜锭
immersiveengineering:metal:7, 琥珀金锭
immersiveengineering:metal:8, 钢锭
immersiveengineering:metal:9, 铜粉
immersiveengineering:metal:10, 铝粉
immersiveengineering:metal:11, 铅粉
immersiveengineering:metal:12, 银粉
immersiveengineering:metal:13, 镍粉
immersiveengineering:metal:14, 铀粉
immersiveengineering:metal:15, 康铜粉
immersiveengineering:metal:16, 琥珀金粉
immersiveengineering:metal:17, 钢粉
immersiveengineering:metal:18, 铁粉
immersiveengineering:metal:19, 金粉
immersiveengineering:metal:20, 铜粒
immersiveengineering:metal:21, 铝粒
immersiveengineering:metal:22, 铅粒
immersiveengineering:metal:23, 银粒
immersiveengineering:metal:24, 镍粒
immersiveengineering:metal:25, 铀粒
immersiveengineering:metal:26, 康铜粒
immersiveengineering:metal:27, 琥珀金粒
immersiveengineering:metal:28, 钢粒
immersiveengineering:metal:29, 铁粒
immersiveengineering:metal:30, 铜板
immersiveengineering:metal:31, 铝板
immersiveengineering:metal:32, 铅板
immersiveengineering:metal:33, 银板
immersiveengineering:metal:34, 镍板
immersiveengineering:metal:35, 铀板
immersiveengineering:metal:36, 康铜板
immersiveengineering:metal:37, 琥珀金板
immersiveengineering:metal:38, 钢板
immersiveengineering:metal:39, 铁板
immersiveengineering:metal:40, 金板
immersiveengineering:tool:0, 工程师锤
immersiveengineering:tool:1, 工程师剪线钳
immersiveengineering:tool:2, 工程师电表
immersiveengineering:tool:3, 工程师手册
immersiveengineering:pickaxe_steel, 钢镐
immersiveengineering:shovel_steel, 钢锹
immersiveengineering:axe_steel, 钢斧
immersiveengineering:hoe_steel, Steel Hoe
immersiveengineering:sword_steel, 钢剑
immersiveengineering:toolbox, 工程师工具箱
immersiveengineering:wirecoil:0, 低压线圈
immersiveengineering:wirecoil:1, 中压线圈
immersiveengineering:wirecoil:2, 高压线圈
immersiveengineering:wirecoil:3, 麻绳线圈
immersiveengineering:wirecoil:4, 钢线圈
immersiveengineering:wirecoil:5, 红石线圈
immersiveengineering:wirecoil:6, 绝缘低压线圈
immersiveengineering:wirecoil:7, 绝缘中压线圈
immersiveengineering:seed:0, 工业大麻种子
immersiveengineering:drill:0, 采矿机械钻
immersiveengineering:drillhead:0, 钢质钻头
immersiveengineering:drillhead:1, 铁质钻头
immersiveengineering:jerrycan, 油罐
immersiveengineering:mold:0, 金属冲压模具：板材
immersiveengineering:mold:1, 金属冲压模具：齿轮
immersiveengineering:mold:2, 金属冲压模具：金属棒
immersiveengineering:mold:3, 金属冲压模具：弹壳
immersiveengineering:mold:4, 金属冲压模具：线缆
immersiveengineering:mold:5, 金属冲压模具：2x2压缩包
immersiveengineering:mold:6, 金属冲压模具：3x3压缩包
immersiveengineering:mold:7, 金属冲压模具：解压包
immersiveengineering:blueprint, 工程师蓝图
immersiveengineering:revolver, 左轮手枪
immersiveengineering:speedloader, 左轮快速装弹器
immersiveengineering:bullet:0, 小型空弹壳
immersiveengineering:bullet:1, 大型空弹壳
immersiveengineering:bullet:2, 卡苏尔弹
immersiveengineering:bullet:2, 穿甲弹
immersiveengineering:bullet:2, 鹿弹
immersiveengineering:bullet:2, 高爆弹
immersiveengineering:bullet:2, 银弹
immersiveengineering:bullet:2, 龙息弹
immersiveengineering:bullet:2, 药剂弹头
immersiveengineering:bullet:2, 信号弹
immersiveengineering:bullet:2, 叶绿弹
immersiveengineering:bullet:2, 结晶意志弹
immersiveengineering:bullet:2, 狼群弹
immersiveengineering:chemthrower, 化学喷射器
immersiveengineering:skyhook, 工程师天钩
immersiveengineering:toolupgrade:0, 压缩空气罐
immersiveengineering:toolupgrade:1, 高级润滑系统
immersiveengineering:toolupgrade:2, 附加螺旋钻
immersiveengineering:toolupgrade:3, 大型燃料缸
immersiveengineering:toolupgrade:4, 刺刀
immersiveengineering:toolupgrade:5, 扩充弹夹
immersiveengineering:toolupgrade:6, 加强电子管
immersiveengineering:toolupgrade:7, 聚焦喷嘴
immersiveengineering:toolupgrade:8, 瞄准镜
immersiveengineering:toolupgrade:9, 附加电容
immersiveengineering:toolupgrade:10, 闪光灯
immersiveengineering:toolupgrade:11, 震击发生器
immersiveengineering:toolupgrade:12, 磁力手套
immersiveengineering:toolupgrade:13, 化学液体罐
immersiveengineering:shader, 皮肤
immersiveengineering:shader_bag, 皮肤奖励袋
immersiveengineering:earmuffs, 隔音耳罩
immersiveengineering:coresample, 岩芯样本
immersiveengineering:graphite_electrode, 石墨电极
immersiveengineering:faraday_suit_feet, 法拉第靴子
immersiveengineering:faraday_suit_legs, 法拉第护腿
immersiveengineering:faraday_suit_chest, 法拉第胸甲
immersiveengineering:faraday_suit_head, 法拉第头盔
immersiveengineering:fluorescent_tube, 荧光管
immersiveengineering:powerpack, 电容背包
immersiveengineering:shield, 重型盾牌
immersiveengineering:maintenance_kit, 维护工具包
immersiveengineering:steel_armor_feet, 钢靴子
immersiveengineering:steel_armor_legs, 钢护腿
immersiveengineering:steel_armor_chest, 钢胸甲
immersiveengineering:steel_armor_head, 钢头盔
immersiveengineering:metal_device0:0, 低压电容器
immersiveengineering:metal_device0:1, 中压电容器
immersiveengineering:metal_device0:2, 高压电容器
immersiveengineering:metal_device0:3, 创造电容器
immersiveengineering:metal_device0:4, 金属桶
immersiveengineering:metal_device0:5, 液泵
immersiveengineering:metal_device0:6, 液阀
immersiveengineering:metal_device1:0, 高炉预热器
immersiveengineering:metal_device1:1, 外置加热器
immersiveengineering:metal_device1:2, 动能发电机
immersiveengineering:metal_device1:3, 热传导发电机
immersiveengineering:metal_device1:4, 电灯
immersiveengineering:metal_device1:5, 充电站
immersiveengineering:metal_device1:6, 输液管
immersiveengineering:metal_device1:7, 岩芯钻井
immersiveengineering:metal_device1:8, 特斯拉线圈
immersiveengineering:metal_device1:9, 泛光灯
immersiveengineering:metal_device1:10, 化学喷射炮塔
immersiveengineering:metal_device1:11, 机枪炮塔
immersiveengineering:metal_device1:13, 园艺玻璃罩
immersiveengineering:railgun, 磁轨炮
akashictome:tome, item.tome.name
psi:material:0, Psi粉
psi:material:1, Psi金属锭
psi:material:2, Psi宝石
psi:material:3, 乌黑色Psi金属锭
psi:material:4, 乳白色Psi金属锭
psi:material:5, 乌黑色物质
psi:material:6, 乳白色物质
psi:cad_assembly:0, 铁质CAD机体
psi:cad_assembly:1, 金质CAD机体
psi:cad_assembly:2, Psi金属CAD机体
psi:cad_assembly:3, 乌黑色Psi金属CAD机体
psi:cad_assembly:4, 乳白色Psi金属CAD机体
psi:cad_assembly:5, 创造版CAD机体
psi:cad_core:0, 基础CAD核心
psi:cad_core:1, 超频CAD核心
psi:cad_core:2, 传导CAD核心
psi:cad_core:3, 极频CAD核心
psi:cad_core:4, 辐射CAD核心
psi:cad_socket:0, 基础CAD弹夹
psi:cad_socket:1, 信号CAD弹夹
psi:cad_socket:2, 大型CAD弹夹
psi:cad_socket:3, 透射CAD弹夹
psi:cad_socket:4, 巨型CAD弹夹
psi:cad_battery:0, 基础CAD电池
psi:cad_battery:1, 扩容CAD电池
psi:cad_battery:2, 超密CAD电池
psi:cad_colorizer_:0, 白色CAD着色器
psi:cad_colorizer_:1, 橙色CAD着色器
psi:cad_colorizer_:2, 品红色CAD着色器
psi:cad_colorizer_:3, 淡蓝色CAD着色器
psi:cad_colorizer_:4, 黄色CAD着色器
psi:cad_colorizer_:5, 黄绿色CAD着色器
psi:cad_colorizer_:6, 粉红色CAD着色器
psi:cad_colorizer_:7, 灰色CAD着色器
psi:cad_colorizer_:8, 淡灰色CAD着色器
psi:cad_colorizer_:9, 青色CAD着色器
psi:cad_colorizer_:10, 紫色CAD着色器
psi:cad_colorizer_:11, 蓝色CAD着色器
psi:cad_colorizer_:12, 棕色CAD着色器
psi:cad_colorizer_:13, 绿色CAD着色器
psi:cad_colorizer_:14, 红色CAD着色器
psi:cad_colorizer_:15, 黑色CAD着色器
psi:cad_colorizer_:16, 全色CAD着色器
psi:cad_colorizer_:17, Psi CAD着色器
psi:spell_bullet:0, 术式子弹
psi:spell_bullet:2, 投射型术式子弹
psi:spell_bullet:4, 循环型术式子弹
psi:spell_bullet:6, 圈阵型术式子弹
psi:spell_bullet:8, 榴弹型术式子弹
psi:spell_bullet:10, 遥控型术式子弹
psi:spell_bullet:12, 地雷型术式子弹
psi:spell_drive, item.spell_drive.name
psi:detonator, item.detonator.name
psi:exosuit_controller, item.exosuit_controller.name
psi:exosuit_sensor:0, 光传感器
psi:exosuit_sensor:1, 水传感器
psi:exosuit_sensor:2, 热传感器
psi:exosuit_sensor:3, 压力传感器
psi:vector_ruler, item.vector_ruler.name
psi:cad, item.cad.name
psi:psimetal_shovel, item.psimetal_shovel.name
psi:psimetal_pickaxe, item.psimetal_pickaxe.name
psi:psimetal_axe, item.psimetal_axe.name
psi:psimetal_sword, item.psimetal_sword.name
psi:psimetal_exosuit_helmet, item.psimetal_exosuit_helmet.name
psi:psimetal_exosuit_chestplate, item.psimetal_exosuit_chestplate.name
psi:psimetal_exosuit_leggings, item.psimetal_exosuit_leggings.name
psi:psimetal_exosuit_boots, item.psimetal_exosuit_boots.name
psi:cad_assembler, tile.cad_assembler.name
psi:programmer, 编程器
psi:psi_decorative:0, Psi粉块
psi:psi_decorative:1, Psi金属块
psi:psi_decorative:2, Psi宝石块
psi:psi_decorative:3, 深色Psi金属板
psi:psi_decorative:4, 深色Psi金属流光板
psi:psi_decorative:5, 亮色Psi金属板
psi:psi_decorative:6, 亮色Psi金属流光板
psi:psi_decorative:7, 乌黑色Psi金属块
psi:psi_decorative:8, 乳白色Psi金属块
enderio:item_enderface, 末影接口
enderio:item_conduit_facade:0, 导管框架
enderio:item_conduit_facade:1, 硬化导管框架
enderio:item_conduit_facade:2, 透明导管框架
enderio:item_conduit_facade:3, 透明硬化导管框架
enderio:item_basic_capacitor:0, 基础电容
enderio:item_basic_capacitor:1, 双层电容
enderio:item_basic_capacitor:2, 八位电容
enderio:block_alloy:0, 磁钢块
enderio:block_alloy:1, 充能合金块
enderio:block_alloy:2, 脉冲合金块
enderio:block_alloy:3, 红石合金块
enderio:block_alloy:4, 导电铁块
enderio:block_alloy:5, 充能铁块
enderio:block_alloy:6, 玄钢块
enderio:block_alloy:7, 魂金块
enderio:block_alloy:8, 末影钢块
enderio:block_alloy:9, 铁合金块
enderio:item_alloy_ingot:0, 磁钢锭
enderio:item_alloy_ingot:1, 充能合金锭
enderio:item_alloy_ingot:2, 脉冲合金锭
enderio:item_alloy_ingot:3, 红石合金锭
enderio:item_alloy_ingot:4, 导电铁锭
enderio:item_alloy_ingot:5, 充能铁锭
enderio:item_alloy_ingot:6, 玄钢锭
enderio:item_alloy_ingot:7, 魂金锭
enderio:item_alloy_ingot:8, 末影钢锭
enderio:item_alloy_ingot:9, 铁合金锭
enderio:item_alloy_nugget:0, 磁钢粒
enderio:item_alloy_nugget:1, 充能合金粒
enderio:item_alloy_nugget:2, 脉冲合金粒
enderio:item_alloy_nugget:3, 红石合金粒
enderio:item_alloy_nugget:4, 导电铁粒
enderio:item_alloy_nugget:5, 充能铁粒
enderio:item_alloy_nugget:6, 玄钢粒
enderio:item_alloy_nugget:7, 魂金粒
enderio:item_alloy_nugget:8, 末影钢粒
enderio:item_alloy_nugget:9, 铁合金粒
enderio:item_alloy_ball:0, 磁钢磨珠
enderio:item_alloy_ball:1, 充能合金磨珠
enderio:item_alloy_ball:2, 脉冲合金磨珠
enderio:item_alloy_ball:3, 红石合金磨珠
enderio:item_alloy_ball:4, 导电铁磨珠
enderio:item_alloy_ball:5, 充能铁磨珠
enderio:item_alloy_ball:6, 玄钢磨珠
enderio:item_alloy_ball:7, 魂金磨珠
enderio:item_alloy_ball:8, 末影钢磨珠
enderio:item_alloy_ball:9, 铁合金磨珠
enderio:item_material:0, 简易机器框架
enderio:item_material:1, 工业机器框架
enderio:item_material:2, 机器零件
enderio:item_material:3, 光伏板
enderio:item_material:4, 导管粘合剂
enderio:item_material:5, 硅
enderio:item_material:6, 滑翔机翼
enderio:item_material:7, 滑翔机
enderio:item_material:8, 营养精华棒
enderio:item_material:9, 木齿轮
enderio:item_material:10, 石齿轮
enderio:item_material:11, 铁齿轮
enderio:item_material:12, 充能合金齿轮
enderio:item_material:13, 脉冲合金齿轮
enderio:item_material:14, 充能水晶
enderio:item_material:15, 脉冲水晶
enderio:item_material:16, 末影水晶
enderio:item_material:17, 诱引水晶
enderio:item_material:18, 天气水晶
enderio:item_material:19, 预知水晶
enderio:item_material:20, 基岩粉
enderio:item_material:21, 面粉
enderio:item_material:22, 导管粘合胚料
enderio:item_material:23, 煤粉
enderio:item_material:24, 铁粉
enderio:item_material:25, 金粉
enderio:item_material:26, 铜粉
enderio:item_material:27, 锡粉
enderio:item_material:28, 末影珍珠粉
enderio:item_material:29, 黑曜石粉
enderio:item_material:31, 钴粉
enderio:item_material:32, 青金石粉
enderio:item_material:33, 石英粉
enderio:item_material:34, 预知水晶粉
enderio:item_material:35, 脉冲水晶粉
enderio:item_material:36, 充能水晶粉
enderio:item_material:37, 末影水晶粉
enderio:item_material:38, 光伏粉
enderio:item_material:40, 僵尸电极
enderio:item_material:41, Z-逻辑控制器
enderio:item_material:42, 人造僵尸
enderio:item_material:43, 末影谐振器
enderio:item_material:44, 意识末影谐振器
enderio:item_material:45, 骷髅契约板
enderio:item_material:46, 植物碎叶
enderio:item_material:47, 松散枯草
enderio:item_material:48, 有机绿色染料
enderio:item_material:49, 有机棕色染料
enderio:item_material:50, 有机黑色染料
enderio:item_material:51, 工业涂料
enderio:item_material:52, 灵魂协调涂料
enderio:item_material:53, 灵魂机器框架
enderio:item_material:54, 强化机器框架
enderio:item_material:55, 离魂机器框架
enderio:item_material:56, 守卫者电子二极管
enderio:item_material:57, 信素磨珠
enderio:item_material:58, 末影磨珠
enderio:item_material:59, 流明磨珠
enderio:item_material:60, 红石过滤器基板
enderio:item_material:61, 混乱粉
enderio:item_material:62, 末影碎片
enderio:item_material:63, 凋零尘
enderio:item_material:64, 远程接入升级
enderio:item_material:65, 无线能量传输蝶形集成元件
enderio:item_material:66, 末影钢机器框架
enderio:item_material:67, 强化涂料
enderio:item_material:68, 强化机器零件
enderio:item_material:69, 简易机器零件
enderio:item_material:70, 蛋糕底座
enderio:item_material:71, 无尽之杆
enderio:item_material:72, 釉制地狱砖
enderio:item_material:73, 玄钢齿轮
enderio:item_material:74, 魂金粉
enderio:item_material:75, 无尽试剂
enderio:item_material:76, 粘土荧石粉
enderio:item_material:77, 黑纸
enderio:item_material:78, 动物标记徽章
enderio:item_material:79, 怪物标记徽章
enderio:item_material:80, 玩家标记徽章
enderio:item_material:81, 未烧制的死亡之瓮
enderio:item_broken_spawner:0, 破损的刷怪箱
enderio:block_infinity_fog:0, 基岩尘
enderio:block_infinity:0, 基岩粉块
enderio:block_infinity:1, 压缩基岩粉块
enderio:block_infinity:2, 二重压缩基岩粉块
enderio:block_holy_fog, 荧石纳米颗粒（旧）
enderio:block_holier_fog, 荧石纳米颗粒
enderio:block_dark_steel_anvil:0, 玄钢砧
enderio:block_dark_steel_anvil:1, 轻微损坏的玄钢砧
enderio:block_dark_steel_anvil:2, 严重损坏的玄钢砧
enderio:block_dark_paper_anvil:0, 黑纸砧
enderio:block_dark_paper_anvil:1, 轻微损坏的黑纸砧
enderio:block_dark_paper_anvil:2, 严重损坏的黑纸砧
enderio:block_dark_steel_ladder, 玄钢梯子
enderio:block_dark_iron_bars, 玄钢栏杆
enderio:block_dark_steel_trapdoor, 玄钢活板门
enderio:block_dark_steel_door, 玄钢门
enderio:block_reinforced_obsidian, 强化黑曜石
enderio:block_self_resetting_lever5, 自复原拉杆（5 秒）
enderio:block_self_resetting_lever10, 自复原拉杆（10 秒）
enderio:block_self_resetting_lever30, 自复原拉杆（30 秒）
enderio:block_self_resetting_lever60, 自复原拉杆（1 分钟）
enderio:block_self_resetting_lever300, 自复原拉杆（5 分钟）
enderio:block_self_resetting_lever5i, 反向自复原拉杆（5 秒）
enderio:block_self_resetting_lever10i, 反向自复原拉杆（10 秒）
enderio:block_self_resetting_lever30i, 反向自复原拉杆（30 秒）
enderio:block_self_resetting_lever60i, 反向自复原拉杆（1 分钟）
enderio:block_self_resetting_lever300i, 反向自复原拉杆（5 分钟）
enderio:block_decoration1:0, 机器框架（装饰方块）
enderio:block_decoration1:1, 空白机器（装饰方块）
enderio:block_decoration1:2, 机器顶面（装饰方块）
enderio:block_decoration1:3, 机器全侧面（装饰方块）
enderio:block_decoration1:4, 机器全背面（装饰方块）
enderio:block_decoration1:5, 机器侧面（装饰方块）
enderio:block_decoration1:6, 机器背面（装饰方块）
enderio:block_decoration1:7, 空白灵魂机器（装饰方块）
enderio:block_decoration1:8, 灵魂机器顶面（装饰方块）
enderio:block_decoration1:9, 灵魂机器侧面（装饰方块）
enderio:block_decoration1:10, 灵魂机器背面（装饰方块）
enderio:block_decoration1:11, 灵魂机器全侧面（装饰方块）
enderio:block_decoration1:12, 灵魂机器全背面（装饰方块）
enderio:block_decoration1:13, 红色机器（装饰方块）
enderio:block_decoration1:14, 破损的刷怪箱（装饰方块）
enderio:block_decoration1:15, 透明方块（装饰方块）
enderio:block_decoration2:0, 合金炉（装饰方块）
enderio:block_decoration2:1, 物品缓存器（装饰方块）
enderio:block_decoration2:2, 能量缓存器（装饰方块）
enderio:block_decoration2:3, 多功能缓存器（装饰方块）
enderio:block_decoration2:4, 创造模式缓存器（装饰方块）
enderio:block_decoration2:5, 合成器（装饰方块）
enderio:block_decoration2:6, 喷涂机（装饰方块）
enderio:block_decoration2:7, 能量监控器（装饰方块）
enderio:block_decoration2:8, SAG 磨粉机（装饰方块）
enderio:block_decoration2:9, 头颅装配机（装饰方块）
enderio:block_decoration2:10, 斯特林发电机（装饰方块）
enderio:block_decoration2:11, 流体储罐（装饰方块）
enderio:block_decoration2:12, 高压流体储罐（装饰方块）
enderio:block_decoration2:13, 旅行锚（装饰方块）
enderio:block_decoration2:14, 虚空箱子（装饰方块）
enderio:block_decoration2:15, 无线充能器（装饰方块）
enderio:block_decoration3:0, 虚空经验箱（装饰方块）
enderio:block_decoration3:1, 简易合金炉（装饰方块）
enderio:block_decoration3:2, 简易斯特林发电机（装饰方块）
enderio:block_decoration3:3, 有线充能器（装饰方块）
enderio:block_decoration3:4, 简易 SAG 磨粉机（装饰方块）
enderio:block_industrial_insulation, 工业隔离方块
enderio:block_end_iron_bars, 末影钢栏杆
enderio:block_confusion_charge, 混乱炸药
enderio:block_concussion_charge, 震荡炸药
enderio:block_ender_charge, 末影炸药
enderio:block_painted_slab, 喷涂台阶
enderio:block_painted_stone_slab, 喷涂石台阶
enderio:block_painted_pressure_plate:1, 木质压力板（无声）
enderio:block_painted_pressure_plate:3, 石质压力板（无声）
enderio:block_painted_pressure_plate:5, 测重压力板（重质）（无声）
enderio:block_painted_pressure_plate:7, 测重压力板（轻质）（无声）
enderio:block_painted_pressure_plate:8, 玄钢压力板
enderio:block_painted_pressure_plate:9, 玄钢压力板（无声）
enderio:block_painted_pressure_plate:10, 魂金压力板
enderio:block_painted_pressure_plate:11, 魂金压力板（无声）
enderio:block_painted_pressure_plate:12, 魂金压力板（已配置）
enderio:block_painted_pressure_plate:13, 魂金压力板（已配置）（无声）
enderio:block_painted_wooden_door, 喷涂木门
enderio:block_painted_iron_door, 喷涂铁门
enderio:block_painted_dark_steel_door, 喷涂玄钢门
enderio:block_exit_rail, 卸货铁轨
enderio:item_conduit_probe:0, 导管探测器
enderio:item_yeta_wrench, 以太扳手
enderio:item_xp_transfer:0, 经验棒
enderio:item_cold_fire_igniter, 寒焰打火石
enderio:item_coord_selector, 坐标选择仪
enderio:item_location_printout, 坐标记录
enderio:item_travel_staff:0, 旅行权杖
enderio:item_travel_staff:0, 旅行权杖
enderio:item_rod_of_return:0, 折返权杖
enderio:item_rod_of_return:0, 折返权杖
enderio:item_magnet:0, 电磁铁
enderio:item_magnet:0, 电磁铁
enderio:block_enderman_skull:0, 末影人头颅
enderio:block_enderman_skull:2, 禁锢末影人头颅
enderio:item_ender_food:0, “末影麦片”
enderio:item_basic_item_filter:0, 基础物品过滤器
enderio:item_advanced_item_filter:0, 高级物品过滤器
enderio:item_limited_item_filter:0, 限制物品过滤器
enderio:item_big_item_filter:0, 大型物品过滤器
enderio:item_big_advanced_item_filter:0, 高级大型物品过滤器
enderio:item_existing_item_filter:0, 现有物品过滤器
enderio:item_mod_item_filter:0, 模组物品过滤器
enderio:item_power_item_filter:0, 充能物品过滤器
enderio:item_soul_filter_normal:0, 灵魂物品过滤器
enderio:item_soul_filter_big:0, 大型灵魂物品过滤器
enderio:item_enchantment_filter_normal:0, 附魔物品过滤器
enderio:item_enchantment_filter_big:0, 大型附魔物品过滤器
enderio:item_fluid_filter:0, 基础流体过滤器
enderio:item_redstone_not_filter:0, 非门红石过滤器
enderio:item_redstone_or_filter:0, 或门红石过滤器
enderio:item_redstone_and_filter:0, 与门红石过滤器
enderio:item_redstone_nor_filter:0, 或非门红石过滤器
enderio:item_redstone_nand_filter:0, 与非门红石过滤器
enderio:item_redstone_xor_filter:0, 异或门红石过滤器
enderio:item_redstone_xnor_filter:0, 同或门红石过滤器
enderio:item_redstone_toggle_filter:0, 锁存红石过滤器
enderio:item_redstone_counting_filter:0, 计次红石过滤器
enderio:item_redstone_sensor_filter:0, 感应红石过滤器
enderio:item_redstone_timer_filter:0, 计时红石过滤器
enderio:block_fused_quartz:0, 石英玻璃
enderio:block_fused_quartz:1, 石英玻璃
enderio:block_fused_quartz:2, 石英玻璃
enderio:block_fused_quartz:3, 石英玻璃
enderio:block_fused_quartz:4, 石英玻璃
enderio:block_fused_quartz:5, 石英玻璃
enderio:block_fused_quartz:6, 石英玻璃
enderio:block_fused_quartz:7, 石英玻璃
enderio:block_fused_quartz:8, 石英玻璃
enderio:block_fused_quartz:9, 石英玻璃
enderio:block_fused_quartz:10, 石英玻璃
enderio:block_fused_quartz:11, 石英玻璃
enderio:block_fused_quartz:12, 石英玻璃
enderio:block_fused_quartz:13, 石英玻璃
enderio:block_fused_quartz:14, 石英玻璃
enderio:block_fused_quartz:15, 石英玻璃
enderio:block_fused_glass:0, 纯净玻璃
enderio:block_fused_glass:1, 纯净玻璃
enderio:block_fused_glass:2, 纯净玻璃
enderio:block_fused_glass:3, 纯净玻璃
enderio:block_fused_glass:4, 纯净玻璃
enderio:block_fused_glass:5, 纯净玻璃
enderio:block_fused_glass:6, 纯净玻璃
enderio:block_fused_glass:7, 纯净玻璃
enderio:block_fused_glass:8, 纯净玻璃
enderio:block_fused_glass:9, 纯净玻璃
enderio:block_fused_glass:10, 纯净玻璃
enderio:block_fused_glass:11, 纯净玻璃
enderio:block_fused_glass:12, 纯净玻璃
enderio:block_fused_glass:13, 纯净玻璃
enderio:block_fused_glass:14, 纯净玻璃
enderio:block_fused_glass:15, 纯净玻璃
enderio:block_enlightened_fused_quartz:0, 荧光石英玻璃
enderio:block_enlightened_fused_quartz:1, 荧光石英玻璃
enderio:block_enlightened_fused_quartz:2, 荧光石英玻璃
enderio:block_enlightened_fused_quartz:3, 荧光石英玻璃
enderio:block_enlightened_fused_quartz:4, 荧光石英玻璃
enderio:block_enlightened_fused_quartz:5, 荧光石英玻璃
enderio:block_enlightened_fused_quartz:6, 荧光石英玻璃
enderio:block_enlightened_fused_quartz:7, 荧光石英玻璃
enderio:block_enlightened_fused_quartz:8, 荧光石英玻璃
enderio:block_enlightened_fused_quartz:9, 荧光石英玻璃
enderio:block_enlightened_fused_quartz:10, 荧光石英玻璃
enderio:block_enlightened_fused_quartz:11, 荧光石英玻璃
enderio:block_enlightened_fused_quartz:12, 荧光石英玻璃
enderio:block_enlightened_fused_quartz:13, 荧光石英玻璃
enderio:block_enlightened_fused_quartz:14, 荧光石英玻璃
enderio:block_enlightened_fused_quartz:15, 荧光石英玻璃
enderio:block_enlightened_fused_glass:0, 荧光纯净玻璃
enderio:block_enlightened_fused_glass:1, 荧光纯净玻璃
enderio:block_enlightened_fused_glass:2, 荧光纯净玻璃
enderio:block_enlightened_fused_glass:3, 荧光纯净玻璃
enderio:block_enlightened_fused_glass:4, 荧光纯净玻璃
enderio:block_enlightened_fused_glass:5, 荧光纯净玻璃
enderio:block_enlightened_fused_glass:6, 荧光纯净玻璃
enderio:block_enlightened_fused_glass:7, 荧光纯净玻璃
enderio:block_enlightened_fused_glass:8, 荧光纯净玻璃
enderio:block_enlightened_fused_glass:9, 荧光纯净玻璃
enderio:block_enlightened_fused_glass:10, 荧光纯净玻璃
enderio:block_enlightened_fused_glass:11, 荧光纯净玻璃
enderio:block_enlightened_fused_glass:12, 荧光纯净玻璃
enderio:block_enlightened_fused_glass:13, 荧光纯净玻璃
enderio:block_enlightened_fused_glass:14, 荧光纯净玻璃
enderio:block_enlightened_fused_glass:15, 荧光纯净玻璃
enderio:block_dark_fused_quartz:0, 黑暗石英玻璃
enderio:block_dark_fused_quartz:1, 黑暗石英玻璃
enderio:block_dark_fused_quartz:2, 黑暗石英玻璃
enderio:block_dark_fused_quartz:3, 黑暗石英玻璃
enderio:block_dark_fused_quartz:4, 黑暗石英玻璃
enderio:block_dark_fused_quartz:5, 黑暗石英玻璃
enderio:block_dark_fused_quartz:6, 黑暗石英玻璃
enderio:block_dark_fused_quartz:7, 黑暗石英玻璃
enderio:block_dark_fused_quartz:8, 黑暗石英玻璃
enderio:block_dark_fused_quartz:9, 黑暗石英玻璃
enderio:block_dark_fused_quartz:10, 黑暗石英玻璃
enderio:block_dark_fused_quartz:11, 黑暗石英玻璃
enderio:block_dark_fused_quartz:12, 黑暗石英玻璃
enderio:block_dark_fused_quartz:13, 黑暗石英玻璃
enderio:block_dark_fused_quartz:14, 黑暗石英玻璃
enderio:block_dark_fused_quartz:15, 黑暗石英玻璃
enderio:block_dark_fused_glass:0, 黑暗纯净玻璃
enderio:block_dark_fused_glass:1, 黑暗纯净玻璃
enderio:block_dark_fused_glass:2, 黑暗纯净玻璃
enderio:block_dark_fused_glass:3, 黑暗纯净玻璃
enderio:block_dark_fused_glass:4, 黑暗纯净玻璃
enderio:block_dark_fused_glass:5, 黑暗纯净玻璃
enderio:block_dark_fused_glass:6, 黑暗纯净玻璃
enderio:block_dark_fused_glass:7, 黑暗纯净玻璃
enderio:block_dark_fused_glass:8, 黑暗纯净玻璃
enderio:block_dark_fused_glass:9, 黑暗纯净玻璃
enderio:block_dark_fused_glass:10, 黑暗纯净玻璃
enderio:block_dark_fused_glass:11, 黑暗纯净玻璃
enderio:block_dark_fused_glass:12, 黑暗纯净玻璃
enderio:block_dark_fused_glass:13, 黑暗纯净玻璃
enderio:block_dark_fused_glass:14, 黑暗纯净玻璃
enderio:block_dark_fused_glass:15, 黑暗纯净玻璃
enderio:block_holy_fused_quartz:0, 石英玻璃
enderio:block_holy_fused_quartz:1, 石英玻璃
enderio:block_holy_fused_quartz:2, 石英玻璃
enderio:block_holy_fused_quartz:3, 石英玻璃
enderio:block_holy_fused_quartz:4, 石英玻璃
enderio:block_holy_fused_quartz:5, 石英玻璃
enderio:block_holy_fused_quartz:6, 石英玻璃
enderio:block_holy_fused_quartz:7, 石英玻璃
enderio:block_holy_fused_quartz:8, 石英玻璃
enderio:block_holy_fused_quartz:9, 石英玻璃
enderio:block_holy_fused_quartz:10, 石英玻璃
enderio:block_holy_fused_quartz:11, 石英玻璃
enderio:block_holy_fused_quartz:12, 石英玻璃
enderio:block_holy_fused_quartz:13, 石英玻璃
enderio:block_holy_fused_quartz:14, 石英玻璃
enderio:block_holy_fused_quartz:15, 石英玻璃
enderio:block_holy_fused_glass:0, 纯净玻璃
enderio:block_holy_fused_glass:1, 纯净玻璃
enderio:block_holy_fused_glass:2, 纯净玻璃
enderio:block_holy_fused_glass:3, 纯净玻璃
enderio:block_holy_fused_glass:4, 纯净玻璃
enderio:block_holy_fused_glass:5, 纯净玻璃
enderio:block_holy_fused_glass:6, 纯净玻璃
enderio:block_holy_fused_glass:7, 纯净玻璃
enderio:block_holy_fused_glass:8, 纯净玻璃
enderio:block_holy_fused_glass:9, 纯净玻璃
enderio:block_holy_fused_glass:10, 纯净玻璃
enderio:block_holy_fused_glass:11, 纯净玻璃
enderio:block_holy_fused_glass:12, 纯净玻璃
enderio:block_holy_fused_glass:13, 纯净玻璃
enderio:block_holy_fused_glass:14, 纯净玻璃
enderio:block_holy_fused_glass:15, 纯净玻璃
enderio:block_holy_enlightened_fused_quartz:0, 荧光石英玻璃
enderio:block_holy_enlightened_fused_quartz:1, 荧光石英玻璃
enderio:block_holy_enlightened_fused_quartz:2, 荧光石英玻璃
enderio:block_holy_enlightened_fused_quartz:3, 荧光石英玻璃
enderio:block_holy_enlightened_fused_quartz:4, 荧光石英玻璃
enderio:block_holy_enlightened_fused_quartz:5, 荧光石英玻璃
enderio:block_holy_enlightened_fused_quartz:6, 荧光石英玻璃
enderio:block_holy_enlightened_fused_quartz:7, 荧光石英玻璃
enderio:block_holy_enlightened_fused_quartz:8, 荧光石英玻璃
enderio:block_holy_enlightened_fused_quartz:9, 荧光石英玻璃
enderio:block_holy_enlightened_fused_quartz:10, 荧光石英玻璃
enderio:block_holy_enlightened_fused_quartz:11, 荧光石英玻璃
enderio:block_holy_enlightened_fused_quartz:12, 荧光石英玻璃
enderio:block_holy_enlightened_fused_quartz:13, 荧光石英玻璃
enderio:block_holy_enlightened_fused_quartz:14, 荧光石英玻璃
enderio:block_holy_enlightened_fused_quartz:15, 荧光石英玻璃
enderio:block_holy_enlightened_fused_glass:0, 荧光纯净玻璃
enderio:block_holy_enlightened_fused_glass:1, 荧光纯净玻璃
enderio:block_holy_enlightened_fused_glass:2, 荧光纯净玻璃
enderio:block_holy_enlightened_fused_glass:3, 荧光纯净玻璃
enderio:block_holy_enlightened_fused_glass:4, 荧光纯净玻璃
enderio:block_holy_enlightened_fused_glass:5, 荧光纯净玻璃
enderio:block_holy_enlightened_fused_glass:6, 荧光纯净玻璃
enderio:block_holy_enlightened_fused_glass:7, 荧光纯净玻璃
enderio:block_holy_enlightened_fused_glass:8, 荧光纯净玻璃
enderio:block_holy_enlightened_fused_glass:9, 荧光纯净玻璃
enderio:block_holy_enlightened_fused_glass:10, 荧光纯净玻璃
enderio:block_holy_enlightened_fused_glass:11, 荧光纯净玻璃
enderio:block_holy_enlightened_fused_glass:12, 荧光纯净玻璃
enderio:block_holy_enlightened_fused_glass:13, 荧光纯净玻璃
enderio:block_holy_enlightened_fused_glass:14, 荧光纯净玻璃
enderio:block_holy_enlightened_fused_glass:15, 荧光纯净玻璃
enderio:block_holy_dark_fused_quartz:0, 黑暗石英玻璃
enderio:block_holy_dark_fused_quartz:1, 黑暗石英玻璃
enderio:block_holy_dark_fused_quartz:2, 黑暗石英玻璃
enderio:block_holy_dark_fused_quartz:3, 黑暗石英玻璃
enderio:block_holy_dark_fused_quartz:4, 黑暗石英玻璃
enderio:block_holy_dark_fused_quartz:5, 黑暗石英玻璃
enderio:block_holy_dark_fused_quartz:6, 黑暗石英玻璃
enderio:block_holy_dark_fused_quartz:7, 黑暗石英玻璃
enderio:block_holy_dark_fused_quartz:8, 黑暗石英玻璃
enderio:block_holy_dark_fused_quartz:9, 黑暗石英玻璃
enderio:block_holy_dark_fused_quartz:10, 黑暗石英玻璃
enderio:block_holy_dark_fused_quartz:11, 黑暗石英玻璃
enderio:block_holy_dark_fused_quartz:12, 黑暗石英玻璃
enderio:block_holy_dark_fused_quartz:13, 黑暗石英玻璃
enderio:block_holy_dark_fused_quartz:14, 黑暗石英玻璃
enderio:block_holy_dark_fused_quartz:15, 黑暗石英玻璃
enderio:block_holy_dark_fused_glass:0, 黑暗纯净玻璃
enderio:block_holy_dark_fused_glass:1, 黑暗纯净玻璃
enderio:block_holy_dark_fused_glass:2, 黑暗纯净玻璃
enderio:block_holy_dark_fused_glass:3, 黑暗纯净玻璃
enderio:block_holy_dark_fused_glass:4, 黑暗纯净玻璃
enderio:block_holy_dark_fused_glass:5, 黑暗纯净玻璃
enderio:block_holy_dark_fused_glass:6, 黑暗纯净玻璃
enderio:block_holy_dark_fused_glass:7, 黑暗纯净玻璃
enderio:block_holy_dark_fused_glass:8, 黑暗纯净玻璃
enderio:block_holy_dark_fused_glass:9, 黑暗纯净玻璃
enderio:block_holy_dark_fused_glass:10, 黑暗纯净玻璃
enderio:block_holy_dark_fused_glass:11, 黑暗纯净玻璃
enderio:block_holy_dark_fused_glass:12, 黑暗纯净玻璃
enderio:block_holy_dark_fused_glass:13, 黑暗纯净玻璃
enderio:block_holy_dark_fused_glass:14, 黑暗纯净玻璃
enderio:block_holy_dark_fused_glass:15, 黑暗纯净玻璃
enderio:block_unholy_fused_quartz:0, 石英玻璃
enderio:block_unholy_fused_quartz:1, 石英玻璃
enderio:block_unholy_fused_quartz:2, 石英玻璃
enderio:block_unholy_fused_quartz:3, 石英玻璃
enderio:block_unholy_fused_quartz:4, 石英玻璃
enderio:block_unholy_fused_quartz:5, 石英玻璃
enderio:block_unholy_fused_quartz:6, 石英玻璃
enderio:block_unholy_fused_quartz:7, 石英玻璃
enderio:block_unholy_fused_quartz:8, 石英玻璃
enderio:block_unholy_fused_quartz:9, 石英玻璃
enderio:block_unholy_fused_quartz:10, 石英玻璃
enderio:block_unholy_fused_quartz:11, 石英玻璃
enderio:block_unholy_fused_quartz:12, 石英玻璃
enderio:block_unholy_fused_quartz:13, 石英玻璃
enderio:block_unholy_fused_quartz:14, 石英玻璃
enderio:block_unholy_fused_quartz:15, 石英玻璃
enderio:block_unholy_fused_glass:0, 纯净玻璃
enderio:block_unholy_fused_glass:1, 纯净玻璃
enderio:block_unholy_fused_glass:2, 纯净玻璃
enderio:block_unholy_fused_glass:3, 纯净玻璃
enderio:block_unholy_fused_glass:4, 纯净玻璃
enderio:block_unholy_fused_glass:5, 纯净玻璃
enderio:block_unholy_fused_glass:6, 纯净玻璃
enderio:block_unholy_fused_glass:7, 纯净玻璃
enderio:block_unholy_fused_glass:8, 纯净玻璃
enderio:block_unholy_fused_glass:9, 纯净玻璃
enderio:block_unholy_fused_glass:10, 纯净玻璃
enderio:block_unholy_fused_glass:11, 纯净玻璃
enderio:block_unholy_fused_glass:12, 纯净玻璃
enderio:block_unholy_fused_glass:13, 纯净玻璃
enderio:block_unholy_fused_glass:14, 纯净玻璃
enderio:block_unholy_fused_glass:15, 纯净玻璃
enderio:block_unholy_enlightened_fused_quartz:0, 荧光石英玻璃
enderio:block_unholy_enlightened_fused_quartz:1, 荧光石英玻璃
enderio:block_unholy_enlightened_fused_quartz:2, 荧光石英玻璃
enderio:block_unholy_enlightened_fused_quartz:3, 荧光石英玻璃
enderio:block_unholy_enlightened_fused_quartz:4, 荧光石英玻璃
enderio:block_unholy_enlightened_fused_quartz:5, 荧光石英玻璃
enderio:block_unholy_enlightened_fused_quartz:6, 荧光石英玻璃
enderio:block_unholy_enlightened_fused_quartz:7, 荧光石英玻璃
enderio:block_unholy_enlightened_fused_quartz:8, 荧光石英玻璃
enderio:block_unholy_enlightened_fused_quartz:9, 荧光石英玻璃
enderio:block_unholy_enlightened_fused_quartz:10, 荧光石英玻璃
enderio:block_unholy_enlightened_fused_quartz:11, 荧光石英玻璃
enderio:block_unholy_enlightened_fused_quartz:12, 荧光石英玻璃
enderio:block_unholy_enlightened_fused_quartz:13, 荧光石英玻璃
enderio:block_unholy_enlightened_fused_quartz:14, 荧光石英玻璃
enderio:block_unholy_enlightened_fused_quartz:15, 荧光石英玻璃
enderio:block_unholy_enlightened_fused_glass:0, 荧光纯净玻璃
enderio:block_unholy_enlightened_fused_glass:1, 荧光纯净玻璃
enderio:block_unholy_enlightened_fused_glass:2, 荧光纯净玻璃
enderio:block_unholy_enlightened_fused_glass:3, 荧光纯净玻璃
enderio:block_unholy_enlightened_fused_glass:4, 荧光纯净玻璃
enderio:block_unholy_enlightened_fused_glass:5, 荧光纯净玻璃
enderio:block_unholy_enlightened_fused_glass:6, 荧光纯净玻璃
enderio:block_unholy_enlightened_fused_glass:7, 荧光纯净玻璃
enderio:block_unholy_enlightened_fused_glass:8, 荧光纯净玻璃
enderio:block_unholy_enlightened_fused_glass:9, 荧光纯净玻璃
enderio:block_unholy_enlightened_fused_glass:10, 荧光纯净玻璃
enderio:block_unholy_enlightened_fused_glass:11, 荧光纯净玻璃
enderio:block_unholy_enlightened_fused_glass:12, 荧光纯净玻璃
enderio:block_unholy_enlightened_fused_glass:13, 荧光纯净玻璃
enderio:block_unholy_enlightened_fused_glass:14, 荧光纯净玻璃
enderio:block_unholy_enlightened_fused_glass:15, 荧光纯净玻璃
enderio:block_unholy_dark_fused_quartz:0, 黑暗石英玻璃
enderio:block_unholy_dark_fused_quartz:1, 黑暗石英玻璃
enderio:block_unholy_dark_fused_quartz:2, 黑暗石英玻璃
enderio:block_unholy_dark_fused_quartz:3, 黑暗石英玻璃
enderio:block_unholy_dark_fused_quartz:4, 黑暗石英玻璃
enderio:block_unholy_dark_fused_quartz:5, 黑暗石英玻璃
enderio:block_unholy_dark_fused_quartz:6, 黑暗石英玻璃
enderio:block_unholy_dark_fused_quartz:7, 黑暗石英玻璃
enderio:block_unholy_dark_fused_quartz:8, 黑暗石英玻璃
enderio:block_unholy_dark_fused_quartz:9, 黑暗石英玻璃
enderio:block_unholy_dark_fused_quartz:10, 黑暗石英玻璃
enderio:block_unholy_dark_fused_quartz:11, 黑暗石英玻璃
enderio:block_unholy_dark_fused_quartz:12, 黑暗石英玻璃
enderio:block_unholy_dark_fused_quartz:13, 黑暗石英玻璃
enderio:block_unholy_dark_fused_quartz:14, 黑暗石英玻璃
enderio:block_unholy_dark_fused_quartz:15, 黑暗石英玻璃
enderio:block_unholy_dark_fused_glass:0, 黑暗纯净玻璃
enderio:block_unholy_dark_fused_glass:1, 黑暗纯净玻璃
enderio:block_unholy_dark_fused_glass:2, 黑暗纯净玻璃
enderio:block_unholy_dark_fused_glass:3, 黑暗纯净玻璃
enderio:block_unholy_dark_fused_glass:4, 黑暗纯净玻璃
enderio:block_unholy_dark_fused_glass:5, 黑暗纯净玻璃
enderio:block_unholy_dark_fused_glass:6, 黑暗纯净玻璃
enderio:block_unholy_dark_fused_glass:7, 黑暗纯净玻璃
enderio:block_unholy_dark_fused_glass:8, 黑暗纯净玻璃
enderio:block_unholy_dark_fused_glass:9, 黑暗纯净玻璃
enderio:block_unholy_dark_fused_glass:10, 黑暗纯净玻璃
enderio:block_unholy_dark_fused_glass:11, 黑暗纯净玻璃
enderio:block_unholy_dark_fused_glass:12, 黑暗纯净玻璃
enderio:block_unholy_dark_fused_glass:13, 黑暗纯净玻璃
enderio:block_unholy_dark_fused_glass:14, 黑暗纯净玻璃
enderio:block_unholy_dark_fused_glass:15, 黑暗纯净玻璃
enderio:block_pasture_fused_quartz:0, 石英玻璃
enderio:block_pasture_fused_quartz:1, 石英玻璃
enderio:block_pasture_fused_quartz:2, 石英玻璃
enderio:block_pasture_fused_quartz:3, 石英玻璃
enderio:block_pasture_fused_quartz:4, 石英玻璃
enderio:block_pasture_fused_quartz:5, 石英玻璃
enderio:block_pasture_fused_quartz:6, 石英玻璃
enderio:block_pasture_fused_quartz:7, 石英玻璃
enderio:block_pasture_fused_quartz:8, 石英玻璃
enderio:block_pasture_fused_quartz:9, 石英玻璃
enderio:block_pasture_fused_quartz:10, 石英玻璃
enderio:block_pasture_fused_quartz:11, 石英玻璃
enderio:block_pasture_fused_quartz:12, 石英玻璃
enderio:block_pasture_fused_quartz:13, 石英玻璃
enderio:block_pasture_fused_quartz:14, 石英玻璃
enderio:block_pasture_fused_quartz:15, 石英玻璃
enderio:block_pasture_fused_glass:0, 纯净玻璃
enderio:block_pasture_fused_glass:1, 纯净玻璃
enderio:block_pasture_fused_glass:2, 纯净玻璃
enderio:block_pasture_fused_glass:3, 纯净玻璃
enderio:block_pasture_fused_glass:4, 纯净玻璃
enderio:block_pasture_fused_glass:5, 纯净玻璃
enderio:block_pasture_fused_glass:6, 纯净玻璃
enderio:block_pasture_fused_glass:7, 纯净玻璃
enderio:block_pasture_fused_glass:8, 纯净玻璃
enderio:block_pasture_fused_glass:9, 纯净玻璃
enderio:block_pasture_fused_glass:10, 纯净玻璃
enderio:block_pasture_fused_glass:11, 纯净玻璃
enderio:block_pasture_fused_glass:12, 纯净玻璃
enderio:block_pasture_fused_glass:13, 纯净玻璃
enderio:block_pasture_fused_glass:14, 纯净玻璃
enderio:block_pasture_fused_glass:15, 纯净玻璃
enderio:block_pasture_enlightened_fused_quartz:0, 荧光石英玻璃
enderio:block_pasture_enlightened_fused_quartz:1, 荧光石英玻璃
enderio:block_pasture_enlightened_fused_quartz:2, 荧光石英玻璃
enderio:block_pasture_enlightened_fused_quartz:3, 荧光石英玻璃
enderio:block_pasture_enlightened_fused_quartz:4, 荧光石英玻璃
enderio:block_pasture_enlightened_fused_quartz:5, 荧光石英玻璃
enderio:block_pasture_enlightened_fused_quartz:6, 荧光石英玻璃
enderio:block_pasture_enlightened_fused_quartz:7, 荧光石英玻璃
enderio:block_pasture_enlightened_fused_quartz:8, 荧光石英玻璃
enderio:block_pasture_enlightened_fused_quartz:9, 荧光石英玻璃
enderio:block_pasture_enlightened_fused_quartz:10, 荧光石英玻璃
enderio:block_pasture_enlightened_fused_quartz:11, 荧光石英玻璃
enderio:block_pasture_enlightened_fused_quartz:12, 荧光石英玻璃
enderio:block_pasture_enlightened_fused_quartz:13, 荧光石英玻璃
enderio:block_pasture_enlightened_fused_quartz:14, 荧光石英玻璃
enderio:block_pasture_enlightened_fused_quartz:15, 荧光石英玻璃
enderio:block_pasture_enlightened_fused_glass:0, 荧光纯净玻璃
enderio:block_pasture_enlightened_fused_glass:1, 荧光纯净玻璃
enderio:block_pasture_enlightened_fused_glass:2, 荧光纯净玻璃
enderio:block_pasture_enlightened_fused_glass:3, 荧光纯净玻璃
enderio:block_pasture_enlightened_fused_glass:4, 荧光纯净玻璃
enderio:block_pasture_enlightened_fused_glass:5, 荧光纯净玻璃
enderio:block_pasture_enlightened_fused_glass:6, 荧光纯净玻璃
enderio:block_pasture_enlightened_fused_glass:7, 荧光纯净玻璃
enderio:block_pasture_enlightened_fused_glass:8, 荧光纯净玻璃
enderio:block_pasture_enlightened_fused_glass:9, 荧光纯净玻璃
enderio:block_pasture_enlightened_fused_glass:10, 荧光纯净玻璃
enderio:block_pasture_enlightened_fused_glass:11, 荧光纯净玻璃
enderio:block_pasture_enlightened_fused_glass:12, 荧光纯净玻璃
enderio:block_pasture_enlightened_fused_glass:13, 荧光纯净玻璃
enderio:block_pasture_enlightened_fused_glass:14, 荧光纯净玻璃
enderio:block_pasture_enlightened_fused_glass:15, 荧光纯净玻璃
enderio:block_pasture_dark_fused_quartz:0, 黑暗石英玻璃
enderio:block_pasture_dark_fused_quartz:1, 黑暗石英玻璃
enderio:block_pasture_dark_fused_quartz:2, 黑暗石英玻璃
enderio:block_pasture_dark_fused_quartz:3, 黑暗石英玻璃
enderio:block_pasture_dark_fused_quartz:4, 黑暗石英玻璃
enderio:block_pasture_dark_fused_quartz:5, 黑暗石英玻璃
enderio:block_pasture_dark_fused_quartz:6, 黑暗石英玻璃
enderio:block_pasture_dark_fused_quartz:7, 黑暗石英玻璃
enderio:block_pasture_dark_fused_quartz:8, 黑暗石英玻璃
enderio:block_pasture_dark_fused_quartz:9, 黑暗石英玻璃
enderio:block_pasture_dark_fused_quartz:10, 黑暗石英玻璃
enderio:block_pasture_dark_fused_quartz:11, 黑暗石英玻璃
enderio:block_pasture_dark_fused_quartz:12, 黑暗石英玻璃
enderio:block_pasture_dark_fused_quartz:13, 黑暗石英玻璃
enderio:block_pasture_dark_fused_quartz:14, 黑暗石英玻璃
enderio:block_pasture_dark_fused_quartz:15, 黑暗石英玻璃
enderio:block_pasture_dark_fused_glass:0, 黑暗纯净玻璃
enderio:block_pasture_dark_fused_glass:1, 黑暗纯净玻璃
enderio:block_pasture_dark_fused_glass:2, 黑暗纯净玻璃
enderio:block_pasture_dark_fused_glass:3, 黑暗纯净玻璃
enderio:block_pasture_dark_fused_glass:4, 黑暗纯净玻璃
enderio:block_pasture_dark_fused_glass:5, 黑暗纯净玻璃
enderio:block_pasture_dark_fused_glass:6, 黑暗纯净玻璃
enderio:block_pasture_dark_fused_glass:7, 黑暗纯净玻璃
enderio:block_pasture_dark_fused_glass:8, 黑暗纯净玻璃
enderio:block_pasture_dark_fused_glass:9, 黑暗纯净玻璃
enderio:block_pasture_dark_fused_glass:10, 黑暗纯净玻璃
enderio:block_pasture_dark_fused_glass:11, 黑暗纯净玻璃
enderio:block_pasture_dark_fused_glass:12, 黑暗纯净玻璃
enderio:block_pasture_dark_fused_glass:13, 黑暗纯净玻璃
enderio:block_pasture_dark_fused_glass:14, 黑暗纯净玻璃
enderio:block_pasture_dark_fused_glass:15, 黑暗纯净玻璃
enderio:block_not_holy_fused_quartz:0, 石英玻璃
enderio:block_not_holy_fused_quartz:1, 石英玻璃
enderio:block_not_holy_fused_quartz:2, 石英玻璃
enderio:block_not_holy_fused_quartz:3, 石英玻璃
enderio:block_not_holy_fused_quartz:4, 石英玻璃
enderio:block_not_holy_fused_quartz:5, 石英玻璃
enderio:block_not_holy_fused_quartz:6, 石英玻璃
enderio:block_not_holy_fused_quartz:7, 石英玻璃
enderio:block_not_holy_fused_quartz:8, 石英玻璃
enderio:block_not_holy_fused_quartz:9, 石英玻璃
enderio:block_not_holy_fused_quartz:10, 石英玻璃
enderio:block_not_holy_fused_quartz:11, 石英玻璃
enderio:block_not_holy_fused_quartz:12, 石英玻璃
enderio:block_not_holy_fused_quartz:13, 石英玻璃
enderio:block_not_holy_fused_quartz:14, 石英玻璃
enderio:block_not_holy_fused_quartz:15, 石英玻璃
enderio:block_not_holy_fused_glass:0, 纯净玻璃
enderio:block_not_holy_fused_glass:1, 纯净玻璃
enderio:block_not_holy_fused_glass:2, 纯净玻璃
enderio:block_not_holy_fused_glass:3, 纯净玻璃
enderio:block_not_holy_fused_glass:4, 纯净玻璃
enderio:block_not_holy_fused_glass:5, 纯净玻璃
enderio:block_not_holy_fused_glass:6, 纯净玻璃
enderio:block_not_holy_fused_glass:7, 纯净玻璃
enderio:block_not_holy_fused_glass:8, 纯净玻璃
enderio:block_not_holy_fused_glass:9, 纯净玻璃
enderio:block_not_holy_fused_glass:10, 纯净玻璃
enderio:block_not_holy_fused_glass:11, 纯净玻璃
enderio:block_not_holy_fused_glass:12, 纯净玻璃
enderio:block_not_holy_fused_glass:13, 纯净玻璃
enderio:block_not_holy_fused_glass:14, 纯净玻璃
enderio:block_not_holy_fused_glass:15, 纯净玻璃
enderio:block_not_holy_enlightened_fused_quartz:0, 荧光石英玻璃
enderio:block_not_holy_enlightened_fused_quartz:1, 荧光石英玻璃
enderio:block_not_holy_enlightened_fused_quartz:2, 荧光石英玻璃
enderio:block_not_holy_enlightened_fused_quartz:3, 荧光石英玻璃
enderio:block_not_holy_enlightened_fused_quartz:4, 荧光石英玻璃
enderio:block_not_holy_enlightened_fused_quartz:5, 荧光石英玻璃
enderio:block_not_holy_enlightened_fused_quartz:6, 荧光石英玻璃
enderio:block_not_holy_enlightened_fused_quartz:7, 荧光石英玻璃
enderio:block_not_holy_enlightened_fused_quartz:8, 荧光石英玻璃
enderio:block_not_holy_enlightened_fused_quartz:9, 荧光石英玻璃
enderio:block_not_holy_enlightened_fused_quartz:10, 荧光石英玻璃
enderio:block_not_holy_enlightened_fused_quartz:11, 荧光石英玻璃
enderio:block_not_holy_enlightened_fused_quartz:12, 荧光石英玻璃
enderio:block_not_holy_enlightened_fused_quartz:13, 荧光石英玻璃
enderio:block_not_holy_enlightened_fused_quartz:14, 荧光石英玻璃
enderio:block_not_holy_enlightened_fused_quartz:15, 荧光石英玻璃
enderio:block_not_holy_enlightened_fused_glass:0, 荧光纯净玻璃
enderio:block_not_holy_enlightened_fused_glass:1, 荧光纯净玻璃
enderio:block_not_holy_enlightened_fused_glass:2, 荧光纯净玻璃
enderio:block_not_holy_enlightened_fused_glass:3, 荧光纯净玻璃
enderio:block_not_holy_enlightened_fused_glass:4, 荧光纯净玻璃
enderio:block_not_holy_enlightened_fused_glass:5, 荧光纯净玻璃
enderio:block_not_holy_enlightened_fused_glass:6, 荧光纯净玻璃
enderio:block_not_holy_enlightened_fused_glass:7, 荧光纯净玻璃
enderio:block_not_holy_enlightened_fused_glass:8, 荧光纯净玻璃
enderio:block_not_holy_enlightened_fused_glass:9, 荧光纯净玻璃
enderio:block_not_holy_enlightened_fused_glass:10, 荧光纯净玻璃
enderio:block_not_holy_enlightened_fused_glass:11, 荧光纯净玻璃
enderio:block_not_holy_enlightened_fused_glass:12, 荧光纯净玻璃
enderio:block_not_holy_enlightened_fused_glass:13, 荧光纯净玻璃
enderio:block_not_holy_enlightened_fused_glass:14, 荧光纯净玻璃
enderio:block_not_holy_enlightened_fused_glass:15, 荧光纯净玻璃
enderio:block_not_holy_dark_fused_quartz:0, 黑暗石英玻璃
enderio:block_not_holy_dark_fused_quartz:1, 黑暗石英玻璃
enderio:block_not_holy_dark_fused_quartz:2, 黑暗石英玻璃
enderio:block_not_holy_dark_fused_quartz:3, 黑暗石英玻璃
enderio:block_not_holy_dark_fused_quartz:4, 黑暗石英玻璃
enderio:block_not_holy_dark_fused_quartz:5, 黑暗石英玻璃
enderio:block_not_holy_dark_fused_quartz:6, 黑暗石英玻璃
enderio:block_not_holy_dark_fused_quartz:7, 黑暗石英玻璃
enderio:block_not_holy_dark_fused_quartz:8, 黑暗石英玻璃
enderio:block_not_holy_dark_fused_quartz:9, 黑暗石英玻璃
enderio:block_not_holy_dark_fused_quartz:10, 黑暗石英玻璃
enderio:block_not_holy_dark_fused_quartz:11, 黑暗石英玻璃
enderio:block_not_holy_dark_fused_quartz:12, 黑暗石英玻璃
enderio:block_not_holy_dark_fused_quartz:13, 黑暗石英玻璃
enderio:block_not_holy_dark_fused_quartz:14, 黑暗石英玻璃
enderio:block_not_holy_dark_fused_quartz:15, 黑暗石英玻璃
enderio:block_not_holy_dark_fused_glass:0, 黑暗纯净玻璃
enderio:block_not_holy_dark_fused_glass:1, 黑暗纯净玻璃
enderio:block_not_holy_dark_fused_glass:2, 黑暗纯净玻璃
enderio:block_not_holy_dark_fused_glass:3, 黑暗纯净玻璃
enderio:block_not_holy_dark_fused_glass:4, 黑暗纯净玻璃
enderio:block_not_holy_dark_fused_glass:5, 黑暗纯净玻璃
enderio:block_not_holy_dark_fused_glass:6, 黑暗纯净玻璃
enderio:block_not_holy_dark_fused_glass:7, 黑暗纯净玻璃
enderio:block_not_holy_dark_fused_glass:8, 黑暗纯净玻璃
enderio:block_not_holy_dark_fused_glass:9, 黑暗纯净玻璃
enderio:block_not_holy_dark_fused_glass:10, 黑暗纯净玻璃
enderio:block_not_holy_dark_fused_glass:11, 黑暗纯净玻璃
enderio:block_not_holy_dark_fused_glass:12, 黑暗纯净玻璃
enderio:block_not_holy_dark_fused_glass:13, 黑暗纯净玻璃
enderio:block_not_holy_dark_fused_glass:14, 黑暗纯净玻璃
enderio:block_not_holy_dark_fused_glass:15, 黑暗纯净玻璃
enderio:block_not_unholy_fused_quartz:0, 石英玻璃
enderio:block_not_unholy_fused_quartz:1, 石英玻璃
enderio:block_not_unholy_fused_quartz:2, 石英玻璃
enderio:block_not_unholy_fused_quartz:3, 石英玻璃
enderio:block_not_unholy_fused_quartz:4, 石英玻璃
enderio:block_not_unholy_fused_quartz:5, 石英玻璃
enderio:block_not_unholy_fused_quartz:6, 石英玻璃
enderio:block_not_unholy_fused_quartz:7, 石英玻璃
enderio:block_not_unholy_fused_quartz:8, 石英玻璃
enderio:block_not_unholy_fused_quartz:9, 石英玻璃
enderio:block_not_unholy_fused_quartz:10, 石英玻璃
enderio:block_not_unholy_fused_quartz:11, 石英玻璃
enderio:block_not_unholy_fused_quartz:12, 石英玻璃
enderio:block_not_unholy_fused_quartz:13, 石英玻璃
enderio:block_not_unholy_fused_quartz:14, 石英玻璃
enderio:block_not_unholy_fused_quartz:15, 石英玻璃
enderio:block_not_unholy_fused_glass:0, 纯净玻璃
enderio:block_not_unholy_fused_glass:1, 纯净玻璃
enderio:block_not_unholy_fused_glass:2, 纯净玻璃
enderio:block_not_unholy_fused_glass:3, 纯净玻璃
enderio:block_not_unholy_fused_glass:4, 纯净玻璃
enderio:block_not_unholy_fused_glass:5, 纯净玻璃
enderio:block_not_unholy_fused_glass:6, 纯净玻璃
enderio:block_not_unholy_fused_glass:7, 纯净玻璃
enderio:block_not_unholy_fused_glass:8, 纯净玻璃
enderio:block_not_unholy_fused_glass:9, 纯净玻璃
enderio:block_not_unholy_fused_glass:10, 纯净玻璃
enderio:block_not_unholy_fused_glass:11, 纯净玻璃
enderio:block_not_unholy_fused_glass:12, 纯净玻璃
enderio:block_not_unholy_fused_glass:13, 纯净玻璃
enderio:block_not_unholy_fused_glass:14, 纯净玻璃
enderio:block_not_unholy_fused_glass:15, 纯净玻璃
enderio:block_not_unholy_enlightened_fused_quartz:0, 荧光石英玻璃
enderio:block_not_unholy_enlightened_fused_quartz:1, 荧光石英玻璃
enderio:block_not_unholy_enlightened_fused_quartz:2, 荧光石英玻璃
enderio:block_not_unholy_enlightened_fused_quartz:3, 荧光石英玻璃
enderio:block_not_unholy_enlightened_fused_quartz:4, 荧光石英玻璃
enderio:block_not_unholy_enlightened_fused_quartz:5, 荧光石英玻璃
enderio:block_not_unholy_enlightened_fused_quartz:6, 荧光石英玻璃
enderio:block_not_unholy_enlightened_fused_quartz:7, 荧光石英玻璃
enderio:block_not_unholy_enlightened_fused_quartz:8, 荧光石英玻璃
enderio:block_not_unholy_enlightened_fused_quartz:9, 荧光石英玻璃
enderio:block_not_unholy_enlightened_fused_quartz:10, 荧光石英玻璃
enderio:block_not_unholy_enlightened_fused_quartz:11, 荧光石英玻璃
enderio:block_not_unholy_enlightened_fused_quartz:12, 荧光石英玻璃
enderio:block_not_unholy_enlightened_fused_quartz:13, 荧光石英玻璃
enderio:block_not_unholy_enlightened_fused_quartz:14, 荧光石英玻璃
enderio:block_not_unholy_enlightened_fused_quartz:15, 荧光石英玻璃
enderio:block_not_unholy_enlightened_fused_glass:0, 荧光纯净玻璃
enderio:block_not_unholy_enlightened_fused_glass:1, 荧光纯净玻璃
enderio:block_not_unholy_enlightened_fused_glass:2, 荧光纯净玻璃
enderio:block_not_unholy_enlightened_fused_glass:3, 荧光纯净玻璃
enderio:block_not_unholy_enlightened_fused_glass:4, 荧光纯净玻璃
enderio:block_not_unholy_enlightened_fused_glass:5, 荧光纯净玻璃
enderio:block_not_unholy_enlightened_fused_glass:6, 荧光纯净玻璃
enderio:block_not_unholy_enlightened_fused_glass:7, 荧光纯净玻璃
enderio:block_not_unholy_enlightened_fused_glass:8, 荧光纯净玻璃
enderio:block_not_unholy_enlightened_fused_glass:9, 荧光纯净玻璃
enderio:block_not_unholy_enlightened_fused_glass:10, 荧光纯净玻璃
enderio:block_not_unholy_enlightened_fused_glass:11, 荧光纯净玻璃
enderio:block_not_unholy_enlightened_fused_glass:12, 荧光纯净玻璃
enderio:block_not_unholy_enlightened_fused_glass:13, 荧光纯净玻璃
enderio:block_not_unholy_enlightened_fused_glass:14, 荧光纯净玻璃
enderio:block_not_unholy_enlightened_fused_glass:15, 荧光纯净玻璃
enderio:block_not_unholy_dark_fused_quartz:0, 黑暗石英玻璃
enderio:block_not_unholy_dark_fused_quartz:1, 黑暗石英玻璃
enderio:block_not_unholy_dark_fused_quartz:2, 黑暗石英玻璃
enderio:block_not_unholy_dark_fused_quartz:3, 黑暗石英玻璃
enderio:block_not_unholy_dark_fused_quartz:4, 黑暗石英玻璃
enderio:block_not_unholy_dark_fused_quartz:5, 黑暗石英玻璃
enderio:block_not_unholy_dark_fused_quartz:6, 黑暗石英玻璃
enderio:block_not_unholy_dark_fused_quartz:7, 黑暗石英玻璃
enderio:block_not_unholy_dark_fused_quartz:8, 黑暗石英玻璃
enderio:block_not_unholy_dark_fused_quartz:9, 黑暗石英玻璃
enderio:block_not_unholy_dark_fused_quartz:10, 黑暗石英玻璃
enderio:block_not_unholy_dark_fused_quartz:11, 黑暗石英玻璃
enderio:block_not_unholy_dark_fused_quartz:12, 黑暗石英玻璃
enderio:block_not_unholy_dark_fused_quartz:13, 黑暗石英玻璃
enderio:block_not_unholy_dark_fused_quartz:14, 黑暗石英玻璃
enderio:block_not_unholy_dark_fused_quartz:15, 黑暗石英玻璃
enderio:block_not_unholy_dark_fused_glass:0, 黑暗纯净玻璃
enderio:block_not_unholy_dark_fused_glass:1, 黑暗纯净玻璃
enderio:block_not_unholy_dark_fused_glass:2, 黑暗纯净玻璃
enderio:block_not_unholy_dark_fused_glass:3, 黑暗纯净玻璃
enderio:block_not_unholy_dark_fused_glass:4, 黑暗纯净玻璃
enderio:block_not_unholy_dark_fused_glass:5, 黑暗纯净玻璃
enderio:block_not_unholy_dark_fused_glass:6, 黑暗纯净玻璃
enderio:block_not_unholy_dark_fused_glass:7, 黑暗纯净玻璃
enderio:block_not_unholy_dark_fused_glass:8, 黑暗纯净玻璃
enderio:block_not_unholy_dark_fused_glass:9, 黑暗纯净玻璃
enderio:block_not_unholy_dark_fused_glass:10, 黑暗纯净玻璃
enderio:block_not_unholy_dark_fused_glass:11, 黑暗纯净玻璃
enderio:block_not_unholy_dark_fused_glass:12, 黑暗纯净玻璃
enderio:block_not_unholy_dark_fused_glass:13, 黑暗纯净玻璃
enderio:block_not_unholy_dark_fused_glass:14, 黑暗纯净玻璃
enderio:block_not_unholy_dark_fused_glass:15, 黑暗纯净玻璃
enderio:block_not_pasture_fused_quartz:0, 石英玻璃
enderio:block_not_pasture_fused_quartz:1, 石英玻璃
enderio:block_not_pasture_fused_quartz:2, 石英玻璃
enderio:block_not_pasture_fused_quartz:3, 石英玻璃
enderio:block_not_pasture_fused_quartz:4, 石英玻璃
enderio:block_not_pasture_fused_quartz:5, 石英玻璃
enderio:block_not_pasture_fused_quartz:6, 石英玻璃
enderio:block_not_pasture_fused_quartz:7, 石英玻璃
enderio:block_not_pasture_fused_quartz:8, 石英玻璃
enderio:block_not_pasture_fused_quartz:9, 石英玻璃
enderio:block_not_pasture_fused_quartz:10, 石英玻璃
enderio:block_not_pasture_fused_quartz:11, 石英玻璃
enderio:block_not_pasture_fused_quartz:12, 石英玻璃
enderio:block_not_pasture_fused_quartz:13, 石英玻璃
enderio:block_not_pasture_fused_quartz:14, 石英玻璃
enderio:block_not_pasture_fused_quartz:15, 石英玻璃
enderio:block_not_pasture_fused_glass:0, 纯净玻璃
enderio:block_not_pasture_fused_glass:1, 纯净玻璃
enderio:block_not_pasture_fused_glass:2, 纯净玻璃
enderio:block_not_pasture_fused_glass:3, 纯净玻璃
enderio:block_not_pasture_fused_glass:4, 纯净玻璃
enderio:block_not_pasture_fused_glass:5, 纯净玻璃
enderio:block_not_pasture_fused_glass:6, 纯净玻璃
enderio:block_not_pasture_fused_glass:7, 纯净玻璃
enderio:block_not_pasture_fused_glass:8, 纯净玻璃
enderio:block_not_pasture_fused_glass:9, 纯净玻璃
enderio:block_not_pasture_fused_glass:10, 纯净玻璃
enderio:block_not_pasture_fused_glass:11, 纯净玻璃
enderio:block_not_pasture_fused_glass:12, 纯净玻璃
enderio:block_not_pasture_fused_glass:13, 纯净玻璃
enderio:block_not_pasture_fused_glass:14, 纯净玻璃
enderio:block_not_pasture_fused_glass:15, 纯净玻璃
enderio:block_not_pasture_enlightened_fused_quartz:0, 荧光石英玻璃
enderio:block_not_pasture_enlightened_fused_quartz:1, 荧光石英玻璃
enderio:block_not_pasture_enlightened_fused_quartz:2, 荧光石英玻璃
enderio:block_not_pasture_enlightened_fused_quartz:3, 荧光石英玻璃
enderio:block_not_pasture_enlightened_fused_quartz:4, 荧光石英玻璃
enderio:block_not_pasture_enlightened_fused_quartz:5, 荧光石英玻璃
enderio:block_not_pasture_enlightened_fused_quartz:6, 荧光石英玻璃
enderio:block_not_pasture_enlightened_fused_quartz:7, 荧光石英玻璃
enderio:block_not_pasture_enlightened_fused_quartz:8, 荧光石英玻璃
enderio:block_not_pasture_enlightened_fused_quartz:9, 荧光石英玻璃
enderio:block_not_pasture_enlightened_fused_quartz:10, 荧光石英玻璃
enderio:block_not_pasture_enlightened_fused_quartz:11, 荧光石英玻璃
enderio:block_not_pasture_enlightened_fused_quartz:12, 荧光石英玻璃
enderio:block_not_pasture_enlightened_fused_quartz:13, 荧光石英玻璃
enderio:block_not_pasture_enlightened_fused_quartz:14, 荧光石英玻璃
enderio:block_not_pasture_enlightened_fused_quartz:15, 荧光石英玻璃
enderio:block_not_pasture_enlightened_fused_glass:0, 荧光纯净玻璃
enderio:block_not_pasture_enlightened_fused_glass:1, 荧光纯净玻璃
enderio:block_not_pasture_enlightened_fused_glass:2, 荧光纯净玻璃
enderio:block_not_pasture_enlightened_fused_glass:3, 荧光纯净玻璃
enderio:block_not_pasture_enlightened_fused_glass:4, 荧光纯净玻璃
enderio:block_not_pasture_enlightened_fused_glass:5, 荧光纯净玻璃
enderio:block_not_pasture_enlightened_fused_glass:6, 荧光纯净玻璃
enderio:block_not_pasture_enlightened_fused_glass:7, 荧光纯净玻璃
enderio:block_not_pasture_enlightened_fused_glass:8, 荧光纯净玻璃
enderio:block_not_pasture_enlightened_fused_glass:9, 荧光纯净玻璃
enderio:block_not_pasture_enlightened_fused_glass:10, 荧光纯净玻璃
enderio:block_not_pasture_enlightened_fused_glass:11, 荧光纯净玻璃
enderio:block_not_pasture_enlightened_fused_glass:12, 荧光纯净玻璃
enderio:block_not_pasture_enlightened_fused_glass:13, 荧光纯净玻璃
enderio:block_not_pasture_enlightened_fused_glass:14, 荧光纯净玻璃
enderio:block_not_pasture_enlightened_fused_glass:15, 荧光纯净玻璃
enderio:block_not_pasture_dark_fused_quartz:0, 黑暗石英玻璃
enderio:block_not_pasture_dark_fused_quartz:1, 黑暗石英玻璃
enderio:block_not_pasture_dark_fused_quartz:2, 黑暗石英玻璃
enderio:block_not_pasture_dark_fused_quartz:3, 黑暗石英玻璃
enderio:block_not_pasture_dark_fused_quartz:4, 黑暗石英玻璃
enderio:block_not_pasture_dark_fused_quartz:5, 黑暗石英玻璃
enderio:block_not_pasture_dark_fused_quartz:6, 黑暗石英玻璃
enderio:block_not_pasture_dark_fused_quartz:7, 黑暗石英玻璃
enderio:block_not_pasture_dark_fused_quartz:8, 黑暗石英玻璃
enderio:block_not_pasture_dark_fused_quartz:9, 黑暗石英玻璃
enderio:block_not_pasture_dark_fused_quartz:10, 黑暗石英玻璃
enderio:block_not_pasture_dark_fused_quartz:11, 黑暗石英玻璃
enderio:block_not_pasture_dark_fused_quartz:12, 黑暗石英玻璃
enderio:block_not_pasture_dark_fused_quartz:13, 黑暗石英玻璃
enderio:block_not_pasture_dark_fused_quartz:14, 黑暗石英玻璃
enderio:block_not_pasture_dark_fused_quartz:15, 黑暗石英玻璃
enderio:block_not_pasture_dark_fused_glass:0, 黑暗纯净玻璃
enderio:block_not_pasture_dark_fused_glass:1, 黑暗纯净玻璃
enderio:block_not_pasture_dark_fused_glass:2, 黑暗纯净玻璃
enderio:block_not_pasture_dark_fused_glass:3, 黑暗纯净玻璃
enderio:block_not_pasture_dark_fused_glass:4, 黑暗纯净玻璃
enderio:block_not_pasture_dark_fused_glass:5, 黑暗纯净玻璃
enderio:block_not_pasture_dark_fused_glass:6, 黑暗纯净玻璃
enderio:block_not_pasture_dark_fused_glass:7, 黑暗纯净玻璃
enderio:block_not_pasture_dark_fused_glass:8, 黑暗纯净玻璃
enderio:block_not_pasture_dark_fused_glass:9, 黑暗纯净玻璃
enderio:block_not_pasture_dark_fused_glass:10, 黑暗纯净玻璃
enderio:block_not_pasture_dark_fused_glass:11, 黑暗纯净玻璃
enderio:block_not_pasture_dark_fused_glass:12, 黑暗纯净玻璃
enderio:block_not_pasture_dark_fused_glass:13, 黑暗纯净玻璃
enderio:block_not_pasture_dark_fused_glass:14, 黑暗纯净玻璃
enderio:block_not_pasture_dark_fused_glass:15, 黑暗纯净玻璃
enderio:item_soul_vial, 灵魂瓶
enderio:block_detector_block:0, 方块检测器
enderio:block_detector_block_silent:0, 方块检测器（无声）
enderio:item_dark_steel_helmet, 玄钢头盔
enderio:item_dark_steel_chestplate, 玄钢胸甲
enderio:item_dark_steel_leggings, 玄钢护腿
enderio:item_dark_steel_boots, 玄钢靴子
enderio:item_dark_steel_shield, 玄钢盾牌
enderio:item_dark_steel_sword, 终结之剑
enderio:item_dark_steel_pickaxe, 玄钢镐
enderio:item_dark_steel_axe, 玄钢斧
enderio:item_dark_steel_bow, 玄钢弓
enderio:item_dark_steel_shears, 玄钢剪
enderio:item_dark_steel_treetap, 玄钢木龙头
enderio:item_dark_steel_crook, 玄钢钩
enderio:item_dark_steel_hand, 玄钢反铲
enderio:item_inventory_charger_simple, 简易物品栏充能器
enderio:item_inventory_charger_basic, 基础物品栏充能器
enderio:item_inventory_charger, 物品栏充能器
enderio:item_inventory_charger_vibrant, 脉冲物品栏充能器
enderio:item_end_steel_sword, 终结之剑 Ⅱ 型
enderio:item_end_steel_pickaxe, 末影钢镐
enderio:item_end_steel_axe, 末影钢斧
enderio:item_end_steel_bow, 末影钢弓
enderio:item_end_steel_helmet, 末影钢头盔
enderio:item_end_steel_chestplate, 末影钢胸甲
enderio:item_end_steel_leggings, 末影钢护腿
enderio:item_end_steel_boots, 末影钢靴子
enderio:item_end_steel_shield, 末影钢盾
enderio:item_staff_of_levity:0, 飘浮权杖
enderio:item_staff_of_levity:0, 飘浮权杖
enderio:item_dark_steel_upgrade:0, 空白玄钢升级
enderio:item_dark_steel_upgrade:1, 玄钢升级（微型玄钢砧）
enderio:item_dark_steel_upgrade:1, 玄钢升级（微型玄钢砧）
enderio:item_dark_steel_upgrade:1, 玄钢升级（迷你玄钢砧）
enderio:item_dark_steel_upgrade:1, 玄钢升级（迷你玄钢砧）
enderio:item_dark_steel_upgrade:1, 玄钢升级（口袋玄钢砧）
enderio:item_dark_steel_upgrade:1, 玄钢升级（口袋玄钢砧）
enderio:item_dark_steel_upgrade:1, 玄钢升级（养蜂人之衣）
enderio:item_dark_steel_upgrade:1, 玄钢升级（养蜂人之衣）
enderio:item_dark_steel_upgrade:1, 玄钢升级（养蜂人之鞋）
enderio:item_dark_steel_upgrade:1, 玄钢升级（养蜂人之鞋）
enderio:item_dark_steel_upgrade:1, 玄钢升级（养蜂人之帽）
enderio:item_dark_steel_upgrade:1, 玄钢升级（养蜂人之帽）
enderio:item_dark_steel_upgrade:1, 玄钢升级（养蜂人之裤）
enderio:item_dark_steel_upgrade:1, 玄钢升级（养蜂人之裤）
enderio:item_dark_steel_upgrade:1, 玄钢升级（地毯）
enderio:item_dark_steel_upgrade:1, 玄钢升级（地毯）
enderio:item_dark_steel_upgrade:1, 玄钢升级（深度）
enderio:item_dark_steel_upgrade:1, 玄钢升级（深度）
enderio:item_dark_steel_upgrade:1, 玄钢升级（存入）
enderio:item_dark_steel_upgrade:1, 玄钢升级（存入）
enderio:item_dark_steel_upgrade:1, 玄钢升级（鞘翅）
enderio:item_dark_steel_upgrade:1, 玄钢升级（鞘翅）
enderio:item_dark_steel_upgrade:1, 玄钢升级（注能 I）
enderio:item_dark_steel_upgrade:1, 玄钢升级（注能 I）
enderio:item_dark_steel_upgrade:1, 玄钢升级（注能 II）
enderio:item_dark_steel_upgrade:1, 玄钢升级（注能 II）
enderio:item_dark_steel_upgrade:1, 玄钢升级（注能 III）
enderio:item_dark_steel_upgrade:1, 玄钢升级（注能 III）
enderio:item_dark_steel_upgrade:1, 玄钢升级（注能 IV）
enderio:item_dark_steel_upgrade:1, 玄钢升级（注能 IV）
enderio:item_dark_steel_upgrade:1, 玄钢升级（注能 V）
enderio:item_dark_steel_upgrade:1, 玄钢升级（注能 V）
enderio:item_dark_steel_upgrade:1, 玄钢升级（滑翔）
enderio:item_dark_steel_upgrade:1, 玄钢升级（滑翔）
enderio:item_dark_steel_upgrade:1, 玄钢升级（揭示）
enderio:item_dark_steel_upgrade:1, 玄钢升级（揭示）
enderio:item_dark_steel_upgrade:1, 玄钢升级（叉子）
enderio:item_dark_steel_upgrade:1, 玄钢升级（叉子）
enderio:item_dark_steel_upgrade:1, 玄钢升级（物品栏 I）
enderio:item_dark_steel_upgrade:1, 玄钢升级（物品栏 I）
enderio:item_dark_steel_upgrade:1, 玄钢升级（物品栏 II）
enderio:item_dark_steel_upgrade:1, 玄钢升级（物品栏 II）
enderio:item_dark_steel_upgrade:1, 玄钢升级（物品栏 III）
enderio:item_dark_steel_upgrade:1, 玄钢升级（物品栏 III）
enderio:item_dark_steel_upgrade:1, 玄钢升级（跳跃 I）
enderio:item_dark_steel_upgrade:1, 玄钢升级（跳跃 I）
enderio:item_dark_steel_upgrade:1, 玄钢升级（跳跃 II）
enderio:item_dark_steel_upgrade:1, 玄钢升级（跳跃 II）
enderio:item_dark_steel_upgrade:1, 玄钢升级（跳跃 III）
enderio:item_dark_steel_upgrade:1, 玄钢升级（跳跃 III）
enderio:item_dark_steel_upgrade:1, 玄钢升级（自然之眼）
enderio:item_dark_steel_upgrade:1, 玄钢升级（自然之眼）
enderio:item_dark_steel_upgrade:1, 玄钢升级（夜视）
enderio:item_dark_steel_upgrade:1, 玄钢升级（夜视）
enderio:item_dark_steel_upgrade:1, 玄钢升级（填充）
enderio:item_dark_steel_upgrade:1, 玄钢升级（填充）
enderio:item_dark_steel_upgrade:1, 玄钢升级（简易太阳能）
enderio:item_dark_steel_upgrade:1, 玄钢升级（简易太阳能）
enderio:item_dark_steel_upgrade:1, 玄钢升级（太阳能 I）
enderio:item_dark_steel_upgrade:1, 玄钢升级（太阳能 I）
enderio:item_dark_steel_upgrade:1, 玄钢升级（太阳能 II）
enderio:item_dark_steel_upgrade:1, 玄钢升级（太阳能 II）
enderio:item_dark_steel_upgrade:1, 玄钢升级（太阳能 III）
enderio:item_dark_steel_upgrade:1, 玄钢升级（太阳能 III）
enderio:item_dark_steel_upgrade:1, 玄钢升级（声波定位）
enderio:item_dark_steel_upgrade:1, 玄钢升级（声波定位）
enderio:item_dark_steel_upgrade:1, 玄钢升级（速度 I）
enderio:item_dark_steel_upgrade:1, 玄钢升级（速度 I）
enderio:item_dark_steel_upgrade:1, 玄钢升级（速度 II）
enderio:item_dark_steel_upgrade:1, 玄钢升级（速度 II）
enderio:item_dark_steel_upgrade:1, 玄钢升级（速度 III）
enderio:item_dark_steel_upgrade:1, 玄钢升级（速度 III）
enderio:item_dark_steel_upgrade:1, 玄钢升级（勺子）
enderio:item_dark_steel_upgrade:1, 玄钢升级（勺子）
enderio:item_dark_steel_upgrade:1, 玄钢升级（步行辅助）
enderio:item_dark_steel_upgrade:1, 玄钢升级（步行辅助）
enderio:item_dark_steel_upgrade:1, 玄钢升级（脚蹼）
enderio:item_dark_steel_upgrade:1, 玄钢升级（脚蹼）
enderio:item_dark_steel_upgrade:1, 玄钢升级（神秘使法袍）
enderio:item_dark_steel_upgrade:1, 玄钢升级（神秘使法袍）
enderio:item_dark_steel_upgrade:1, 玄钢升级（神秘使之靴）
enderio:item_dark_steel_upgrade:1, 玄钢升级（神秘使之靴）
enderio:item_dark_steel_upgrade:1, 玄钢升级（神秘使护腿）
enderio:item_dark_steel_upgrade:1, 玄钢升级（神秘使护腿）
enderio:item_dark_steel_upgrade:1, 玄钢升级（爆炸 I）
enderio:item_dark_steel_upgrade:1, 玄钢升级（爆炸 I）
enderio:item_dark_steel_upgrade:1, 玄钢升级（爆炸 II）
enderio:item_dark_steel_upgrade:1, 玄钢升级（爆炸 II）
enderio:item_dark_steel_upgrade:1, 玄钢升级（爆炸 III）
enderio:item_dark_steel_upgrade:1, 玄钢升级（爆炸 III）
enderio:item_dark_steel_upgrade:1, 玄钢升级（爆炸 IV）
enderio:item_dark_steel_upgrade:1, 玄钢升级（爆炸 IV）
enderio:item_dark_steel_upgrade:1, 玄钢升级（爆炸 V）
enderio:item_dark_steel_upgrade:1, 玄钢升级（爆炸 V）
enderio:item_dark_steel_upgrade:1, 玄钢升级（TOP 功能）
enderio:item_dark_steel_upgrade:1, 玄钢升级（TOP 功能）
enderio:item_dark_steel_upgrade:1, 玄钢升级（旅行）
enderio:item_dark_steel_upgrade:1, 玄钢升级（旅行）
enderio:block_death_pouch, 死亡之瓮
enderio:item_owl_egg, 猫头鹰蛋
enderio:block_alloy_endergy:0, 粗钢块
enderio:block_alloy_endergy:1, 晶化合金块
enderio:block_alloy_endergy:2, 旋律合金块
enderio:block_alloy_endergy:3, 恒星合金块
enderio:block_alloy_endergy:4, 晶化粉红史莱姆块
enderio:block_alloy_endergy:5, 充能银块
enderio:block_alloy_endergy:6, 生动合金块
enderio:item_alloy_endergy_ingot:0, 粗钢锭
enderio:item_alloy_endergy_ingot:1, 晶化合金锭
enderio:item_alloy_endergy_ingot:2, 旋律合金锭
enderio:item_alloy_endergy_ingot:3, 恒星合金锭
enderio:item_alloy_endergy_ingot:4, 晶化粉红史莱姆锭
enderio:item_alloy_endergy_ingot:5, 充能银锭
enderio:item_alloy_endergy_ingot:6, 生动合金锭
enderio:item_alloy_endergy_nugget:0, 粗钢粒
enderio:item_alloy_endergy_nugget:1, 晶化合金粒
enderio:item_alloy_endergy_nugget:2, 旋律合金粒
enderio:item_alloy_endergy_nugget:3, 恒星合金粒
enderio:item_alloy_endergy_nugget:4, 晶化粉红史莱姆粒
enderio:item_alloy_endergy_nugget:5, 充能银粒
enderio:item_alloy_endergy_nugget:6, 生动合金粒
enderio:item_alloy_endergy_ball:0, 粗钢磨珠
enderio:item_alloy_endergy_ball:1, 晶化合金磨珠
enderio:item_alloy_endergy_ball:2, 旋律合金磨珠
enderio:item_alloy_endergy_ball:3, 恒星合金磨珠
enderio:item_alloy_endergy_ball:4, 晶化粉红史莱姆磨珠
enderio:item_alloy_endergy_ball:5, 充能银磨珠
enderio:item_alloy_endergy_ball:6, 生动合金磨珠
enderio:item_item_conduit:0, 物品导管
enderio:item_liquid_conduit:0, 流体导管
enderio:item_liquid_conduit:1, 高压流体导管
enderio:item_liquid_conduit:2, 末影流体导管
enderio:item_power_conduit:0, 能量导管
enderio:item_power_conduit:1, 强化能量导管
enderio:item_power_conduit:2, 末影能量导管
enderio:item_redstone_conduit:0, 红石导管
enderio:item_extract_speed_upgrade:0, 导管提取速率升级
enderio:item_extract_speed_downgrade:0, 导管提取速率降级
enderio:item_me_conduit:0, ME导管
enderio:item_me_conduit:1, ME致密导管
enderio:item_opencomputers_conduit:0, OC导管
enderio:item_species_item_filter:0, 物种物品过滤器
enderio:block_inventory_panel, 存储面板
enderio:block_inventory_panel_sensor, 物品感应器
enderio:block_inventory_chest_tiny, 微型存储系统仓库
enderio:block_inventory_chest_small, 小型存储系统仓库
enderio:block_inventory_chest_medium, 中型存储系统仓库
enderio:block_inventory_chest_big, 大型存储系统仓库
enderio:block_inventory_chest_large, 巨型存储系统仓库
enderio:block_inventory_chest_huge, 超级存储系统仓库
enderio:block_inventory_chest_enormous, 终极存储系统仓库
enderio:block_inventory_chest_warehouse, 存储系统仓库货栈
enderio:block_inventory_chest_warehouse13, 物品系统存储器扩展货栈
enderio:item_inventory_remote:0, 远程存储面板
enderio:item_inventory_remote:0, 远程存储面板
enderio:item_inventory_remote:1, 高级远程存储面板
enderio:item_inventory_remote:1, 高级远程存储面板
enderio:item_inventory_remote:2, 末影远程存储面板
enderio:item_inventory_remote:2, 末影远程存储面板
enderio:item_data_conduit:0, 数据导管
enderio:block_simple_furnace, 简易电炉
enderio:block_simple_alloy_smelter, 简易合金炉
enderio:block_alloy_smelter, 合金炉
enderio:block_enhanced_alloy_smelter, 强化合金炉
enderio:block_buffer:0, 物品缓存器
enderio:block_buffer:1, 能量缓存器
enderio:block_buffer:2, 多功能缓存器
enderio:block_buffer:3, 创造模式缓存器
enderio:block_enchanter, 附魔器
enderio:block_farm_station, 种植站
enderio:block_combustion_generator, 燃烧发电机
enderio:block_enhanced_combustion_generator, 强化燃烧发电机
enderio:block_simple_stirling_generator, 简易斯特林发电机
enderio:block_stirling_generator, 斯特林发电机
enderio:block_zombie_generator, 僵尸发电机
enderio:block_franken_zombie_generator, 人造僵尸发电机
enderio:block_ender_generator, 末影人发电机
enderio:block_lava_generator, 熔岩热交换器
enderio:block_killer_joe, 杀手乔
enderio:block_electric_light:0, 电灯
enderio:block_electric_light:1, 电灯（反相）
enderio:block_electric_light:2, 灯
enderio:block_electric_light:3, 灯（反相）
enderio:block_electric_light:4, 无线灯
enderio:block_electric_light:5, 无线灯（反相）
enderio:block_attractor_obelisk, 诱引方尖碑
enderio:block_aversion_obelisk, 排除方尖碑
enderio:block_inhibitor_obelisk, 传送抑制方尖碑
enderio:block_relocator_obelisk, 重定向方尖碑
enderio:block_weather_obelisk, 天气方尖碑
enderio:block_experience_obelisk, 经验方尖碑
enderio:block_painter, 喷涂机
enderio:block_reservoir, 蓄水库
enderio:block_omni_reservoir, 万用蓄水库
enderio:block_simple_sag_mill, 简易 SAG 磨粉机
enderio:block_sag_mill, SAG 磨粉机
enderio:block_enhanced_sag_mill, 强化 SAG 磨粉机
enderio:block_slice_and_splice, 头颅装配机
enderio:block_solar_panel:0, 简易光伏电池
enderio:block_solar_panel:1, 光伏电池
enderio:block_solar_panel:2, 强化光伏电池
enderio:block_solar_panel:3, 脉冲光伏电池
enderio:block_solar_panel:4, 晶化光伏电池
enderio:block_solar_panel:5, 旋律光伏电池
enderio:block_solar_panel:6, 恒星光伏电池
enderio:block_soul_binder, 灵魂绑定器
enderio:block_powered_spawner, 电动刷怪箱
enderio:block_vat, 酿液桶
enderio:block_enhanced_vat, 强化酿液桶
enderio:block_simple_wired_charger, 简易有线充能器
enderio:block_wired_charger, 有线充能器
enderio:block_enhanced_wired_charger, 强化有线充能器
enderio:block_wireless_charger, 无线充能器
enderio:block_normal_wireless_charger, 无线充能天线
enderio:block_enhanced_wireless_charger, 强化无线充能天线
enderio:block_wireless_charger_extension, 无线充能天线放大器
enderio:block_tank:0, 流体储罐
enderio:block_tank:1, 高压流体储罐
enderio:block_transceiver, 空间传送器
enderio:block_vacuum_chest, 虚空箱子
enderio:block_xp_vacuum, 虚空经验箱
enderio:block_niard, 流体填充机
enderio:block_travel_anchor, 旅行锚
enderio:block_tele_pad, 传送台
enderio:block_dialing_device, 坐标记录仪
enderio:block_impulse_hopper, 推力漏斗
enderio:block_simple_crafter, 简易合成器
enderio:block_crafter, 合成器
enderio:block_creative_spawner, 创造模式刷怪箱
enderio:block_cap_bank:0, 创造模式电容库
enderio:block_cap_bank:1, 基础电容库
enderio:block_cap_bank:1, 基础电容库
enderio:block_cap_bank:2, 电容库
enderio:block_cap_bank:2, 电容库
enderio:block_cap_bank:3, 脉冲电容库
enderio:block_cap_bank:3, 脉冲电容库
enderio:block_gauge, 能量存量计
enderio:block_power_monitor, 能量监控器
enderio:block_advanced_power_monitor, 图形化能量监控器
enderio:item_capacitor_grainy, 基岩粉电容
enderio:item_capacitor_crystalline, 晶化电容
enderio:item_capacitor_melodic, 旋律电容
enderio:item_capacitor_stellar, 恒星电容
enderio:item_capacitor_totemic, 不死图腾电容
enderio:item_endergy_conduit:0, 粗钢能量导管
enderio:item_endergy_conduit:1, 铁能量导管
enderio:item_endergy_conduit:2, 铝能量导管
enderio:item_endergy_conduit:3, 金能量导管
enderio:item_endergy_conduit:4, 铜能量导管
enderio:item_endergy_conduit:5, 银能量导管
enderio:item_endergy_conduit:6, 琥珀金能量导管
enderio:item_endergy_conduit:7, 充能银能量导管
enderio:item_endergy_conduit:8, 晶化合金能量导管
enderio:item_endergy_conduit:9, 晶化粉红史莱姆能量导管
enderio:item_endergy_conduit:10, 旋律合金能量导管
enderio:item_endergy_conduit:11, 恒星合金能量导管
enderio:item_capacitor_silver, 银制电容
enderio:item_capacitor_energetic_silver, 充能银电容
enderio:item_capacitor_vivid, 生动合金电容
enderio:item_stellar_alloy_sword, 终结之剑 IV 型
enderio:item_stellar_alloy_pickaxe, 恒星镐
enderio:item_stellar_alloy_axe, 恒星斧
enderio:item_stellar_alloy_helmet, 恒星头盔
enderio:item_stellar_alloy_boots, 恒星靴子
enderio:item_stellar_alloy_chestplate, 恒星胸甲
enderio:item_stellar_alloy_leggings, 恒星护腿
avaritiaio:grindingballneutronium, 中子素磨珠
avaritiaio:grindingballinfinity, 无尽磨珠
avaritiaio:infinitecapacitor, 无尽电容
avaritiarecipemaker:avaritiarecipemakerblock, Avaritia Recipe Factory
avaritiarecipemaker:vanillarecipemakerblock, Vanilla Recipe Factory
betterfurnacesreforged:fuel_efficiency_upgrade, 燃料效率升级
betterfurnacesreforged:ore_processing_upgrade, 矿物处理升级
betterfurnacesreforged:advanced_fuel_efficiency_upgrade, 高级燃料效率升级
betterfurnacesreforged:advanced_ore_processing_upgrade, 高级矿物处理升级
betterfurnacesreforged:liquid_fuel_upgrade, 液体燃料升级
betterfurnacesreforged:energy_upgrade, 能量升级
betterfurnacesreforged:color_upgrade, 染色升级
betterfurnacesreforged:iron_upgrade, 铁升级
betterfurnacesreforged:gold_upgrade, 金升级
betterfurnacesreforged:diamond_upgrade, 钻石升级
betterfurnacesreforged:netherhot_upgrade, 下界热升级
betterfurnacesreforged:extreme_upgrade, 极限升级
modularrouters:item_router, 物品路由器
modularrouters:template_frame, 模板框架方块
modularrouters:blank_module, 空白模块
modularrouters:blank_upgrade, 空白升级
modularrouters:augment_core, 拓展核心
modularrouters:override_card, 安全覆盖卡
modularrouters:module:0, 投掷器模块
modularrouters:module:1, 投掷模块
modularrouters:module:2, 虚空模块
modularrouters:module:3, 放置模块
modularrouters:module:4, 破坏模块
modularrouters:module:5, 发送模块 Mk1
modularrouters:module:6, 发送模块 Mk2
modularrouters:module:7, 发送模块 Mk3
modularrouters:module:8, 抽取模块
modularrouters:module:9, 抽取模块 Mk2
modularrouters:module:10, 造桥模块
modularrouters:module:11, 造桥模块 Mk2
modularrouters:module:12, 检测模块
modularrouters:module:13, 玩家背包模块
modularrouters:module:14, 流体模块
modularrouters:module:15, 销毁模块
modularrouters:module:16, 执行模块
modularrouters:module:17, 分配模块
modularrouters:upgrade:0, 堆叠升级
modularrouters:upgrade:1, 速度升级
modularrouters:upgrade:2, 安全升级
modularrouters:upgrade:3, 伪装升级
modularrouters:upgrade:4, 同步升级
modularrouters:upgrade:5, 流体传输升级
modularrouters:upgrade:6, 消声器升级
modularrouters:upgrade:7, 爆炸升级
modularrouters:filter:0, 批量物品过滤名单
modularrouters:filter:1, 按mod分拣过滤名单
modularrouters:filter:2, 正则表达式过滤名单
modularrouters:filter:3, 检测过滤名单
modularrouters:augment:0, 快速拾取拓展
modularrouters:augment:1, 拾取延迟拓展
modularrouters:augment:2, 范围升级拓展
modularrouters:augment:3, 范围降级拓展
modularrouters:augment:4, 红石拓展
modularrouters:augment:5, 调节拓展
modularrouters:augment:6, 堆叠拓展
modularrouters:augment:7, 经验吸收拓展
modularrouters:augment:8, 模仿拓展
modularrouters:augment:9, 推动拓展
bloodmagic:altar, 血之祭坛
bloodmagic:blood_rune:0, 空白符文
bloodmagic:blood_rune:1, 速度符文
bloodmagic:blood_rune:2, 效率符文
bloodmagic:blood_rune:3, 献祭符文
bloodmagic:blood_rune:4, 牺牲符文
bloodmagic:blood_rune:5, 转位符文
bloodmagic:blood_rune:6, 增容符文
bloodmagic:blood_rune:7, 超容符文
bloodmagic:blood_rune:8, 宝珠符文
bloodmagic:blood_rune:9, 促进符文
bloodmagic:blood_rune:10, 充能符文
bloodmagic:ritual_controller:0, 主仪式石
bloodmagic:ritual_controller:1, 不完善的仪式石
bloodmagic:ritual_controller:2, 反转的主仪式石
bloodmagic:ritual_stone:0, 仪式石
bloodmagic:ritual_stone:1, 水之仪式石
bloodmagic:ritual_stone:2, 火之仪式石
bloodmagic:ritual_stone:3, 土之仪式石
bloodmagic:ritual_stone:4, 风之仪式石
bloodmagic:ritual_stone:5, 薄暮仪式石
bloodmagic:ritual_stone:6, 破晓仪式石
bloodmagic:teleposer, 传送器
bloodmagic:soul_forge, 狱火熔炉
bloodmagic:incense_altar, 熏香祭坛
bloodmagic:demon_crucible, 恶魔坩埚
bloodmagic:demon_pylon, 恶魔导能塔
bloodmagic:demon_crystallizer, 恶魔结晶坛
bloodmagic:demon_crystal:0, [原生]意志晶簇
bloodmagic:demon_crystal:1, [腐蚀]意志晶簇
bloodmagic:demon_crystal:2, [破坏]意志晶簇
bloodmagic:demon_crystal:3, [复仇]意志晶簇
bloodmagic:demon_crystal:4, [坚毅]意志晶簇
bloodmagic:alchemy_table, 炼金术桌
bloodmagic:decorative_brick:0, 大血石砖
bloodmagic:decorative_brick:1, 血石砖
bloodmagic:path:0, 木制路面
bloodmagic:path:1, 木瓦路面
bloodmagic:path:2, 石砖路面
bloodmagic:path:3, 石瓦路面
bloodmagic:path:4, 碎石砖路面
bloodmagic:path:5, 碎石路面
bloodmagic:path:6, 黑曜石砖路面
bloodmagic:path:7, 黑曜石瓦路面
bloodmagic:master_routing_node, 主控路由节点
bloodmagic:input_routing_node, 输入路由节点
bloodmagic:output_routing_node, 输出路由节点
bloodmagic:item_routing_node, 路由节点
bloodmagic:blood_tank:0, 血法师的储罐 层级 1
bloodmagic:blood_tank:1, 血法师的储罐 层级 2
bloodmagic:blood_tank:2, 血法师的储罐 层级 3
bloodmagic:blood_tank:3, 血法师的储罐 层级 4
bloodmagic:blood_tank:4, 血法师的储罐 层级 5
bloodmagic:blood_tank:5, 血法师的储罐 层级 6
bloodmagic:blood_tank:6, 血法师的储罐 层级 7
bloodmagic:blood_tank:7, 血法师的储罐 层级 8
bloodmagic:blood_tank:8, 血法师的储罐 层级 9
bloodmagic:blood_tank:9, 血法师的储罐 层级 10
bloodmagic:blood_tank:10, 血法师的储罐 层级 11
bloodmagic:blood_tank:11, 血法师的储罐 层级 12
bloodmagic:blood_tank:12, 血法师的储罐 层级 13
bloodmagic:blood_tank:13, 血法师的储罐 层级 14
bloodmagic:blood_tank:14, 血法师的储罐 层级 15
bloodmagic:blood_tank:15, 血法师的储罐 层级 16
bloodmagic:mimic:0, [悬幽]拟态方块
bloodmagic:mimic:1, 拟态方块
bloodmagic:mimic:2, [清透]拟态方块
bloodmagic:mimic:3, [光亮]拟态方块
bloodmagic:mimic:4, [感知]拟态方块
bloodmagic:demon_brick_1:0, 原生石砖
bloodmagic:demon_brick_1:1, 腐蚀石砖
bloodmagic:demon_brick_1:2, 破坏石砖
bloodmagic:demon_brick_1:3, 复仇石砖
bloodmagic:demon_brick_1:4, 坚毅石砖
bloodmagic:demon_brick_2:0, 小原生石砖
bloodmagic:demon_brick_2:1, 小腐蚀石砖
bloodmagic:demon_brick_2:2, 小破坏石砖
bloodmagic:demon_brick_2:3, 小复仇石砖
bloodmagic:demon_brick_2:4, 小坚毅石砖
bloodmagic:demon_brick_2:5, 原生石瓦
bloodmagic:demon_brick_2:6, 腐蚀石瓦
bloodmagic:demon_brick_2:7, 破坏石瓦
bloodmagic:demon_brick_2:8, 复仇石瓦
bloodmagic:demon_brick_2:9, 坚毅石瓦
bloodmagic:demon_brick_2:10, 二重原生石瓦
bloodmagic:demon_brick_2:11, 二重腐蚀石瓦
bloodmagic:demon_brick_2:12, 二重破坏石瓦
bloodmagic:demon_brick_2:13, 二重复仇石瓦
bloodmagic:demon_brick_2:14, 二重坚毅石瓦
bloodmagic:demon_extras:0, 原生石头
bloodmagic:demon_extras:1, 腐蚀石头
bloodmagic:demon_extras:2, 破坏石头
bloodmagic:demon_extras:3, 复仇石头
bloodmagic:demon_extras:4, 坚毅石头
bloodmagic:demon_extras:5, 磨制原生石
bloodmagic:demon_extras:6, 磨制腐蚀石
bloodmagic:demon_extras:7, 磨制破坏石
bloodmagic:demon_extras:8, 磨制复仇石
bloodmagic:demon_extras:9, 磨制坚毅石
bloodmagic:demon_extras:10, 原生意志合金
bloodmagic:demon_extras:11, 腐蚀意志合金
bloodmagic:demon_extras:12, 破坏意志合金
bloodmagic:demon_extras:13, 复仇意志合金
bloodmagic:demon_extras:14, 坚毅意志合金
bloodmagic:demon_pillar_1:0, 原生石柱
bloodmagic:demon_pillar_1:1, 腐蚀石柱
bloodmagic:demon_pillar_1:2, 破坏石柱
bloodmagic:demon_pillar_1:3, 复仇石柱
bloodmagic:demon_pillar_1:4, 坚毅石柱
bloodmagic:demon_pillar_2:0, 二重原生石柱
bloodmagic:demon_pillar_2:1, 二重腐蚀石柱
bloodmagic:demon_pillar_2:2, 二重破坏石柱
bloodmagic:demon_pillar_2:3, 二重复仇石柱
bloodmagic:demon_pillar_2:4, 二重坚毅石柱
bloodmagic:demon_pillar_cap_1:0, 原生顶柱
bloodmagic:demon_pillar_cap_1:1, 腐蚀顶柱
bloodmagic:demon_pillar_cap_2:0, 破坏顶柱
bloodmagic:demon_pillar_cap_2:1, 复仇顶柱
bloodmagic:demon_pillar_cap_3, tile.bloodmagic.pillarCap3..name
bloodmagic:demon_light:0, [原生]意志之瞳
bloodmagic:demon_light:1, [腐蚀]意志之瞳
bloodmagic:demon_light:2, [破坏]意志之瞳
bloodmagic:demon_light:3, [复仇]意志之瞳
bloodmagic:demon_light:4, [坚毅]意志之瞳
bloodmagic:demon_wall_1:0, 原生石砖墙
bloodmagic:demon_wall_1:1, 腐蚀石砖墙
bloodmagic:demon_wall_1:2, 破坏石砖墙
bloodmagic:demon_wall_1:3, 复仇石砖墙
bloodmagic:demon_wall_1:4, 坚毅石砖墙
bloodmagic:demon_wall_1:5, 小原生石砖墙
bloodmagic:demon_wall_1:6, 小腐蚀石砖墙
bloodmagic:demon_wall_1:7, 小破坏石砖墙
bloodmagic:demon_wall_1:8, 小复仇石砖墙
bloodmagic:demon_wall_1:9, 小坚毅石砖墙
bloodmagic:demon_wall_1:10, 原生石墙
bloodmagic:demon_wall_1:11, 腐蚀石墙
bloodmagic:demon_wall_1:12, 破坏石墙
bloodmagic:demon_wall_1:13, 复仇石墙
bloodmagic:demon_wall_1:14, 坚毅石墙
bloodmagic:demon_stairs_1:0, 原生石楼梯
bloodmagic:demon_stairs_1:1, 腐蚀石楼梯
bloodmagic:demon_stairs_2:0, 破坏石楼梯
bloodmagic:demon_stairs_2:1, 复仇石楼梯
bloodmagic:demon_stairs_3, tile.bloodmagic.stairs3..name
bloodmagic:inversion_pillar:0, [原生]反转柱
bloodmagic:inversion_pillar:1, [腐蚀]反转柱
bloodmagic:inversion_pillar:2, [破坏]反转柱
bloodmagic:inversion_pillar:3, [复仇]反转柱
bloodmagic:inversion_pillar:4, [坚毅]反转柱
bloodmagic:inversion_pillar_end:0, [原生]反转柱基
bloodmagic:inversion_pillar_end:1, [原生]反转柱顶盖
bloodmagic:inversion_pillar_end:2, [腐蚀]反转柱基
bloodmagic:inversion_pillar_end:3, [腐蚀]反转柱顶盖
bloodmagic:inversion_pillar_end:4, [破坏]反转柱基
bloodmagic:inversion_pillar_end:5, [破坏]反转柱顶盖
bloodmagic:inversion_pillar_end:6, [复仇]反转柱基
bloodmagic:inversion_pillar_end:7, [复仇]反转柱顶盖
bloodmagic:inversion_pillar_end:8, [坚毅]反转柱基
bloodmagic:inversion_pillar_end:9, [坚毅]反转柱顶盖
bloodmagic:blood_orb:0, [虚弱]气血宝珠
bloodmagic:blood_orb:0, [学徒]气血宝珠
bloodmagic:blood_orb:0, [法师]气血宝珠
bloodmagic:blood_orb:0, [导师]气血宝珠
bloodmagic:blood_orb:0, [贤者]气血宝珠
bloodmagic:activation_crystal:0, [虚弱]激活水晶
bloodmagic:activation_crystal:1, [觉醒]激活水晶
bloodmagic:activation_crystal:2, [创造]激活水晶
bloodmagic:slate:0, 空白石板
bloodmagic:slate:1, 强化石板
bloodmagic:slate:2, 灌输石板
bloodmagic:slate:3, 恶魔石板
bloodmagic:slate:4, 悬幽石板
bloodmagic:inscription_tool:1, 元素铭文工具：水
bloodmagic:inscription_tool:2, 元素铭文工具：火
bloodmagic:inscription_tool:3, 元素铭文工具：土
bloodmagic:inscription_tool:4, 元素铭文工具：风
bloodmagic:inscription_tool:5, 元素铭文工具：薄暮
bloodmagic:sacrificial_dagger:0, 牺牲匕首
bloodmagic:sacrificial_dagger:1, [创造]牺牲匕首
bloodmagic:pack_sacrifice, 斗士铠衣
bloodmagic:pack_self_sacrifice, 血液背包
bloodmagic:dagger_of_sacrifice, 献祭刀
bloodmagic:ritual_diviner:0, 仪式推测仗
bloodmagic:ritual_diviner:1, 仪式推测仗 [薄暮]
bloodmagic:ritual_diviner:2, 仪式推测仗 [破晓]
bloodmagic:ritual_dismantler, 仪式拆卸杖
bloodmagic:ritual_reader, 仪式调整钳
bloodmagic:lava_crystal, 熔岩晶体
bloodmagic:bound_sword, 束缚之剑
bloodmagic:bound_pickaxe, 束缚之镐
bloodmagic:bound_axe, 束缚之斧
bloodmagic:bound_shovel, 束缚之锹
bloodmagic:sigil_divination, 占卜印记
bloodmagic:sigil_air, 风之印记
bloodmagic:sigil_water, 水之印记
bloodmagic:sigil_lava, 熔岩印记
bloodmagic:sigil_void, 虚空印记
bloodmagic:sigil_green_grove, 绿丛印记
bloodmagic:sigil_blood_light, 血光印记
bloodmagic:sigil_elemental_affinity, 元素印记
bloodmagic:sigil_magnetism, 磁引印记
bloodmagic:sigil_suppression, 抑液印记
bloodmagic:sigil_haste, 急速印记
bloodmagic:sigil_fast_miner, 速掘印记
bloodmagic:sigil_seer, 见解印记
bloodmagic:sigil_phantom_bridge, 影桥印记
bloodmagic:sigil_whirlwind, 旋风印记
bloodmagic:sigil_compression, 压挤印记
bloodmagic:sigil_ender_severance, 绝影印记
bloodmagic:sigil_holding, 集持印记
bloodmagic:sigil_teleposition, 传送印记
bloodmagic:sigil_transposition, 移位印记
bloodmagic:sigil_claw, 爪之印记
bloodmagic:sigil_bounce, 弹性印记
bloodmagic:sigil_frost, 冰霜印记
bloodmagic:component:0, 水之试剂
bloodmagic:component:1, 熔岩试剂
bloodmagic:component:2, 风之试剂
bloodmagic:component:3, 采掘试剂
bloodmagic:component:4, 虚空试剂
bloodmagic:component:5, 促生试剂
bloodmagic:component:6, 元素试剂
bloodmagic:component:7, 见解试剂
bloodmagic:component:8, 束缚试剂
bloodmagic:component:9, 抑液试剂
bloodmagic:component:10, 框架零件
bloodmagic:component:11, 血光试剂
bloodmagic:component:12, 磁引试剂
bloodmagic:component:13, 急速试剂
bloodmagic:component:14, 压挤试剂
bloodmagic:component:15, 影桥试剂
bloodmagic:component:16, 隔绝试剂
bloodmagic:component:17, 传送试剂
bloodmagic:component:18, 移位试剂
bloodmagic:component:19, 铁矿砂
bloodmagic:component:20, 金矿砂
bloodmagic:component:21, 煤矿砂
bloodmagic:component:22, 植物油
bloodmagic:component:23, 硫磺
bloodmagic:component:24, 硝石
bloodmagic:component:25, 神经毒素
bloodmagic:component:26, 防腐剂
bloodmagic:component:27, 集持试剂
bloodmagic:component:28, 简单的延时催化剂
bloodmagic:component:29, 简单的功效催化剂
bloodmagic:component:30, 爪之试剂
bloodmagic:component:31, 弹性试剂
bloodmagic:component:32, 霜之试剂
bloodmagic:item_demon_crystal:0, 恶魔意志晶体
bloodmagic:item_demon_crystal:1, 腐蚀意志晶体
bloodmagic:item_demon_crystal:2, 破坏意志晶体
bloodmagic:item_demon_crystal:3, 复仇意志晶体
bloodmagic:item_demon_crystal:4, 坚毅意志晶体
bloodmagic:teleposition_focus:0, 传送核心
bloodmagic:teleposition_focus:1, [加强]传送核心
bloodmagic:teleposition_focus:2, [强化]传送核心
bloodmagic:teleposition_focus:3, [恶魔]传送核心
bloodmagic:experience_tome, 经验手册
bloodmagic:blood_shard:0, [虚弱]气血碎片
bloodmagic:blood_shard:1, [恶魔]气血碎片
bloodmagic:living_armour_helmet, item.bloodmagic.livingArmour..name
bloodmagic:living_armour_chest, item.bloodmagic.livingArmour..name
bloodmagic:living_armour_leggings, item.bloodmagic.livingArmour..name
bloodmagic:living_armour_boots, item.bloodmagic.livingArmour..name
bloodmagic:sentient_armour_helmet, item.bloodmagic.sentientArmour..name
bloodmagic:sentient_armour_chest, item.bloodmagic.sentientArmour..name
bloodmagic:sentient_armour_leggings, item.bloodmagic.sentientArmour..name
bloodmagic:sentient_armour_boots, item.bloodmagic.sentientArmour..name
bloodmagic:altar_maker, 祭坛搭建工具
bloodmagic:upgrade_trainer:0, 束灵盔甲训练手镯
bloodmagic:arcane_ashes, 奥术粉灰
bloodmagic:monster_soul:0, [原生]恶魔意志
bloodmagic:monster_soul:1, [腐蚀]恶魔意志
bloodmagic:monster_soul:2, [破坏]恶魔意志
bloodmagic:monster_soul:3, [复仇]恶魔意志
bloodmagic:monster_soul:4, [坚毅]恶魔意志
bloodmagic:soul_gem:0, [微小]地狱魂石
bloodmagic:soul_gem:1, [细块]地狱魂石
bloodmagic:soul_gem:2, [普通]地狱魂石
bloodmagic:soul_gem:3, [较大]地狱魂石
bloodmagic:soul_gem:4, [精制]地狱魂石
bloodmagic:soul_gem:0, [微小]地狱魂石
bloodmagic:soul_gem:1, [细块]地狱魂石
bloodmagic:soul_gem:2, [普通]地狱魂石
bloodmagic:soul_gem:3, [较大]地狱魂石
bloodmagic:soul_gem:4, [精制]地狱魂石
bloodmagic:soul_gem:0, [微小]地狱魂石
bloodmagic:soul_gem:1, [细块]地狱魂石
bloodmagic:soul_gem:2, [普通]地狱魂石
bloodmagic:soul_gem:3, [较大]地狱魂石
bloodmagic:soul_gem:4, [精制]地狱魂石
bloodmagic:soul_gem:0, [微小]地狱魂石
bloodmagic:soul_gem:1, [细块]地狱魂石
bloodmagic:soul_gem:2, [普通]地狱魂石
bloodmagic:soul_gem:3, [较大]地狱魂石
bloodmagic:soul_gem:4, [精制]地狱魂石
bloodmagic:soul_gem:0, [微小]地狱魂石
bloodmagic:soul_gem:1, [细块]地狱魂石
bloodmagic:soul_gem:2, [普通]地狱魂石
bloodmagic:soul_gem:3, [较大]地狱魂石
bloodmagic:soul_gem:4, [精制]地狱魂石
bloodmagic:soul_gem:0, [微小]地狱魂石
bloodmagic:soul_gem:1, [细块]地狱魂石
bloodmagic:soul_gem:2, [普通]地狱魂石
bloodmagic:soul_gem:3, [较大]地狱魂石
bloodmagic:soul_gem:4, [精制]地狱魂石
bloodmagic:soul_snare:0, 原始投网
bloodmagic:sentient_sword, 感知之剑
bloodmagic:sentient_bow, 感知之弓
bloodmagic:sentient_armour_gem, 感知盔甲宝石
bloodmagic:sentient_axe, 感知之斧
bloodmagic:sentient_pickaxe, 感知之镐
bloodmagic:sentient_shovel, 感知之锹
bloodmagic:node_router, 节点连接工具
bloodmagic:base_item_filter:0, 精确物品筛选器
bloodmagic:base_item_filter:1, NBT物品筛选器
bloodmagic:base_item_filter:2, Mod物品筛选器
bloodmagic:base_item_filter:3, 矿物物品筛选器
bloodmagic:base_fluid_filter:0, 精确液体筛选器
bloodmagic:cutting_fluid:0, 基础切削油
bloodmagic:cutting_fluid:1, 爆炸火药
bloodmagic:sanguine_book, 指示之书
bloodmagic:points_upgrade, item.bloodmagic.living_point_upgrade.name
bloodmagic:demon_will_gauge, 灵域测量仪
bloodmagic:potion_flask, 药剂瓶
bloodmagic:alchemic_vial, item.bloodmagic.alchemic_vial.name
bloodmagic:icarus_scroll, 伊卡洛斯卷轴
bonsaitrees:bonsaipot:0, 盆栽盆
bonsaitrees:bonsaipot:1, 漏式盆栽盆
botaniverse:morespreader:0, 尼弗尔海姆魔力发射器
botaniverse:morespreader:1, 穆斯贝尔海姆魔力发射器
botaniverse:morespreader:2, 艾尔夫海姆魔力发射器
botaniverse:morespreader:3, 阿斯加德魔力发射器
botaniverse:morespreader:4, 创造魔力发射器
botaniverse:morepool:0, 尼弗尔海姆魔力池
botaniverse:morepool:1, 穆斯贝尔海姆魔力池
botaniverse:morepool:2, 艾尔夫海姆魔力池
botaniverse:morepool:3, 阿斯加德魔力池
botaniverse:morepylon:0, 尼弗尔海姆水晶
botaniverse:morepylon:1, 穆斯贝尔海姆水晶
botaniverse:morepylon:2, 艾尔夫海姆水晶
botaniverse:morepylon:3, 阿斯加德水晶
botaniverse:morerock:0, 尼弗尔海姆石
botaniverse:morerock:1, 穆斯贝尔海姆石
botaniverse:morerock:2, 艾尔夫海姆石
botaniverse:morerock:3, 阿斯加德石
botaniverse:morewood:0, 尼弗尔海姆之木
botaniverse:morewood:1, 穆斯贝尔海姆之木
botaniverse:morewood:2, 艾尔夫海姆之木
botaniverse:morewood:3, 阿斯加德之木
botaniverse:morewood:4, 微光尼弗尔海姆之木
botaniverse:morewood:5, 微光穆斯贝尔海姆之木
botaniverse:morewood:6, 微光艾尔夫海姆之木
botaniverse:morewood:7, 微光阿斯加德之木
botaniverse:spark_nilfheim, item.spark_nilfheim.name
botaniverse:spark_muspelheim, item.spark_muspelheim.name
botaniverse:spark_alfheim, item.spark_alfheim.name
botaniverse:spark_asgard, item.spark_asgard.name
botaniverse:morerune:0, 尼弗尔海姆符文
botaniverse:morerune:1, 穆斯贝尔海姆符文
botaniverse:morerune:2, 艾尔夫海姆符文
botaniverse:morerune:3, 阿斯加德符文
buildinggadgets:buildingtool, 建筑小帮手
buildinggadgets:exchangertool, 更替小帮手
buildinggadgets:copypastetool, 复制-粘贴小帮手
buildinggadgets:templatemanager, 模板管理器
buildinggadgets:template, 模板
buildinggadgets:destructiontool, 破坏小帮手
buildinggadgets:constructionblock_dense, 致密构建方块
buildinggadgets:constructionblock, 构建方块
buildinggadgets:constructionblockpowder, 构建方块粉末
buildinggadgets:constructionpaste, 构建黏膏
buildinggadgets:construction_chunk_dense, 致密构建块
buildinggadgets:constructionpastecontainer, 黏膏容器
buildinggadgets:constructionpastecontainert2, 黏膏容器 T2
buildinggadgets:constructionpastecontainert3, 黏膏容器 T3
buildinggadgets:constructionpastecontainercreative, 创造黏膏容器
compactmachines3:tunnel, 接口
compactmachines3:redstonetunnel, 红石接口
compactmachines3:wall, 紧实型压缩空间壁
compactmachines3:wallbreakable, 压缩空间壁
compactmachines3:machine:0, 微型压缩空间机械
compactmachines3:machine:1, 小型压缩空间机械
compactmachines3:machine:2, 普通压缩空间机械
compactmachines3:machine:3, 大型压缩空间机械
compactmachines3:machine:4, 巨型压缩空间机械
compactmachines3:machine:5, 超大型压缩空间机械
compactmachines3:fieldprojector, 压缩空间机械制作器
compactmachines3:psd, 传送器
compactmachines3:tunneltool, 接口
compactmachines3:redstonetunneltool, 红石接口
compactstorage:compactchest, 紧凑型箱子
compactstorage:chestbuilder, 箱子生成器
compactstorage:backpack, 背包
compactstorage:barrel, 木桶
compactstorage:barrel_fluid, 鼓
cookingforblockheads:cooking_table, 烹饪桌
cookingforblockheads:oven, 烤箱
cookingforblockheads:fridge, 冰箱
cookingforblockheads:sink, 水槽
cookingforblockheads:tool_rack, 厨具架
cookingforblockheads:toaster, 吐司机
cookingforblockheads:milk_jar, 牛奶罐
cookingforblockheads:cow_jar, 罐中奶牛
cookingforblockheads:spice_rack, 调料架
cookingforblockheads:counter, 厨房柜台
cookingforblockheads:cabinet, 厨柜
cookingforblockheads:corner, 厨房转角
cookingforblockheads:kitchen_floor, 厨房地板
cookingforblockheads:fruit_basket, 水果篮
cookingforblockheads:cutting_board, 砧板
cookingforblockheads:recipe_book:0, 傻瓜烹饪手册
cookingforblockheads:recipe_book:1, 傻瓜烹饪手册 I
cookingforblockheads:recipe_book:2, 傻瓜烹饪手册 II
cookingforblockheads:heating_unit, 加热单元
cookingforblockheads:ice_unit, 冷却单元
cookingforblockheads:preservation_chamber, 保鲜室
fartgen:generator, 发电机
deepmoblearning:polymer_clay, 聚合粘土
deepmoblearning:data_model_blank, 空白数据模型
deepmoblearning:deep_learner, §b深度学习器§r
deepmoblearning:creative_model_learner, 创造模式模型学习器
deepmoblearning:soot_covered_redstone, 炭灰红石
deepmoblearning:soot_covered_plate, 炭灰板材
deepmoblearning:glitch_infused_ingot, §b故障灌注锭§r
deepmoblearning:glitch_fragment, §b不稳定故障碎片§r
deepmoblearning:glitch_heart, §b损坏的故障心脏§r
deepmoblearning:trial_key, §b测试密钥§r
deepmoblearning:glitch_infused_helmet, §b故障灌注头盔§r
deepmoblearning:glitch_infused_chestplate, §b故障灌注胸甲§r
deepmoblearning:glitch_infused_leggings, §b故障灌注护腿§r
deepmoblearning:glitch_infused_boots, §b故障灌注靴子§r
deepmoblearning:glitch_infused_sword, §b故障灌注剑§r
deepmoblearning:living_matter_overworldian, 主世界物质
deepmoblearning:living_matter_hellish, 地狱物质
deepmoblearning:living_matter_extraterrestrial, 地外物质
deepmoblearning:living_matter_void, item.deepmoblearning.living_matter_void.name
deepmoblearning:data_model_blaze, §b烈焰人数据模型§r
deepmoblearning:data_model_creeper, §b爬行者数据模型§r
deepmoblearning:data_model_dragon, §b末影龙数据模型§r
deepmoblearning:data_model_enderman, §b末影人数据模型§r
deepmoblearning:data_model_ghast, §b恶魂数据模型§r
deepmoblearning:data_model_guardian, §b守卫者数据模型§r
deepmoblearning:data_model_shulker, §b潜影贝数据模型§r
deepmoblearning:data_model_skeleton, §b骷髅数据模型§r
deepmoblearning:data_model_slime, §b史莱姆数据模型§r
deepmoblearning:data_model_spider, §b蜘蛛数据模型§r
deepmoblearning:data_model_witch, §b女巫数据模型§r
deepmoblearning:data_model_wither, §b凋灵数据模型§r
deepmoblearning:data_model_error, item.deepmoblearning.data_model_error.name
deepmoblearning:data_model_gaia, item.deepmoblearning.data_model_gaia.name
deepmoblearning:data_model_wither_skeleton, §b凋灵骷髅数据模型§r
deepmoblearning:data_model_zombie, §b僵尸数据模型§r
deepmoblearning:data_model_mo_android, §b机器人数据模型§r
deepmoblearning:data_model_chaosguardian, item.deepmoblearning.data_model_chaosguardian.name
deepmoblearning:pristine_matter_blaze, 原始烈焰人物质
deepmoblearning:pristine_matter_creeper, 原始爬行者物质
deepmoblearning:pristine_matter_dragon, 原始末影龙物质
deepmoblearning:pristine_matter_enderman, 原始末影人物质
deepmoblearning:pristine_matter_ghast, 原始恶魂物质
deepmoblearning:pristine_matter_guardian, 原始守卫者物质
deepmoblearning:pristine_matter_shulker, 原始潜影贝物质
deepmoblearning:pristine_matter_skeleton, 原始骷髅物质
deepmoblearning:pristine_matter_slime, 原始史莱姆物质
deepmoblearning:pristine_matter_spider, 原始蜘蛛物质
deepmoblearning:pristine_matter_witch, 原始女巫物质
deepmoblearning:pristine_matter_wither, 原始凋灵物质
deepmoblearning:pristine_matter_error, item.deepmoblearning.pristine_matter_error.name
deepmoblearning:pristine_matter_gaia, item.deepmoblearning.pristine_matter_gaia.name
deepmoblearning:pristine_matter_wither_skeleton, 原始凋灵骷髅物质
deepmoblearning:pristine_matter_zombie, 原始僵尸物质
deepmoblearning:pristine_matter_mo_android, 原始机器人物质
deepmoblearning:pristine_matter_chaosguardian, item.deepmoblearning.pristine_matter_chaosguardian.name
deepmoblearning:infused_ingot_block, 故障灌注块
deepmoblearning:machine_casing, 炭灰板材机械外壳
deepmoblearning:simulation_chamber, 模拟室
deepmoblearning:extraction_chamber, 战利品制造器
deepmoblearning:trial_keystone, 测试楔石
deepmoblearningbm:digital_agonizer, 数字化苦难之井
deepmoblearningbm:digital_will_injector, 数字化恶魔意志汲取器
deepmoblearningbm:block_blood_infused_glitch_ingot, §c注血故障块§r
deepmoblearningbm:altar_linker, 祭坛连接器
deepmoblearningbm:blood_infused_glitch_ingot, §c注血故障锭§r
deepmoblearningbm:blood_infused_glitch_nugget, §c注血故障粒§r
efab:upgrade_armory, 兵工厂升级
efab:upgrade_magic, 魔法升级
efab:upgrade_power, 能量升级
efab:upgrade_digital, 数字化升级
efab:manareceptacle, 魔力容器
efab:base, EFab 框架
efab:gearbox, 齿轮箱
efab:pipes, 管道
efab:grid, EFab 合成终端
efab:tank, 储罐
efab:tank2, 高级储罐
efab:boiler, 锅炉
efab:steamengine, 蒸汽引擎
efab:rfcontrol, RF 控制器
efab:rfstorage, RF 存储器
efab:rfstorage_advanced, 高级 RF 存储器
efab:processor, 处理器
efab:monitor, 监测器
efab:autocrafting_monitor, 自动合成监测器
efab:storage, 物品存储器
efab:crafter, 合成器
efab:power_optimizer, 能量优化器
ebwizardry:arcane_workbench, 奥术工作台
ebwizardry:crystal_ore, 水晶矿石
ebwizardry:crystal_flower, 水晶花
ebwizardry:transportation_stone, 传送石
ebwizardry:crystal_block:0, 水晶块
ebwizardry:crystal_block:1, 赤焰晶块
ebwizardry:crystal_block:2, 寒霜晶块
ebwizardry:crystal_block:3, 风暴晶块
ebwizardry:crystal_block:4, 邃暗晶块
ebwizardry:crystal_block:5, 苍翠晶块
ebwizardry:crystal_block:6, 秘源晶块
ebwizardry:crystal_block:7, 光辉晶块
ebwizardry:runestone:1, 符石
ebwizardry:runestone:2, 符石
ebwizardry:runestone:3, 符石
ebwizardry:runestone:4, 符石
ebwizardry:runestone:5, 符石
ebwizardry:runestone:6, 符石
ebwizardry:runestone:7, 符石
ebwizardry:runestone_pedestal:1, 符石基座
ebwizardry:runestone_pedestal:2, 符石基座
ebwizardry:runestone_pedestal:3, 符石基座
ebwizardry:runestone_pedestal:4, 符石基座
ebwizardry:runestone_pedestal:5, 符石基座
ebwizardry:runestone_pedestal:6, 符石基座
ebwizardry:runestone_pedestal:7, 符石基座
ebwizardry:gilded_wood:0, 镀金橡木
ebwizardry:gilded_wood:1, 镀金云杉木
ebwizardry:gilded_wood:2, 镀金白桦木
ebwizardry:gilded_wood:3, 镀金丛林木
ebwizardry:gilded_wood:4, 镀金金合欢木
ebwizardry:gilded_wood:5, 镀金深色橡木
ebwizardry:oak_bookshelf, 橡木书橱
ebwizardry:spruce_bookshelf, 云杉木书橱
ebwizardry:birch_bookshelf, 白桦木书橱
ebwizardry:jungle_bookshelf, 丛林木书橱
ebwizardry:acacia_bookshelf, 金合欢木书橱
ebwizardry:dark_oak_bookshelf, 深色橡木书橱
ebwizardry:oak_lectern, 橡木览术台
ebwizardry:spruce_lectern, 云杉木览术台
ebwizardry:birch_lectern, 白桦木览术台
ebwizardry:jungle_lectern, 丛林木览术台
ebwizardry:acacia_lectern, 金合欢木览术台
ebwizardry:dark_oak_lectern, 深色橡木览术台
ebwizardry:receptacle, 容杯
ebwizardry:imbuement_altar, 注灵祭坛
ebwizardry:magic_crystal:0, 魔力水晶
ebwizardry:magic_crystal:1, 赤焰水晶
ebwizardry:magic_crystal:2, 寒霜水晶
ebwizardry:magic_crystal:3, 风暴水晶
ebwizardry:magic_crystal:4, 邃暗水晶
ebwizardry:magic_crystal:5, 苍翠水晶
ebwizardry:magic_crystal:6, 秘源水晶
ebwizardry:magic_crystal:7, 光辉水晶
ebwizardry:crystal_shard, 魔力水晶碎片
ebwizardry:grand_crystal, 大型魔力水晶
ebwizardry:wizard_handbook, 巫师手札
ebwizardry:arcane_tome:1, 奥法宝典
ebwizardry:arcane_tome:2, 奥法宝典
ebwizardry:arcane_tome:3, 奥法宝典
ebwizardry:spell_book:1, 法术书
ebwizardry:spell_book:2, 法术书
ebwizardry:spell_book:3, 法术书
ebwizardry:spell_book:4, 法术书
ebwizardry:spell_book:5, 法术书
ebwizardry:spell_book:6, 法术书
ebwizardry:spell_book:7, 法术书
ebwizardry:spell_book:8, 法术书
ebwizardry:spell_book:9, 法术书
ebwizardry:spell_book:10, 法术书
ebwizardry:spell_book:11, 法术书
ebwizardry:spell_book:12, 法术书
ebwizardry:spell_book:13, 法术书
ebwizardry:spell_book:14, 法术书
ebwizardry:spell_book:15, 法术书
ebwizardry:spell_book:16, 法术书
ebwizardry:spell_book:17, 法术书
ebwizardry:spell_book:18, 法术书
ebwizardry:spell_book:19, 法术书
ebwizardry:spell_book:20, 法术书
ebwizardry:spell_book:21, 法术书
ebwizardry:spell_book:22, 法术书
ebwizardry:spell_book:23, 法术书
ebwizardry:spell_book:24, 法术书
ebwizardry:spell_book:25, 法术书
ebwizardry:spell_book:26, 法术书
ebwizardry:spell_book:27, 法术书
ebwizardry:spell_book:28, 法术书
ebwizardry:spell_book:29, 法术书
ebwizardry:spell_book:30, 法术书
ebwizardry:spell_book:31, 法术书
ebwizardry:spell_book:32, 法术书
ebwizardry:spell_book:33, 法术书
ebwizardry:spell_book:34, 法术书
ebwizardry:spell_book:35, 法术书
ebwizardry:spell_book:36, 法术书
ebwizardry:spell_book:37, 法术书
ebwizardry:spell_book:38, 法术书
ebwizardry:spell_book:39, 法术书
ebwizardry:spell_book:40, 法术书
ebwizardry:spell_book:41, 法术书
ebwizardry:spell_book:42, 法术书
ebwizardry:spell_book:43, 法术书
ebwizardry:spell_book:44, 法术书
ebwizardry:spell_book:45, 法术书
ebwizardry:spell_book:46, 法术书
ebwizardry:spell_book:47, 法术书
ebwizardry:spell_book:48, 法术书
ebwizardry:spell_book:49, 法术书
ebwizardry:spell_book:50, 法术书
ebwizardry:spell_book:51, 法术书
ebwizardry:spell_book:52, 法术书
ebwizardry:spell_book:53, 法术书
ebwizardry:spell_book:54, 法术书
ebwizardry:spell_book:55, 法术书
ebwizardry:spell_book:56, 法术书
ebwizardry:spell_book:57, 法术书
ebwizardry:spell_book:58, 法术书
ebwizardry:spell_book:59, 法术书
ebwizardry:spell_book:60, 法术书
ebwizardry:spell_book:61, 法术书
ebwizardry:spell_book:62, 法术书
ebwizardry:spell_book:63, 法术书
ebwizardry:spell_book:64, 法术书
ebwizardry:spell_book:65, 法术书
ebwizardry:spell_book:66, 法术书
ebwizardry:spell_book:67, 法术书
ebwizardry:spell_book:68, 法术书
ebwizardry:spell_book:69, 法术书
ebwizardry:spell_book:70, 法术书
ebwizardry:spell_book:71, 法术书
ebwizardry:spell_book:72, 法术书
ebwizardry:spell_book:73, 法术书
ebwizardry:spell_book:74, 法术书
ebwizardry:spell_book:75, 法术书
ebwizardry:spell_book:76, 法术书
ebwizardry:spell_book:77, 法术书
ebwizardry:spell_book:78, 法术书
ebwizardry:spell_book:79, 法术书
ebwizardry:spell_book:80, 法术书
ebwizardry:spell_book:81, 法术书
ebwizardry:spell_book:82, 法术书
ebwizardry:spell_book:83, 法术书
ebwizardry:spell_book:84, 法术书
ebwizardry:spell_book:85, 法术书
ebwizardry:spell_book:86, 法术书
ebwizardry:spell_book:87, 法术书
ebwizardry:spell_book:88, 法术书
ebwizardry:spell_book:89, 法术书
ebwizardry:spell_book:90, 法术书
ebwizardry:spell_book:91, 法术书
ebwizardry:spell_book:92, 法术书
ebwizardry:spell_book:93, 法术书
ebwizardry:spell_book:94, 法术书
ebwizardry:spell_book:95, 法术书
ebwizardry:spell_book:96, 法术书
ebwizardry:spell_book:97, 法术书
ebwizardry:spell_book:98, 法术书
ebwizardry:spell_book:99, 法术书
ebwizardry:spell_book:100, 法术书
ebwizardry:spell_book:101, 法术书
ebwizardry:spell_book:102, 法术书
ebwizardry:spell_book:103, 法术书
ebwizardry:spell_book:104, 法术书
ebwizardry:spell_book:105, 法术书
ebwizardry:spell_book:106, 法术书
ebwizardry:spell_book:107, 法术书
ebwizardry:spell_book:108, 法术书
ebwizardry:spell_book:109, 法术书
ebwizardry:spell_book:110, 法术书
ebwizardry:spell_book:111, 法术书
ebwizardry:spell_book:112, 法术书
ebwizardry:spell_book:113, 法术书
ebwizardry:spell_book:114, 法术书
ebwizardry:spell_book:115, 法术书
ebwizardry:spell_book:116, 法术书
ebwizardry:spell_book:117, 法术书
ebwizardry:spell_book:118, 法术书
ebwizardry:spell_book:119, 法术书
ebwizardry:spell_book:120, 法术书
ebwizardry:spell_book:121, 法术书
ebwizardry:spell_book:122, 法术书
ebwizardry:spell_book:123, 法术书
ebwizardry:spell_book:124, 法术书
ebwizardry:spell_book:125, 法术书
ebwizardry:spell_book:126, 法术书
ebwizardry:spell_book:127, 法术书
ebwizardry:spell_book:128, 法术书
ebwizardry:spell_book:129, 法术书
ebwizardry:spell_book:130, 法术书
ebwizardry:spell_book:131, 法术书
ebwizardry:spell_book:132, 法术书
ebwizardry:spell_book:133, 法术书
ebwizardry:spell_book:134, 法术书
ebwizardry:spell_book:135, 法术书
ebwizardry:spell_book:136, 法术书
ebwizardry:spell_book:137, 法术书
ebwizardry:spell_book:138, 法术书
ebwizardry:spell_book:139, 法术书
ebwizardry:spell_book:140, 法术书
ebwizardry:spell_book:141, 法术书
ebwizardry:spell_book:142, 法术书
ebwizardry:spell_book:143, 法术书
ebwizardry:spell_book:144, 法术书
ebwizardry:spell_book:145, 法术书
ebwizardry:spell_book:146, 法术书
ebwizardry:spell_book:147, 法术书
ebwizardry:spell_book:148, 法术书
ebwizardry:spell_book:149, 法术书
ebwizardry:spell_book:150, 法术书
ebwizardry:spell_book:151, 法术书
ebwizardry:spell_book:152, 法术书
ebwizardry:spell_book:153, 法术书
ebwizardry:spell_book:154, 法术书
ebwizardry:spell_book:155, 法术书
ebwizardry:spell_book:156, 法术书
ebwizardry:spell_book:157, 法术书
ebwizardry:spell_book:158, 法术书
ebwizardry:spell_book:159, 法术书
ebwizardry:spell_book:160, 法术书
ebwizardry:spell_book:161, 法术书
ebwizardry:spell_book:162, 法术书
ebwizardry:spell_book:163, 法术书
ebwizardry:spell_book:164, 法术书
ebwizardry:spell_book:165, 法术书
ebwizardry:spell_book:166, 法术书
ebwizardry:spell_book:167, 法术书
ebwizardry:spell_book:168, 法术书
ebwizardry:spell_book:169, 法术书
ebwizardry:spell_book:170, 法术书
ebwizardry:spell_book:171, 法术书
ebwizardry:spell_book:172, 法术书
ebwizardry:spell_book:173, 法术书
ebwizardry:spell_book:174, 法术书
ebwizardry:spell_book:175, 法术书
ebwizardry:spell_book:176, 法术书
ebwizardry:spell_book:177, 法术书
ebwizardry:spell_book:178, 法术书
ebwizardry:spell_book:179, 法术书
ebwizardry:spell_book:180, 法术书
ebwizardry:spell_book:181, 法术书
ebwizardry:spell_book:182, 法术书
ebwizardry:spell_book:183, 法术书
ebwizardry:spell_book:184, 法术书
ebwizardry:spell_book:185, 法术书
ebwizardry:spell_book:186, 法术书
ebwizardry:spell_book:187, 法术书
ebwizardry:spell_book:188, 法术书
ebwizardry:scroll:1, 魔法飞弹卷轴
ebwizardry:scroll:2, 点燃卷轴
ebwizardry:scroll:3, 冻结卷轴
ebwizardry:scroll:4, 雪球卷轴
ebwizardry:scroll:5, 电弧卷轴
ebwizardry:scroll:6, 电流投掷卷轴
ebwizardry:scroll:7, 召唤僵尸卷轴
ebwizardry:scroll:8, 自然陷阱卷轴
ebwizardry:scroll:9, 飞镖卷轴
ebwizardry:scroll:10, 荧光闪烁卷轴
ebwizardry:scroll:11, 隔空取物卷轴
ebwizardry:scroll:12, 轻伤治愈卷轴
ebwizardry:scroll:13, 火球术卷轴
ebwizardry:scroll:14, 火焰射线卷轴
ebwizardry:scroll:15, 燃烧弹卷轴
ebwizardry:scroll:16, 火之陷阱卷轴
ebwizardry:scroll:17, 焰矢术卷轴
ebwizardry:scroll:18, 冰霜射线卷轴
ebwizardry:scroll:19, 召唤雪傀儡卷轴
ebwizardry:scroll:20, 冰霜碎片卷轴
ebwizardry:scroll:21, 冰雕卷轴
ebwizardry:scroll:22, 冰霜陷阱卷轴
ebwizardry:scroll:23, 闪电射线卷轴
ebwizardry:scroll:24, 电击弹卷轴
ebwizardry:scroll:25, 追踪闪电卷轴
ebwizardry:scroll:26, 闪电陷阱卷轴
ebwizardry:scroll:27, 闪电箭卷轴
ebwizardry:scroll:28, 生命汲取卷轴
ebwizardry:scroll:29, 召唤骷髅卷轴
ebwizardry:scroll:30, 形态转化卷轴
ebwizardry:scroll:31, 凋零卷轴
ebwizardry:scroll:32, 毒化卷轴
ebwizardry:scroll:33, 生长光环卷轴
ebwizardry:scroll:34, 气泡卷轴
ebwizardry:scroll:35, 疾风卷轴
ebwizardry:scroll:36, 毒液弹卷轴
ebwizardry:scroll:37, 召唤幽灵狼卷轴
ebwizardry:scroll:38, 闪现卷轴
ebwizardry:scroll:39, 敏捷卷轴
ebwizardry:scroll:40, 幽冥剑卷轴
ebwizardry:scroll:41, 幽冥镐卷轴
ebwizardry:scroll:42, 幽冥弓卷轴
ebwizardry:scroll:43, 原力箭矢卷轴
ebwizardry:scroll:44, 护盾术卷轴
ebwizardry:scroll:45, 饱食恢复卷轴
ebwizardry:scroll:46, 效果清空卷轴
ebwizardry:scroll:47, 治愈盟友卷轴
ebwizardry:scroll:48, 召唤烈焰人卷轴
ebwizardry:scroll:49, 火环卷轴
ebwizardry:scroll:50, 魔爆术卷轴
ebwizardry:scroll:51, 抗火卷轴
ebwizardry:scroll:52, 狱炎肌肤卷轴
ebwizardry:scroll:53, 炽烈之斧卷轴
ebwizardry:scroll:54, 暴雪卷轴
ebwizardry:scroll:55, 召唤冰封幽灵卷轴
ebwizardry:scroll:56, 冰霜护体卷轴
ebwizardry:scroll:57, 冰霜冲击卷轴
ebwizardry:scroll:58, 冰霜之斧卷轴
ebwizardry:scroll:59, 祈雨卷轴
ebwizardry:scroll:60, 连锁闪电卷轴
ebwizardry:scroll:61, 落雷卷轴
ebwizardry:scroll:62, 召唤闪电幽灵卷轴
ebwizardry:scroll:63, 静电力场卷轴
ebwizardry:scroll:64, 闪电飞盘卷轴
ebwizardry:scroll:65, 精神控制卷轴
ebwizardry:scroll:66, 召唤凋灵骷髅卷轴
ebwizardry:scroll:67, 黑暗气泡卷轴
ebwizardry:scroll:68, 凋灵头颅卷轴
ebwizardry:scroll:69, 凋逝影珠卷轴
ebwizardry:scroll:70, 暗影护盾卷轴
ebwizardry:scroll:71, 腐化卷轴
ebwizardry:scroll:72, 水下呼吸卷轴
ebwizardry:scroll:73, 龙卷风卷轴
ebwizardry:scroll:74, 滑翔卷轴
ebwizardry:scroll:75, 召唤幽灵马卷轴
ebwizardry:scroll:76, 蜘蛛群卷轴
ebwizardry:scroll:77, 史莱姆卷轴
ebwizardry:scroll:78, 石化卷轴
ebwizardry:scroll:79, 隐形卷轴
ebwizardry:scroll:80, 漂浮卷轴
ebwizardry:scroll:81, 原力球体卷轴
ebwizardry:scroll:82, 传送卷轴
ebwizardry:scroll:83, 幽灵之径卷轴
ebwizardry:scroll:84, 隧穿术卷轴
ebwizardry:scroll:85, 幻灭之盒卷轴
ebwizardry:scroll:86, 强效治疗卷轴
ebwizardry:scroll:87, 治愈光环卷轴
ebwizardry:scroll:88, 力场护盾卷轴
ebwizardry:scroll:89, 钢筋铁骨卷轴
ebwizardry:scroll:90, 超凡卷轴
ebwizardry:scroll:91, 烈火陨星卷轴
ebwizardry:scroll:92, 炎龙之息卷轴
ebwizardry:scroll:93, 召唤凤凰卷轴
ebwizardry:scroll:94, 冰河世纪卷轴
ebwizardry:scroll:95, 凛冬霜垒卷轴
ebwizardry:scroll:96, 召唤冰霜巨人卷轴
ebwizardry:scroll:97, 千雷怒啸卷轴
ebwizardry:scroll:98, 雷霆圣锤卷轴
ebwizardry:scroll:99, 黑暗瘟疫卷轴
ebwizardry:scroll:100, 召唤骷髅军团卷轴
ebwizardry:scroll:101, 召唤暗影幽灵卷轴
ebwizardry:scroll:102, 森林诅咒卷轴
ebwizardry:scroll:103, 自然之翼卷轴
ebwizardry:scroll:104, 蠹虫群卷轴
ebwizardry:scroll:105, 黑洞卷轴
ebwizardry:scroll:106, 冲击波卷轴
ebwizardry:scroll:107, 召唤铁傀儡卷轴
ebwizardry:scroll:108, 箭雨卷轴
ebwizardry:scroll:109, 钻石之躯卷轴
ebwizardry:scroll:110, 生命圣池卷轴
ebwizardry:scroll:111, 烟雾弹卷轴
ebwizardry:scroll:112, 心灵欺诈卷轴
ebwizardry:scroll:113, 跳跃卷轴
ebwizardry:scroll:114, 口袋熔炉卷轴
ebwizardry:scroll:115, 恐吓卷轴
ebwizardry:scroll:116, 驱逐卷轴
ebwizardry:scroll:117, 第六感卷轴
ebwizardry:scroll:118, 黑暗视觉卷轴
ebwizardry:scroll:119, 识途卷轴
ebwizardry:scroll:120, 口袋工作台卷轴
ebwizardry:scroll:121, 武器注魔卷轴
ebwizardry:scroll:122, 鼓舞之心卷轴
ebwizardry:scroll:123, 橡树之躯卷轴
ebwizardry:scroll:124, 大火球术卷轴
ebwizardry:scroll:125, 火焰灌注卷轴
ebwizardry:scroll:126, 冰霜长矛卷轴
ebwizardry:scroll:127, 冰霜灌注卷轴
ebwizardry:scroll:128, 冰霜尖刺卷轴
ebwizardry:scroll:129, 闪电脉冲卷轴
ebwizardry:scroll:130, 魂链诅咒卷轴
ebwizardry:scroll:131, 蜘蛛网卷轴
ebwizardry:scroll:132, 诱饵卷轴
ebwizardry:scroll:133, 幽冥盔甲卷轴
ebwizardry:scroll:134, 奥术干扰卷轴
ebwizardry:scroll:135, 团体治疗卷轴
ebwizardry:scroll:136, 冰雹风暴卷轴
ebwizardry:scroll:137, 电网卷轴
ebwizardry:scroll:138, 召唤风暴元素卷轴
ebwizardry:scroll:139, 撼地之力卷轴
ebwizardry:scroll:140, 魔法圣池卷轴
ebwizardry:scroll:141, 挖掘魔法卷轴
ebwizardry:scroll:142, 幽冥方块卷轴
ebwizardry:scroll:143, 消音魔法卷轴
ebwizardry:scroll:144, 魔法护盾卷轴
ebwizardry:scroll:145, 侧闪卷轴
ebwizardry:scroll:146, 冰球卷轴
ebwizardry:scroll:147, 冲锋卷轴
ebwizardry:scroll:148, 反制卷轴
ebwizardry:scroll:149, 藤蔓抓钩卷轴
ebwizardry:scroll:150, 寻矿术卷轴
ebwizardry:scroll:151, 魔力增强卷轴
ebwizardry:scroll:152, 烈焰焚化卷轴
ebwizardry:scroll:153, 魔法地雷卷轴
ebwizardry:scroll:154, 霜步卷轴
ebwizardry:scroll:155, 麻痹射线卷轴
ebwizardry:scroll:156, 潜影飞弹卷轴
ebwizardry:scroll:157, 死灵诅咒卷轴
ebwizardry:scroll:158, 龙息魔球卷轴
ebwizardry:scroll:159, 巫师之手卷轴
ebwizardry:scroll:160, 召唤恼鬼群卷轴
ebwizardry:scroll:161, 奥术锁卷轴
ebwizardry:scroll:162, 收容结界卷轴
ebwizardry:scroll:163, 饱食之术卷轴
ebwizardry:scroll:164, 强力魔法护盾卷轴
ebwizardry:scroll:165, 净化光束卷轴
ebwizardry:scroll:166, 诅咒移除卷轴
ebwizardry:scroll:167, 附身夺舍卷轴
ebwizardry:scroll:168, 衰弱诅咒卷轴
ebwizardry:scroll:169, 荆棘森林卷轴
ebwizardry:scroll:170, 斗转星移卷轴
ebwizardry:scroll:171, 时间滞留卷轴
ebwizardry:scroll:172, 英雄不朽卷轴
ebwizardry:scroll:173, 寒霜壁垒卷轴
ebwizardry:scroll:174, 炫目闪光卷轴
ebwizardry:scroll:175, 激怒卷轴
ebwizardry:scroll:176, 献祭印记卷轴
ebwizardry:scroll:177, 永冻霜流卷轴
ebwizardry:scroll:178, 雷暴云卷轴
ebwizardry:scroll:179, 凋零图腾卷轴
ebwizardry:scroll:180, 尖牙卷轴
ebwizardry:scroll:181, 守卫者光束卷轴
ebwizardry:scroll:182, 蜃影卷轴
ebwizardry:scroll:183, 光辉图腾卷轴
ebwizardry:scroll:184, 烈焰风暴卷轴
ebwizardry:scroll:185, 猎焰者卷轴
ebwizardry:scroll:186, 僵尸天启卷轴
ebwizardry:scroll:187, 巨石卷轴
ebwizardry:scroll:188, 天坠圣芒卷轴
ebwizardry:ruined_spell_book, 破损的法术书
ebwizardry:magic_wand, 魔杖
ebwizardry:apprentice_wand, 学徒魔杖
ebwizardry:advanced_wand, 进阶魔杖
ebwizardry:master_wand, 大师魔杖
ebwizardry:novice_fire_wand, 烈焰魔杖
ebwizardry:apprentice_fire_wand, 『学徒』火术师魔杖
ebwizardry:advanced_fire_wand, 『进阶』舞焰者魔杖
ebwizardry:master_fire_wand, 『大师』狱炎业火之杖
ebwizardry:novice_ice_wand, 冰霜魔杖
ebwizardry:apprentice_ice_wand, 『学徒』冰术师魔杖
ebwizardry:advanced_ice_wand, 『进阶』纵霜者魔杖
ebwizardry:master_ice_wand, 『大师』万古冰封之杖
ebwizardry:novice_lightning_wand, 雷电魔杖
ebwizardry:apprentice_lightning_wand, 『学徒』雷术师魔杖
ebwizardry:advanced_lightning_wand, 『进阶』驯雷者魔杖
ebwizardry:master_lightning_wand, 『大师』雷霆万钧之杖
ebwizardry:novice_necromancy_wand, 死灵魔杖
ebwizardry:apprentice_necromancy_wand, 『学徒』死灵师魔杖
ebwizardry:advanced_necromancy_wand, 『进阶』御冥者魔杖
ebwizardry:master_necromancy_wand, 『大师』冥域唤灵之杖
ebwizardry:novice_earth_wand, 自然魔杖
ebwizardry:apprentice_earth_wand, 『学徒』地术师魔杖
ebwizardry:advanced_earth_wand, 『进阶』游息者魔杖
ebwizardry:master_earth_wand, 『大师』万物吹息之杖
ebwizardry:novice_sorcery_wand, 秘法魔杖
ebwizardry:apprentice_sorcery_wand, 『学徒』秘术师魔杖
ebwizardry:advanced_sorcery_wand, 『进阶』诡秘者魔杖
ebwizardry:master_sorcery_wand, 『大师』扭曲现实之杖
ebwizardry:novice_healing_wand, 治愈魔杖
ebwizardry:apprentice_healing_wand, 『学徒』治疗师魔杖
ebwizardry:advanced_healing_wand, 『进阶』守护者魔杖
ebwizardry:master_healing_wand, 『大师』圣境守护之杖
ebwizardry:spectral_sword, 幽冥剑
ebwizardry:spectral_pickaxe, 幽冥镐
ebwizardry:spectral_bow, 幽冥弓
ebwizardry:blank_scroll, 空白卷轴
ebwizardry:magic_silk, 魔法绸缎
ebwizardry:small_mana_flask, 小型魔力瓶
ebwizardry:medium_mana_flask, 中型魔力瓶
ebwizardry:large_mana_flask, 大型魔力瓶
ebwizardry:storage_upgrade, 魔力储能升级卷轴
ebwizardry:siphon_upgrade, 魔力吸取升级卷轴
ebwizardry:condenser_upgrade, 魔力凝结升级卷轴
ebwizardry:range_upgrade, 法术距离升级卷轴
ebwizardry:duration_upgrade, 法术时长升级卷轴
ebwizardry:cooldown_upgrade, 法术冷却升级卷轴
ebwizardry:blast_upgrade, 法术范围升级卷轴
ebwizardry:attunement_upgrade, 法术槽位升级卷轴
ebwizardry:melee_upgrade, 魔杖近战升级卷轴
ebwizardry:flaming_axe, 炽烈之斧
ebwizardry:frost_axe, 冰霜之斧
ebwizardry:identification_scroll, 鉴定卷轴
ebwizardry:resplendent_thread, 魔辉丝线
ebwizardry:crystal_silver_plating, 晶银镶板
ebwizardry:ethereal_crystalweave, 缈晶纹绸
ebwizardry:astral_diamond, 星芒宝钻
ebwizardry:purifying_elixir, 净化圣水
ebwizardry:firebomb, 燃烧弹
ebwizardry:poison_bomb, 毒液弹
ebwizardry:smoke_bomb, 烟雾弹
ebwizardry:spark_bomb, 电击弹
ebwizardry:spectral_dust:1, 灵尘
ebwizardry:spectral_dust:2, 灵尘
ebwizardry:spectral_dust:3, 灵尘
ebwizardry:spectral_dust:4, 灵尘
ebwizardry:spectral_dust:5, 灵尘
ebwizardry:spectral_dust:6, 灵尘
ebwizardry:spectral_dust:7, 灵尘
ebwizardry:wizard_hat, 巫师帽
ebwizardry:wizard_robe, 巫师长袍
ebwizardry:wizard_leggings, 巫师护腿
ebwizardry:wizard_boots, 巫师靴子
ebwizardry:wizard_hat_fire, 烈焰巫师帽
ebwizardry:wizard_robe_fire, 烈焰巫师长袍
ebwizardry:wizard_leggings_fire, 烈焰巫师护腿
ebwizardry:wizard_boots_fire, 烈焰巫师靴子
ebwizardry:wizard_hat_ice, 冰霜巫师帽
ebwizardry:wizard_robe_ice, 冰霜巫师长袍
ebwizardry:wizard_leggings_ice, 冰霜巫师护腿
ebwizardry:wizard_boots_ice, 冰霜巫师靴子
ebwizardry:wizard_hat_lightning, 雷电巫师帽
ebwizardry:wizard_robe_lightning, 雷电巫师长袍
ebwizardry:wizard_leggings_lightning, 雷电巫师护腿
ebwizardry:wizard_boots_lightning, 雷电巫师靴子
ebwizardry:wizard_hat_necromancy, 死灵巫师帽
ebwizardry:wizard_robe_necromancy, 死灵巫师长袍
ebwizardry:wizard_leggings_necromancy, 死灵巫师护腿
ebwizardry:wizard_boots_necromancy, 死灵巫师靴子
ebwizardry:wizard_hat_earth, 自然巫师帽
ebwizardry:wizard_robe_earth, 自然巫师长袍
ebwizardry:wizard_leggings_earth, 自然巫师护腿
ebwizardry:wizard_boots_earth, 自然巫师靴子
ebwizardry:wizard_hat_sorcery, 秘法巫师帽
ebwizardry:wizard_robe_sorcery, 秘法巫师长袍
ebwizardry:wizard_leggings_sorcery, 秘法巫师护腿
ebwizardry:wizard_boots_sorcery, 秘法巫师靴子
ebwizardry:wizard_hat_healing, 治愈巫师帽
ebwizardry:wizard_robe_healing, 治愈巫师长袍
ebwizardry:wizard_leggings_healing, 治愈巫师护腿
ebwizardry:wizard_boots_healing, 治愈巫师靴子
ebwizardry:sage_hat, 贤者帽
ebwizardry:sage_robe, 贤者长袍
ebwizardry:sage_leggings, 贤者护腿
ebwizardry:sage_boots, 贤者靴子
ebwizardry:sage_hat_fire, 烈焰贤者帽
ebwizardry:sage_robe_fire, 烈焰贤者长袍
ebwizardry:sage_leggings_fire, 烈焰贤者护腿
ebwizardry:sage_boots_fire, 烈焰贤者靴子
ebwizardry:sage_hat_ice, 冰霜贤者帽
ebwizardry:sage_robe_ice, 冰霜贤者长袍
ebwizardry:sage_leggings_ice, 冰霜贤者护腿
ebwizardry:sage_boots_ice, 冰霜贤者靴子
ebwizardry:sage_hat_lightning, 雷电贤者帽
ebwizardry:sage_robe_lightning, 雷电贤者长袍
ebwizardry:sage_leggings_lightning, 雷电贤者护腿
ebwizardry:sage_boots_lightning, 雷电贤者靴子
ebwizardry:sage_hat_necromancy, 死灵贤者帽
ebwizardry:sage_robe_necromancy, 死灵贤者长袍
ebwizardry:sage_leggings_necromancy, 死灵贤者护腿
ebwizardry:sage_boots_necromancy, 死灵贤者靴子
ebwizardry:sage_hat_earth, 自然贤者帽
ebwizardry:sage_robe_earth, 自然贤者长袍
ebwizardry:sage_leggings_earth, 自然贤者护腿
ebwizardry:sage_boots_earth, 自然贤者靴子
ebwizardry:sage_hat_sorcery, 秘法贤者帽
ebwizardry:sage_robe_sorcery, 秘法贤者长袍
ebwizardry:sage_leggings_sorcery, 秘法贤者护腿
ebwizardry:sage_boots_sorcery, 秘法贤者靴子
ebwizardry:sage_hat_healing, 治愈贤者帽
ebwizardry:sage_robe_healing, 治愈贤者长袍
ebwizardry:sage_leggings_healing, 治愈贤者护腿
ebwizardry:sage_boots_healing, 治愈贤者靴子
ebwizardry:battlemage_helmet, 战斗法师头盔
ebwizardry:battlemage_chestplate, 战斗法师胸甲
ebwizardry:battlemage_leggings, 战斗法师护腿
ebwizardry:battlemage_boots, 战斗法师靴子
ebwizardry:battlemage_helmet_fire, 烈焰战斗法师头盔
ebwizardry:battlemage_chestplate_fire, 烈焰战斗法师胸甲
ebwizardry:battlemage_leggings_fire, 烈焰战斗法师护腿
ebwizardry:battlemage_boots_fire, 烈焰战斗法师靴子
ebwizardry:battlemage_helmet_ice, 冰霜战斗法师头盔
ebwizardry:battlemage_chestplate_ice, 冰霜战斗法师胸甲
ebwizardry:battlemage_leggings_ice, 冰霜战斗法师护腿
ebwizardry:battlemage_boots_ice, 冰霜战斗法师靴子
ebwizardry:battlemage_helmet_lightning, 雷电战斗法师头盔
ebwizardry:battlemage_chestplate_lightning, 雷电战斗法师胸甲
ebwizardry:battlemage_leggings_lightning, 雷电战斗法师护腿
ebwizardry:battlemage_boots_lightning, 雷电战斗法师靴子
ebwizardry:battlemage_helmet_necromancy, 死灵战斗法师头盔
ebwizardry:battlemage_chestplate_necromancy, 死灵战斗法师胸甲
ebwizardry:battlemage_leggings_necromancy, 死灵战斗法师护腿
ebwizardry:battlemage_boots_necromancy, 死灵战斗法师靴子
ebwizardry:battlemage_helmet_earth, 自然战斗法师头盔
ebwizardry:battlemage_chestplate_earth, 自然战斗法师胸甲
ebwizardry:battlemage_leggings_earth, 自然战斗法师护腿
ebwizardry:battlemage_boots_earth, 自然战斗法师靴子
ebwizardry:battlemage_helmet_sorcery, 秘法战斗法师头盔
ebwizardry:battlemage_chestplate_sorcery, 秘法战斗法师胸甲
ebwizardry:battlemage_leggings_sorcery, 秘法战斗法师护腿
ebwizardry:battlemage_boots_sorcery, 秘法战斗法师靴子
ebwizardry:battlemage_helmet_healing, 治愈战斗法师头盔
ebwizardry:battlemage_chestplate_healing, 治愈战斗法师胸甲
ebwizardry:battlemage_leggings_healing, 治愈战斗法师护腿
ebwizardry:battlemage_boots_healing, 治愈战斗法师靴子
ebwizardry:warlock_hood, 巫术士兜帽
ebwizardry:warlock_robe, 巫术士长袍
ebwizardry:warlock_leggings, 巫术士护腿
ebwizardry:warlock_boots, 巫术士靴子
ebwizardry:warlock_hood_fire, 烈焰巫术士兜帽
ebwizardry:warlock_robe_fire, 烈焰巫术士长袍
ebwizardry:warlock_leggings_fire, 烈焰巫术士护腿
ebwizardry:warlock_boots_fire, 烈焰巫术士靴子
ebwizardry:warlock_hood_ice, 冰霜巫术士兜帽
ebwizardry:warlock_robe_ice, 冰霜巫术士长袍
ebwizardry:warlock_leggings_ice, 冰霜巫术士护腿
ebwizardry:warlock_boots_ice, 冰霜巫术士靴子
ebwizardry:warlock_hood_lightning, 雷电巫术士兜帽
ebwizardry:warlock_robe_lightning, 雷电巫术士长袍
ebwizardry:warlock_leggings_lightning, 雷电巫术士护腿
ebwizardry:warlock_boots_lightning, 雷电巫术士靴子
ebwizardry:warlock_hood_necromancy, 死灵巫术士兜帽
ebwizardry:warlock_robe_necromancy, 死灵巫术士长袍
ebwizardry:warlock_leggings_necromancy, 死灵巫术士护腿
ebwizardry:warlock_boots_necromancy, 死灵巫术士靴子
ebwizardry:warlock_hood_earth, 自然巫术士兜帽
ebwizardry:warlock_robe_earth, 自然巫术士长袍
ebwizardry:warlock_leggings_earth, 自然巫术士护腿
ebwizardry:warlock_boots_earth, 自然巫术士靴子
ebwizardry:warlock_hood_sorcery, 秘法巫术士兜帽
ebwizardry:warlock_robe_sorcery, 秘法巫术士长袍
ebwizardry:warlock_leggings_sorcery, 秘法巫术士护腿
ebwizardry:warlock_boots_sorcery, 秘法巫术士靴子
ebwizardry:warlock_hood_healing, 治愈巫术士兜帽
ebwizardry:warlock_robe_healing, 治愈巫术士长袍
ebwizardry:warlock_leggings_healing, 治愈巫术士护腿
ebwizardry:warlock_boots_healing, 治愈巫术士靴子
ebwizardry:spectral_helmet, 幽冥头盔
ebwizardry:spectral_chestplate, 幽冥胸甲
ebwizardry:spectral_leggings, 幽冥护腿
ebwizardry:spectral_boots, 幽冥靴子
ebwizardry:lightning_hammer, 雷霆圣锤
ebwizardry:flamecatcher, 猎焰者
ebwizardry:ring_condensing, 聚能戒指
ebwizardry:ring_siphoning, 虹吸戒指
ebwizardry:ring_battlemage, 近战法师之戒
ebwizardry:ring_combustion, 爆炎戒指
ebwizardry:ring_fire_melee, 肆炎之触戒指
ebwizardry:ring_fire_biome, 旱漠凌阳戒指
ebwizardry:ring_disintegration, 烈焰余烬戒指
ebwizardry:ring_meteor, Volthraa 戒指
ebwizardry:ring_ice_melee, 寒冰之触戒指
ebwizardry:ring_ice_biome, 冰蚀之戒
ebwizardry:ring_arcane_frost, 奥术冰晶戒指
ebwizardry:ring_shattering, 破冰戒指
ebwizardry:ring_lightning_melee, 连导戒指
ebwizardry:ring_storm, 聚雷戒指
ebwizardry:ring_seeking, 引力之戒
ebwizardry:ring_hammer, 全能者 Thalek 的戒指
ebwizardry:ring_stormcloud, Lokenzen 之戒
ebwizardry:ring_soulbinding, 灵冥行者戒指
ebwizardry:ring_leeching, 吸血戒指
ebwizardry:ring_necromancy_melee, 死亡之触戒指
ebwizardry:ring_mind_control, 精神之戒
ebwizardry:ring_poison, 蛇纹戒指
ebwizardry:ring_earth_melee, 毒触戒指
ebwizardry:ring_earth_biome, 树妖戒指
ebwizardry:ring_full_moon, 啸狼戒指
ebwizardry:ring_evoker, 唤魔者之戒
ebwizardry:ring_extraction, 萃取戒指
ebwizardry:ring_mana_return, 完美主义者之戒
ebwizardry:ring_blockwrangler, 方块牧者之戒
ebwizardry:ring_conjurer, 造物之戒
ebwizardry:ring_defender, 守卫者之戒
ebwizardry:ring_paladin, 圣骑士戒指
ebwizardry:ring_interdiction, 禁域之戒
ebwizardry:amulet_arcane_defence, 奥术守卫护符
ebwizardry:amulet_warding, 魔法抗性护符
ebwizardry:amulet_wisdom, 智慧护符
ebwizardry:amulet_fire_protection, 防火护符
ebwizardry:amulet_fire_cloaking, 火胄护符
ebwizardry:amulet_ice_immunity, 永冻护符
ebwizardry:amulet_ice_protection, 抗寒护符
ebwizardry:amulet_frost_warding, Esundor 的护符
ebwizardry:amulet_potential, 潜能护符
ebwizardry:amulet_channeling, 避雷护符
ebwizardry:amulet_lich, 巫妖护符
ebwizardry:amulet_wither_immunity, 凋零珍珠护符
ebwizardry:amulet_glide, 风羽护符
ebwizardry:amulet_banishing, 末影护符
ebwizardry:amulet_anchoring, 锚定护符
ebwizardry:amulet_recovery, 恢复护符
ebwizardry:amulet_transience, 超凡护符
ebwizardry:amulet_resurrection, 不朽护符
ebwizardry:amulet_auto_shield, Hyeleth 的护符
ebwizardry:amulet_absorption, 生机护符
ebwizardry:charm_haggler, 讨价之证
ebwizardry:charm_experience_tome, 勤勉者之书
ebwizardry:charm_move_speed, 伊卡洛斯坠饰
ebwizardry:charm_spell_discovery, 档案保管员的单片镜
ebwizardry:charm_auto_smelt, 冶金学家徽标
ebwizardry:charm_lava_walking, 下界冰核
ebwizardry:charm_storm, 瓶装雷云
ebwizardry:charm_minion_health, 黑曜石僵尸头
ebwizardry:charm_minion_variants, 转化符咒
ebwizardry:charm_undead_helmets, 诅咒之盔
ebwizardry:charm_hunger_casting, 恶魔环印
ebwizardry:charm_flight, 翡翠甲虫之翼
ebwizardry:charm_growth, 水晶花符
ebwizardry:charm_abseiling, 魔法丝线
ebwizardry:charm_silk_touch, 月石宝珠
ebwizardry:charm_sixth_sense, 恐狼毛皮
ebwizardry:charm_stop_time, 奇特怀表
ebwizardry:charm_light, Elevinia 的永燃圣灯
ebwizardry:charm_transportation, 古老罗盘
ebwizardry:charm_black_hole, 虚空眼石
ebwizardry:charm_mount_teleporting, 幽灵拴链
ebwizardry:charm_feeding, 无底食粮
extendedcrafting:storage:0, 黑铁块
extendedcrafting:storage:1, 流明精华块
extendedcrafting:storage:2, 下界之星块
extendedcrafting:storage:3, 晶素块
extendedcrafting:storage:4, 终极块
extendedcrafting:storage:5, 末影块
extendedcrafting:storage:6, 末影之星块
extendedcrafting:storage:7, 增强末影之星块
extendedcrafting:frame, 黑铁框架
extendedcrafting:lamp:0, 黑铁灯
extendedcrafting:lamp:1, 黑铁灯
extendedcrafting:trimmed:0, 黑铁块
extendedcrafting:trimmed:1, 黑铁块
extendedcrafting:trimmed:2, 黑铁块
extendedcrafting:trimmed:3, 黑铁块
extendedcrafting:trimmed:4, 黑铁块
extendedcrafting:trimmed:5, 黑铁块
extendedcrafting:crafting_table, 工作台
extendedcrafting:pedestal, 基座
extendedcrafting:crafting_core, 合成核心
extendedcrafting:interface, 自动化接口
extendedcrafting:table_basic, 基础工作台
extendedcrafting:table_advanced, 高级工作台
extendedcrafting:table_elite, 精英工作台
extendedcrafting:table_ultimate, 终极工作台
extendedcrafting:compressor, 量子压缩机
extendedcrafting:ender_alternator, 末影发电机
extendedcrafting:ender_crafter, 末影工作台
extendedcrafting:guide, 合成拓展指南
extendedcrafting:material:0, 黑铁锭
extendedcrafting:material:1, 黑铁粒
extendedcrafting:material:2, 黑铁板
extendedcrafting:material:3, 黑铁杆
extendedcrafting:material:7, 流明精华
extendedcrafting:material:8, 基础合成催化剂
extendedcrafting:material:9, 高级合成催化剂
extendedcrafting:material:10, 精英合成催化剂
extendedcrafting:material:11, 终极合成催化剂
extendedcrafting:material:12, 晶素合成催化剂
extendedcrafting:material:13, 终极催化剂
extendedcrafting:material:14, 基础合成组件
extendedcrafting:material:15, 高级合成组件
extendedcrafting:material:16, 精英合成组件
extendedcrafting:material:17, 终极合成组件
extendedcrafting:material:18, 晶素合成组件
extendedcrafting:material:19, 终极组件
extendedcrafting:material:24, 晶素锭
extendedcrafting:material:25, 晶素粒
extendedcrafting:material:32, 终极锭
extendedcrafting:material:33, 终极粒
extendedcrafting:material:36, 末影锭
extendedcrafting:material:37, 末影粒
extendedcrafting:material:40, 末影之星
extendedcrafting:material:41, 末影之星粒
extendedcrafting:material:48, 增强末影锭
extendedcrafting:material:49, 增强末影粒
extendedcrafting:material:128, 钻石粒
extendedcrafting:material:129, 绿宝石粒
extendedcrafting:material:140, 下界之星粒
extendedcrafting:handheld_table, 手持工作台
extendedcrafting:recipe_maker:0, 配方制作器
extendedcrafting:singularity:0, Coal 奇点
extendedcrafting:singularity:1, Iron 奇点
extendedcrafting:singularity:2, Lapis Lazuli 奇点
extendedcrafting:singularity:3, Redstone 奇点
extendedcrafting:singularity:4, Glowstone 奇点
extendedcrafting:singularity:5, Gold 奇点
extendedcrafting:singularity:6, Diamond 奇点
extendedcrafting:singularity:7, Emerald 奇点
extendedcrafting:singularity:16, Aluminum 奇点
extendedcrafting:singularity:17, Copper 奇点
extendedcrafting:singularity:18, Tin 奇点
extendedcrafting:singularity:19, Bronze 奇点
extendedcrafting:singularity:20, Zinc 奇点
extendedcrafting:singularity:22, Silver 奇点
extendedcrafting:singularity:23, Lead 奇点
extendedcrafting:singularity:24, Steel 奇点
extendedcrafting:singularity:25, Nickel 奇点
extendedcrafting:singularity:26, Constantan 奇点
extendedcrafting:singularity:27, Electrum 奇点
extendedcrafting:singularity:30, Tungsten 奇点
extendedcrafting:singularity:31, Titanium 奇点
extendedcrafting:singularity:32, Uranium 奇点
extendedcrafting:singularity:34, Platinum 奇点
extendedcrafting:singularity:35, Iridium 奇点
extendedcrafting:singularity:65, Cobalt 奇点
extendedcrafting:singularity_ultimate, 终极奇点
extra_recipe:record_blank, 空白唱片
extra_recipe:wip_matter, WIP物质
farmingforblockheads:market, 农贸市场
farmingforblockheads:chicken_nest, 鸡窝
farmingforblockheads:feeding_trough, 饲料槽
farmingforblockheads:fertilized_farmland_rich, 肥沃的耕地
farmingforblockheads:fertilized_farmland_healthy, 肥沃的耕地
farmingforblockheads:fertilized_farmland_rich_stable, 肥沃的耕地
farmingforblockheads:fertilized_farmland_healthy_stable, 肥沃的耕地
farmingforblockheads:fertilized_farmland_stable, 肥沃的耕地
farmingforblockheads:fertilizer:0, 红色肥料
farmingforblockheads:fertilizer:1, 绿色肥料
farmingforblockheads:fertilizer:2, 黄色肥料
fluxnetworks:flux, 通量粉尘
fluxnetworks:fluxcore, 通量核心
fluxnetworks:fluxconfigurator, 通量控制器
fluxnetworks:adminconfigurator, 管理员控制器
fluxnetworks:fluxblock, 通量方块
fluxnetworks:fluxplug, 通量接入点
fluxnetworks:fluxpoint, 通量接出点
fluxnetworks:fluxcontroller, 通量控制器
fluxnetworks:fluxstorage, 基础通量存储器
fluxnetworks:herculeanfluxstorage, 大型通量存储器
fluxnetworks:gargantuanfluxstorage, 巨型通量存储器
frogcraftrebirth:condense_tower:0, 冷凝塔
frogcraftrebirth:condense_tower:1, 冷凝塔壁
frogcraftrebirth:condense_tower:2, 冷凝塔液体出口
frogcraftrebirth:ore:0, 光卤石
frogcraftrebirth:ore:1, 铝矾土矿
frogcraftrebirth:ore:2, 氟磷灰石
frogcraftrebirth:generator:0, 焚烧炉
frogcraftrebirth:hybrid_storage_unit:0, 混合存电单元(HSU)
frogcraftrebirth:hybrid_storage_unit:1, 终极混合存电单元(UHSU)
frogcraftrebirth:machine:0, 高级化学反应器
frogcraftrebirth:machine:1, 工业气泵
frogcraftrebirth:machine:2, 热解裂机
frogcraftrebirth:machine:3, 液化机
frogcraftrebirth:machine_2:0, 进阶高炉
frogcraftrebirth:mobile_power_station, tile.mobilePowerStation.name
frogcraftrebirth:ammonia_coolant_60k, item.frogcraftrebirth.ammonia_coolant.60K.name
frogcraftrebirth:ammonia_coolant_180k, item.frogcraftrebirth.ammonia_coolant.180K.name
frogcraftrebirth:ammonia_coolant_360k, item.frogcraftrebirth.ammonia_coolant.360K.name
frogcraftrebirth:catalyst_module:0, 加热器插件
frogcraftrebirth:catalyst_module:1, 电解器插件
frogcraftrebirth:catalyst_module:2, 氨合成专用催化剂
frogcraftrebirth:catalyst_module:3, 五氧化二钒催化剂
frogcraftrebirth:uranium_decay_battery, item.UBattery.name.name
frogcraftrebirth:thorium_decay_battery, item.ThBattery.name.name
frogcraftrebirth:plutoium_decay_battery, item.PuBattery.name.name
frogcraftrebirth:jinkela, item.Item_Miscs.GoldClod.name
frogcraftrebirth:metal_ingot:0, 铝锭
frogcraftrebirth:metal_ingot:1, 铝镁合金锭
frogcraftrebirth:metal_ingot:2, 钛锭
frogcraftrebirth:metal_ingot:3, item.metal_ingot.magnesium
frogcraftrebirth:metal_dust:0, 铝粉
frogcraftrebirth:metal_dust:1, 铝镁合金粉
frogcraftrebirth:metal_dust:2, 钛粉
frogcraftrebirth:metal_dust:3, item.metal_dust.magnesium
frogcraftrebirth:metal_dust_tiny:0, 小堆铝粉
frogcraftrebirth:metal_dust_tiny:1, 小堆铝镁合金粉
frogcraftrebirth:metal_dust_tiny:2, 小堆钛粉
frogcraftrebirth:metal_dust_tiny:3, item.metal_dust_tiny.magnesium
frogcraftrebirth:metal_plate:0, 铝板
frogcraftrebirth:metal_plate:1, 铝镁合金板
frogcraftrebirth:metal_plate:2, 钛板
frogcraftrebirth:metal_plate:3, item.metal_plate.magnesium
frogcraftrebirth:metal_plate_dense:0, 致密铝板
frogcraftrebirth:metal_plate_dense:1, 致密铝镁合金板
frogcraftrebirth:metal_plate_dense:2, 致密钛板
frogcraftrebirth:metal_plate_dense:3, item.metal_plate_dense.magnesium
frogcraftrebirth:metal_casing:0, 铝金属盒
frogcraftrebirth:metal_casing:1, 铝镁合金金属盒
frogcraftrebirth:metal_casing:2, 钛金属盒
frogcraftrebirth:metal_casing:3, item.metal_casing.magnesium
frogcraftrebirth:ore_crushed:0, 粉碎光卤石
frogcraftrebirth:ore_crushed:1, 粉碎铝钒土矿
frogcraftrebirth:ore_crushed:2, 粉碎氟磷灰石
frogcraftrebirth:ore_purified:0, 洗净的粉碎光卤石
frogcraftrebirth:ore_purified:1, 洗净的粉碎铝钒土矿
frogcraftrebirth:ore_purified:2, 洗净的粉碎氟磷灰石
frogcraftrebirth:ore_dust:0, 光卤石粉
frogcraftrebirth:ore_dust:1, 铝钒土粉
frogcraftrebirth:ore_dust:2, 氟磷灰石粉
frogcraftrebirth:ore_dust_tiny:0, 小堆光卤石粉
frogcraftrebirth:ore_dust_tiny:1, 小堆铝钒土矿粉
frogcraftrebirth:ore_dust_tiny:2, 小堆氟磷灰石粉
frogcraftrebirth:non_metal_dust:0, 硝酸铵粉
frogcraftrebirth:non_metal_dust:1, 方解石粉
frogcraftrebirth:non_metal_dust:2, 硅酸钙粉
frogcraftrebirth:non_metal_dust:3, 石膏粉
frogcraftrebirth:non_metal_dust:4, 生石灰
frogcraftrebirth:non_metal_dust:5, 二氧化硅粉
frogcraftrebirth:non_metal_dust:6, 熟石灰
frogcraftrebirth:non_metal_dust:7, 尿素粉
frogcraftrebirth:non_metal_dust_tiny:0, 小堆硝酸铵粉
frogcraftrebirth:non_metal_dust_tiny:1, 小堆方解石粉
frogcraftrebirth:non_metal_dust_tiny:2, 小堆硅酸钙粉
frogcraftrebirth:non_metal_dust_tiny:3, 小堆石膏粉
frogcraftrebirth:non_metal_dust_tiny:4, 小堆生石灰
frogcraftrebirth:non_metal_dust_tiny:5, 小堆二氧化硅粉
frogcraftrebirth:non_metal_dust_tiny:6, 小堆熟石灰
frogcraftrebirth:non_metal_dust_tiny:7, 小堆尿素粉
frogcraftrebirth:intermediate_product:0, 三氧化二铝
frogcraftrebirth:intermediate_product:1, 氟化钙
frogcraftrebirth:intermediate_product:2, 溴化镁
frogcraftrebirth:intermediate_product:3, 氯化钾
frogcraftrebirth:intermediate_product:4, 氯化钠
frogcraftrebirth:intermediate_product:5, 二氧化钛
frogcraftrebirth:intermediate_product:6, 五氧化二钒
frogcraftrebirth:inflammable:0, 蜂窝煤
frogcraftrebirth:inflammable:1, 油脂块
frogcraftrebirth:inflammable:2, 磷
frogcraftrebirth:inflammable:3, 钾
frogcraftrebirth:inflammable:4, 焦煤碎片
futuremc:dye:0, 白色染料
futuremc:dye:1, 蓝色染料
futuremc:dye:2, 棕色染料
futuremc:dye:3, 黑色染料
futuremc:trident, 三叉戟
futuremc:banner_pattern:0, 旗帜图案
futuremc:banner_pattern:1, 旗帜图案
futuremc:banner_pattern:2, 旗帜图案
futuremc:banner_pattern:3, 旗帜图案
futuremc:banner_pattern:4, 旗帜图案
futuremc:banner_pattern:5, 旗帜图案
futuremc:honeycomb, 蜜脾
futuremc:honey_bottle, 蜂蜜瓶
futuremc:sweet_berries, 甜浆果
futuremc:suspicious_stew, 迷之炖菜
futuremc:bamboo, 竹子
futuremc:pufferfish_bucket, 河豚桶
futuremc:salmon_bucket, 鲑鱼桶
futuremc:cod_bucket, 鳕鱼桶
futuremc:tropical_fish_bucket, 热带鱼桶
futuremc:nautilus_shell, 鹦鹉螺壳
futuremc:lantern, 灯笼
futuremc:stonecutter, 切石机
futuremc:barrel, 木桶
futuremc:smoker, 烟熏炉
futuremc:blast_furnace, 高炉
futuremc:loom, 织布机
futuremc:fletching_table, 制箭台
futuremc:smithing_table, 锻造台
futuremc:cartography_table, 制图台
futuremc:grindstone, 砂轮
futuremc:composter, 堆肥桶
futuremc:bell, 钟
futuremc:honey_block, 蜂蜜块
futuremc:honeycomb_block, 蜜脾块
futuremc:lily_of_the_valley, 铃兰
futuremc:cornflower, 矢车菊
futuremc:wither_rose, 凋零玫瑰
futuremc:campfire, 营火
futuremc:scaffolding, Scaffolding
futuremc:bee_nest, 蜂巢
futuremc:beehive, 蜂箱
futuremc:stripped_acacia_log, 去皮金合欢原木
futuremc:stripped_jungle_log, 去皮丛林原木
futuremc:stripped_birch_log, 去皮白桦原木
futuremc:stripped_oak_log, 去皮橡木原木
futuremc:stripped_spruce_log, 去皮云杉原木
futuremc:stripped_dark_oak_log, 去皮深色橡木原木
futuremc:brick_wall, 砖块墙
futuremc:granite_wall, 花岗岩墙
futuremc:andesite_wall, 安山岩墙
futuremc:diorite_wall, 闪长岩墙
futuremc:sandstone_wall, 砂岩墙
futuremc:red_sandstone_wall, 红砂岩墙
futuremc:stone_brick_wall, 石砖墙
futuremc:mossy_stone_brick_wall, 苔石砖墙
futuremc:nether_brick_wall, 下界砖墙
futuremc:red_nether_brick_wall, 红色下界砖墙
futuremc:end_stone_brick_wall, 末地石砖墙
futuremc:prismarine_wall, 海晶石墙
futuremc:smooth_stone, 平滑石头
futuremc:smooth_sandstone, 平滑砂岩
futuremc:smooth_quartz, 平滑石英
futuremc:smooth_red_sandstone, 平滑红砂岩
futuremc:blue_ice, 蓝冰
futuremc:stripped_acacia_wood, 去皮金合欢木
futuremc:stripped_jungle_wood, 去皮丛林木
futuremc:stripped_birch_wood, 去皮白桦木
futuremc:stripped_oak_wood, 去皮橡木
futuremc:stripped_spruce_wood, 去皮云杉木
futuremc:stripped_dark_oak_wood, 去皮深色橡木
futuremc:acacia_wood, 金合欢木
futuremc:jungle_wood, 丛林木
futuremc:birch_wood, 白桦木
futuremc:oak_wood, 橡木
futuremc:spruce_wood, 云杉木
futuremc:dark_oak_wood, 深色橡木
futuremc:acacia_trapdoor, 金合欢木活板门
futuremc:jungle_trapdoor, 丛林木活板门
futuremc:birch_trapdoor, 白桦木活板门
futuremc:spruce_trapdoor, 云杉木活板门
futuremc:dark_oak_trapdoor, 深色橡木活板门
futuremc:soul_fire_lantern, 灵魂灯笼
futuremc:soul_fire_torch, 灵魂火把
futuremc:soul_soil, 灵魂土
futuremc:netherite_ingot, 下界合金锭
futuremc:netherite_scrap, 下界合金碎片
futuremc:netherite_axe, 下界合金斧
futuremc:netherite_hoe, 下界合金锄
futuremc:netherite_pickaxe, 下界合金镐
futuremc:netherite_shovel, 下界合金锹
futuremc:netherite_sword, 下界合金剑
futuremc:netherite_helmet, 下界合金头盔
futuremc:netherite_chestplate, 下界合金胸甲
futuremc:netherite_leggings, 下界合金护腿
futuremc:netherite_boots, 下界合金靴子
futuremc:chain, 锁链
futuremc:netherite_block, 下界合金块
futuremc:ancient_debris, 远古残骸
futuremc:record_pigstep, 音乐唱片
modularmachinery:itemblueprint, 机械蓝图
modularmachinery:itemmodularium, 模块化合金锭
modularmachinery:itemconstructtool, 建造选择工具
modularmachinery:machine_projector, 机器结构投影仪
modularmachinery:blockcontroller, 机械控制器
modularmachinery:blockfactorycontroller, 工厂控制器
modularmachinery:blockcasing:0, 机械外壳
modularmachinery:blockcasing:1, 机械通风口
modularmachinery:blockcasing:2, 燃烧室外壳
modularmachinery:blockcasing:3, 机械齿轮箱
modularmachinery:blockcasing:4, 强化机械外壳
modularmachinery:blockcasing:5, 机械电路板
modularmachinery:blockinputbus:0, 微型物品输入仓
modularmachinery:blockinputbus:1, 小型物品输入仓
modularmachinery:blockinputbus:2, 中型物品输入仓
modularmachinery:blockinputbus:3, 强化物品输入仓
modularmachinery:blockinputbus:4, 大型物品输入仓
modularmachinery:blockinputbus:5, 巨型物品输入仓
modularmachinery:blockinputbus:6, 超级物品输入仓
modularmachinery:blockoutputbus:0, 微型物品输出仓
modularmachinery:blockoutputbus:1, 小型物品输出仓
modularmachinery:blockoutputbus:2, 中型物品输出仓
modularmachinery:blockoutputbus:3, 强化物品输出仓
modularmachinery:blockoutputbus:4, 大型物品输出仓
modularmachinery:blockoutputbus:5, 巨型物品输出仓
modularmachinery:blockoutputbus:6, 超级物品输出仓
modularmachinery:blockfluidinputhatch:0, 微型流体输入仓
modularmachinery:blockfluidinputhatch:1, 小型流体输入仓
modularmachinery:blockfluidinputhatch:2, 中型流体输入仓
modularmachinery:blockfluidinputhatch:3, 强化流体输入仓
modularmachinery:blockfluidinputhatch:4, 大型流体输入仓
modularmachinery:blockfluidinputhatch:5, 巨型流体输入仓
modularmachinery:blockfluidinputhatch:6, 超级流体输入仓
modularmachinery:blockfluidinputhatch:7, 真空流体输入仓
modularmachinery:blockfluidoutputhatch:0, 微型流体输出仓
modularmachinery:blockfluidoutputhatch:1, 小型流体输出仓
modularmachinery:blockfluidoutputhatch:2, 中型流体输出仓
modularmachinery:blockfluidoutputhatch:3, 强化流体输出仓
modularmachinery:blockfluidoutputhatch:4, 大型流体输出仓
modularmachinery:blockfluidoutputhatch:5, 巨型流体输出仓
modularmachinery:blockfluidoutputhatch:6, 超级流体输出仓
modularmachinery:blockfluidoutputhatch:7, 真空流体输出仓
modularmachinery:blockenergyinputhatch:0, 微型能源输入仓
modularmachinery:blockenergyinputhatch:1, 小型能源输入仓
modularmachinery:blockenergyinputhatch:2, 中型能源输入仓
modularmachinery:blockenergyinputhatch:3, 强化能源输入仓
modularmachinery:blockenergyinputhatch:4, 大型能源输入仓
modularmachinery:blockenergyinputhatch:5, 巨型能源输入仓
modularmachinery:blockenergyinputhatch:6, 超级能源输入仓
modularmachinery:blockenergyinputhatch:7, 终极能源输入仓
modularmachinery:blockenergyoutputhatch:0, 微型能源输出仓
modularmachinery:blockenergyoutputhatch:1, 小型能源输出仓
modularmachinery:blockenergyoutputhatch:2, 中型能源输出仓
modularmachinery:blockenergyoutputhatch:3, 强化能源输出仓
modularmachinery:blockenergyoutputhatch:4, 大型能源输出仓
modularmachinery:blockenergyoutputhatch:5, 巨型能源输出仓
modularmachinery:blockenergyoutputhatch:6, 超级能源输出仓
modularmachinery:blockenergyoutputhatch:7, 终极能源输出仓
modularmachinery:blocksmartinterface:0, 智能数据接口（数值）
modularmachinery:blockparallelcontroller:0, §a并行控制器
modularmachinery:blockparallelcontroller:1, §6强化并行控制器
modularmachinery:blockparallelcontroller:2, §b精英并行控制器
modularmachinery:blockparallelcontroller:3, §5超级并行控制器
modularmachinery:blockparallelcontroller:4, §c终极并行控制器
modularmachinery:blockupgradebus:0, §a升级总线
modularmachinery:blockupgradebus:1, §6强化升级总线
modularmachinery:blockupgradebus:2, §b精英升级总线
modularmachinery:blockupgradebus:3, §5超级升级总线
modularmachinery:blockupgradebus:4, §e终极升级总线
modularmachinery:blockmeitemoutputbus, ME机械物品输出总线
modularmachinery:blockmeiteminputbus, ME机械物品输入总线
modularmachinery:blockmefluidoutputbus, ME机械流体输出总线
modularmachinery:blockmefluidinputbus, ME机械流体输入总线
modularmachinery:blockmepatternprovider, ME机械样板供应器
modularmachinery:blockwillproviderinput, 恶魔意志输入仓
modularmachinery:blockwillprovideroutput, 恶魔意志输出仓
modularmachinery:blocklifeessenceproviderinput, 生命源质输入仓
modularmachinery:blocklifeessenceprovideroutput, 生命源质输出仓
modularmachinery:blockaspectproviderinput, 源质输入仓
modularmachinery:blockaspectprovideroutput, 源质输出仓
modularmachinery:blockimpetusproviderinput, 元动输入接口
modularmachinery:blockimpetusprovideroutput, 元动输出接口
modularmachinery:blockgridproviderinput, GP输入仓
modularmachinery:blockgridprovideroutput, GP输出仓
modularmachinery:blockrainbowprovider, 彩虹输入仓
modularmachinery:blockstarlightproviderinput, 星能聚集仓
modularmachinery:blockstarlightprovideroutput, 星能发散仓
modularmachinery:blockconstellationprovider, 星座检测仓
modularmachinery:blockmanaproviderinput, 魔力输入仓
modularmachinery:blockmanaprovideroutput, 魔力输出仓
modularmachinery:computer_factory_controller, 流体中子
modularmachinery:computer_controller, 流体中子
modularmachinery:zhanlipin_factory_controller, 流体中子
modularmachinery:zhanlipin_controller, 流体中子
modularmachinery:tianhui_factory_controller, 流体中子
modularmachinery:tianhui_controller, 流体中子
modularmachinery:jingti_factory_controller, 流体中子
modularmachinery:jingti_controller, 流体中子
modularmachinery:pcb_factory_controller, 流体中子
modularmachinery:pcb_controller, 流体中子
modularmachinery:sun_factory_controller, 流体中子
modularmachinery:sun_controller, 流体中子
modularmachinery:yishi_factory_controller, 流体中子
modularmachinery:yishi_controller, 流体中子
modularmachinery:jidian_factory_controller, 流体中子
modularmachinery:jidian_controller, 流体中子
modularmachinery:weiyuan_factory_controller, 流体中子
modularmachinery:weiyuan_controller, 流体中子
modularmachinery:tokmak_factory_controller, 流体中子
modularmachinery:tokmak_controller, 流体中子
modularmachinery:chaoweidu_factory_controller, 流体中子
modularmachinery:chaoweidu_controller, 流体中子
modularmachinery:juneng1_factory_controller, 流体中子
modularmachinery:juneng1_controller, 流体中子
modularmachinery:phase_etchingstar_factory_controller, 流体中子
modularmachinery:phase_etchingstar_controller, 流体中子
modularmachinery:juneng_factory_controller, 流体中子
modularmachinery:juneng_controller, 流体中子
modularmachinery:jiexi_factory_controller, 流体中子
modularmachinery:jiexi_controller, 流体中子
modularmachinery:dragon_mk2_factory_controller, 流体中子
modularmachinery:dragon_mk2_controller, 流体中子
modularmachinery:dianci_factory_controller, 流体中子
modularmachinery:dianci_controller, 流体中子
modularmachinery:wither_factory_controller, 流体中子
modularmachinery:wither_controller, 流体中子
modularmachinery:wucai_factory_controller, 流体中子
modularmachinery:wucai_controller, 流体中子
modularmachinery:gongming_factory_controller, 流体中子
modularmachinery:gongming_controller, 流体中子
modularmachinery:gaolu_factory_controller, 流体中子
modularmachinery:gaolu_controller, 流体中子
modularmachinery:reaction_factory_controller, 流体中子
modularmachinery:reaction_controller, 流体中子
modularmachinery:xingju_factory_controller, 流体中子
modularmachinery:xingju_controller, 流体中子
modularmachinery:stellar_factory_controller, 流体中子
modularmachinery:stellar_controller, 流体中子
modularmachinery:eco_factory_controller, 流体中子
modularmachinery:eco_controller, 流体中子
modularmachinery:plastic_factory_controller, 流体中子
modularmachinery:plastic_controller, 流体中子
modularmachinery:yizhi_factory_controller, 流体中子
modularmachinery:yizhi_controller, 流体中子
modularmachinery:uu_factory_controller, 流体中子
modularmachinery:uu_controller, 流体中子
modularmachinery:digital_factory_controller, 流体中子
modularmachinery:digital_controller, 流体中子
modularmachinery:drill_factory_controller, 流体中子
modularmachinery:drill_controller, 流体中子
modularmachinery:flower_factory_controller, 流体中子
modularmachinery:flower_controller, 流体中子
modularmachinery:moni_factory_controller, 流体中子
modularmachinery:moni_controller, 流体中子
modularmachinery:zhuangpei_factory_controller, 流体中子
modularmachinery:zhuangpei_controller, 流体中子
modularmachinery:yuanzhi_factory_controller, 流体中子
modularmachinery:yuanzhi_controller, 流体中子
modularmachinery:energy_factory_controller, 流体中子
modularmachinery:energy_controller, 流体中子
modularmachinery:fanyingfu_factory_controller, 流体中子
modularmachinery:fanyingfu_controller, 流体中子
modularmachinery:nianheji_factory_controller, 流体中子
modularmachinery:nianheji_controller, 流体中子
modularmachinery:core_factory_controller, 流体中子
modularmachinery:core_controller, 流体中子
modularmachinery:zhongzi_factory_controller, 流体中子
modularmachinery:zhongzi_controller, 流体中子
modularmachinery:dragon_factory_controller, 流体中子
modularmachinery:dragon_controller, 流体中子
modularmachinery:xinghui_factory_controller, 流体中子
modularmachinery:xinghui_controller, 流体中子
modularmachinery:yayin_factory_controller, 流体中子
modularmachinery:yayin_controller, 流体中子
modularmachinery:assembly_line_factory_controller, 流体中子
modularmachinery:assembly_line_controller, 流体中子
modularmachinery:crushing_wheels:0, 粉碎轮
pneumaticcraft:gps_tool, 定位工具
pneumaticcraft:gps_area_tool, 区域定位工具
pneumaticcraft:ingot_iron_compressed, 压缩铁锭
pneumaticcraft:pressure_gauge, 压力表
pneumaticcraft:stone_base, 石头基座
pneumaticcraft:cannon_barrel, 炮管
pneumaticcraft:turbine_blade, 轮机扇叶
pneumaticcraft:plastic:0, 黑色塑料板
pneumaticcraft:plastic:1, 红色塑料板
pneumaticcraft:plastic:2, 绿色塑料板
pneumaticcraft:plastic:3, 棕色塑料板
pneumaticcraft:plastic:4, 蓝色塑料板
pneumaticcraft:plastic:5, 紫色塑料板
pneumaticcraft:plastic:6, 青色塑料板
pneumaticcraft:plastic:7, 淡灰色塑料板
pneumaticcraft:plastic:8, 灰色塑料板
pneumaticcraft:plastic:9, 粉红色塑料板
pneumaticcraft:plastic:10, 黄绿色塑料板
pneumaticcraft:plastic:11, 黄色塑料板
pneumaticcraft:plastic:12, 淡蓝色塑料板
pneumaticcraft:plastic:13, 品红色塑料板
pneumaticcraft:plastic:14, 橙色塑料板
pneumaticcraft:plastic:15, 白色塑料板
pneumaticcraft:air_canister, 空气罐
pneumaticcraft:reinforced_air_canister, 强化空气罐
pneumaticcraft:vortex_cannon, 涡流炮
pneumaticcraft:pneumatic_cylinder, 气压缸
pneumaticcraft:pneumatic_helmet, 气动头盔
pneumaticcraft:pneumatic_chestplate, 气动胸甲
pneumaticcraft:pneumatic_leggings, 气动护腿
pneumaticcraft:pneumatic_boots, 气动靴子
pneumaticcraft:manometer, 压力计
pneumaticcraft:turbine_rotor, 轮机转子
pneumaticcraft:assembly_program:0, 装配程序:钻头
pneumaticcraft:assembly_program:1, 装配程序:激光
pneumaticcraft:assembly_program:2, 装配程序:钻头和激光
pneumaticcraft:empty_pcb:0, 空印刷电路板
pneumaticcraft:empty_pcb:100, 空印刷电路板
pneumaticcraft:unassembled_pcb, 未组装的印刷电路板
pneumaticcraft:pcb_blueprint, 印刷电路板蓝图
pneumaticcraft:transistor, 晶体管
pneumaticcraft:capacitor, 电容
pneumaticcraft:printed_circuit_board, 印刷电路板
pneumaticcraft:failed_pcb, 失效的印刷电路板
pneumaticcraft:network_component:0, 诊断子程序
pneumaticcraft:network_component:1, 网络API
pneumaticcraft:network_component:2, 网络数据存储器
pneumaticcraft:network_component:3, 网络 IO 端口
pneumaticcraft:network_component:4, 网络注册表
pneumaticcraft:network_component:5, 网络节点
pneumaticcraft:stop_worm, 停！蠕虫
pneumaticcraft:nuke_virus, 核弹病毒
pneumaticcraft:compressed_iron_gear, 压缩铁齿轮
pneumaticcraft:pneumatic_wrench, 气动扳手
pneumaticcraft:drone, 无人机
pneumaticcraft:programming_puzzle:1, 红色编程拼图
pneumaticcraft:programming_puzzle:2, 绿色编程拼图
pneumaticcraft:programming_puzzle:3, 棕色编程拼图
pneumaticcraft:programming_puzzle:4, 蓝色编程拼图
pneumaticcraft:programming_puzzle:5, 紫色编程拼图
pneumaticcraft:programming_puzzle:6, 青色编程拼图
pneumaticcraft:programming_puzzle:8, 灰色编程拼图
pneumaticcraft:programming_puzzle:9, 粉红色编程拼图
pneumaticcraft:programming_puzzle:10, 黄绿色编程拼图
pneumaticcraft:programming_puzzle:11, 黄色编程拼图
pneumaticcraft:programming_puzzle:12, 淡蓝色编程拼图
pneumaticcraft:programming_puzzle:14, 橙色编程拼图
pneumaticcraft:programming_puzzle:15, 白色编程拼图
pneumaticcraft:advanced_pcb, 高级印刷电路板
pneumaticcraft:remote, 远程终端
pneumaticcraft:seismic_sensor, 地下石油探测器
pneumaticcraft:logistics_configurator, 物流配置器
pneumaticcraft:logistic_drone, 物流无人机
pneumaticcraft:harvesting_drone, 收割无人机
pneumaticcraft:gun_ammo, 加特林机枪弹药
pneumaticcraft:gun_ammo_incendiary, 燃烧型加特林机枪弹药
pneumaticcraft:gun_ammo_weighted, 重质型加特林机枪弹药
pneumaticcraft:gun_ammo_ap, 破甲型加特林机枪弹药
pneumaticcraft:gun_ammo_explosive, 爆炸型加特林机枪弹药
pneumaticcraft:gun_ammo_freezing, 寒冰型加特林机枪弹药
pneumaticcraft:amadron_tablet, Amadron 平板电脑
pneumaticcraft:minigun, 加特林机枪
pneumaticcraft:camo_applicator, 伪装涂覆器
pneumaticcraft:micromissiles, 微型导弹
pneumaticcraft:volume_upgrade, 容量升级
pneumaticcraft:dispenser_upgrade, 发射器升级
pneumaticcraft:item_life_upgrade, 物品寿命升级
pneumaticcraft:entity_tracker_upgrade, 实体追踪升级
pneumaticcraft:block_tracker_upgrade, 方块追踪升级
pneumaticcraft:speed_upgrade, 速度升级
pneumaticcraft:search_upgrade, 物品搜寻升级
pneumaticcraft:coordinate_tracker_upgrade, 坐标追踪升级
pneumaticcraft:range_upgrade, 范围升级
pneumaticcraft:security_upgrade, 安全升级
pneumaticcraft:magnet_upgrade, 磁铁升级
pneumaticcraft:thaumcraft_upgrade, 神秘时代升级
pneumaticcraft:charging_upgrade, 充气升级
pneumaticcraft:armor_upgrade, 盔甲升级
pneumaticcraft:jet_boots_upgrade, 喷射鞋升级
pneumaticcraft:night_vision_upgrade, 夜视升级
pneumaticcraft:scuba_upgrade, 水肺升级
pneumaticcraft:creative_upgrade, 创造补给升级
pneumaticcraft:pressure_tube, 压力管道
pneumaticcraft:advanced_pressure_tube, 高级压力管道
pneumaticcraft:air_compressor, 空气压缩机
pneumaticcraft:advanced_air_compressor, 高级空气压缩机
pneumaticcraft:air_cannon, 空气炮
pneumaticcraft:pressure_chamber_wall, 压力室墙壁
pneumaticcraft:pressure_chamber_glass, 压力室玻璃
pneumaticcraft:pressure_chamber_valve, 压力室气阀
pneumaticcraft:charging_station, 充能站
pneumaticcraft:elevator_base, 电梯基座
pneumaticcraft:elevator_frame, 电梯框架
pneumaticcraft:pressure_chamber_interface, 压力室接口
pneumaticcraft:vacuum_pump, 真空泵
pneumaticcraft:pneumatic_door_base, 气动门基座
pneumaticcraft:pneumatic_door, 气动门
pneumaticcraft:assembly_io_unit, 装配台 IO 设备
pneumaticcraft:assembly_platform, 装配平台
pneumaticcraft:assembly_drill, 装配钻头
pneumaticcraft:assembly_laser, 装配激光
pneumaticcraft:assembly_controller, 装配控制器
pneumaticcraft:compressed_iron_block, 压缩铁块
pneumaticcraft:uv_light_box, 紫外光灯箱
pneumaticcraft:security_station, 安全站
pneumaticcraft:universal_sensor, 万能传感器
pneumaticcraft:aerial_interface, 空气接口
pneumaticcraft:electrostatic_compressor, 静电压缩机
pneumaticcraft:aphorism_tile, 格言瓷砖
pneumaticcraft:omnidirectional_hopper, 全方向漏斗
pneumaticcraft:liquid_hopper, 液体漏斗
pneumaticcraft:elevator_caller, 电梯呼叫器
pneumaticcraft:programmer, 编程器
pneumaticcraft:creative_compressor, 创造模式压缩机
pneumaticcraft:plastic_mixer, 塑料混合机
pneumaticcraft:liquid_compressor, 液体压缩机
pneumaticcraft:advanced_liquid_compressor, 高级液体压缩机
pneumaticcraft:heat_sink, 散热片
pneumaticcraft:vortex_tube, 涡流管
pneumaticcraft:programmable_controller, 可编程控制器
pneumaticcraft:gas_lift, 气举
pneumaticcraft:refinery, 精炼厂
pneumaticcraft:thermopneumatic_processing_plant, 热气动加工机
pneumaticcraft:kerosene_lamp, 煤油灯
pneumaticcraft:sentry_turret, 哨戒炮
pneumaticcraft:flux_compressor, 通量压缩机
pneumaticcraft:pneumatic_dynamo, 气动能源炉
pneumaticcraft:fake_ice, tile.fake_ice.name
pneumaticcraft:thermal_compressor, 热力压缩器
pneumaticcraft:drone_interface, 无人机接口
pneumaticcraft:electric_compressor, 电力压缩机
pneumaticcraft:pneumatic_generator, 气动发电机
pneumaticcraft:logistic_frame_active_provider, 物流主动供应框架
pneumaticcraft:logistic_frame_passive_provider, 物流被动供应框架
pneumaticcraft:logistic_frame_storage, 物流存储框架
pneumaticcraft:logistic_frame_default_storage, 物流默认存储框架
pneumaticcraft:logistic_frame_requester, 物流请求框架
pneumaticcraft:heat_frame, 导热框架
pneumaticcraft:spawner_agitator, 刷怪箱激发器
pneumaticcraft:crop_support, 作物架
pneumaticcraft:transfer_gadget, 传输装置
pneumaticcraft:safety_tube_module, 安全管道模块
pneumaticcraft:pressure_gauge_module, 压力表管道模块
pneumaticcraft:flow_detector_module, 流量检测管道模块
pneumaticcraft:air_grate_module, 空气栅管道模块
pneumaticcraft:regulator_tube_module, 调节器管道模块
pneumaticcraft:charging_module, 充气模块
pneumaticcraft:logistics_module, 物流模块
pneumaticcraft:redstone_module, 红石模块
pneumaticcraft:fluid.lubricant, 润滑油
pneumaticcraft:fluid.fuel, 汽油
pneumaticcraft:fluid.kerosene, 煤油
pneumaticcraft:fluid.etchacid, 蚀刻酸
pneumaticcraft:fluid.plastic, 塑料
pneumaticcraft:fluid.lpg, 液化石油气（LPG）
pneumaticcraft:fluid.diesel, 柴油
gugu-utils:lensoverclocking, 魔力透镜： 超频
gugu-utils:lenstransform, 魔力透镜： 转变
gugu-utils:environmenthatch, 环境传感器
gugu-utils:energyoutputport, 能源输出端口
gugu-utils:constructionranged, 范围建造选择工具
gugu-utils:sparkmanahatch:0, 火花魔力输入仓
gugu-utils:sparkmanahatch:1, 火花魔力输出仓
gugu-utils:starlightinputhatch:0, 基础星辉输入仓
gugu-utils:starlightinputhatch:1, 五彩星辉输入仓
gugu-utils:starlightinputhatch:2, 闪耀星辉输入仓
gugu-utils:emberinputhatch:0, 微型灰烬能量输入仓
gugu-utils:emberinputhatch:1, 小型灰烬能量输入仓
gugu-utils:emberinputhatch:2, 中型灰烬能量输入仓
gugu-utils:emberinputhatch:3, 强化灰烬能量输入仓
gugu-utils:emberinputhatch:4, 大型灰烬能量输入仓
gugu-utils:emberinputhatch:5, 巨型灰烬能量输入仓
gugu-utils:emberinputhatch:6, 超级灰烬能量输入仓
gugu-utils:emberinputhatch:7, 极限灰烬能量输入仓
gugu-utils:aspecthatch:0, 源质输入仓
gugu-utils:aspecthatch:1, 源质输出仓
gugu-utils:pressurehatch:0, 压缩空气输入阀门
gugu-utils:pressurehatch:1, 压缩空气输出阀门
immersivepetroleum:metal_device:0, 自动润滑器
immersivepetroleum:metal_device:1, 便携式发电机
immersivepetroleum:stone_decoration, tile.immersivepetroleum.stone_decoration.name
immersivepetroleum:material:0, 沥青
immersivepetroleum:schematic, 多方块结构投影仪 %s
immersivepetroleum:speedboat, 汽艇
immersivepetroleum:upgrades:0, 钢制船体
immersivepetroleum:upgrades:1, 破冰船首
immersivepetroleum:upgrades:2, 扩展油箱
immersivepetroleum:upgrades:3, 机动船舵
immersivepetroleum:upgrades:4, 应急桨
immersivepetroleum:oil_can, 润滑油罐
teslacorelib:base_addon, 基础升级板
teslacorelib:energy_tier1, 能量升级I
teslacorelib:energy_tier2, 能量升级II
teslacorelib:machine_case, 机械外壳
teslacorelib:speed_tier1, 速度升级I
teslacorelib:speed_tier2, 速度升级II
teslacorelib:wrench, Tesla扳手
integrateddynamics:part_audio_reader_item, parttype.parttypes.integrateddynamics.audio_reader.name.name
integrateddynamics:part_block_reader_item, parttype.parttypes.integrateddynamics.block_reader.name.name
integrateddynamics:part_entity_reader_item, parttype.parttypes.integrateddynamics.entity_reader.name.name
integrateddynamics:part_extradimensional_reader_item, parttype.parttypes.integrateddynamics.extradimensional_reader.name.name
integrateddynamics:part_fluid_reader_item, parttype.parttypes.integrateddynamics.fluid_reader.name.name
integrateddynamics:part_inventory_reader_item, parttype.parttypes.integrateddynamics.inventory_reader.name.name
integrateddynamics:part_machine_reader_item, parttype.parttypes.integrateddynamics.machine_reader.name.name
integrateddynamics:part_network_reader_item, parttype.parttypes.integrateddynamics.network_reader.name.name
integrateddynamics:part_redstone_reader_item, parttype.parttypes.integrateddynamics.redstone_reader.name.name
integrateddynamics:part_world_reader_item, parttype.parttypes.integrateddynamics.world_reader.name.name
integrateddynamics:part_audio_writer_item, parttype.parttypes.integrateddynamics.audio_writer.name.name
integrateddynamics:part_effect_writer_item, parttype.parttypes.integrateddynamics.effect_writer.name.name
integrateddynamics:part_entity_writer_item, parttype.parttypes.integrateddynamics.entity_writer.name.name
integrateddynamics:part_machine_writer_item, parttype.parttypes.integrateddynamics.machine_writer.name.name
integrateddynamics:part_inventory_writer_item, parttype.parttypes.integrateddynamics.inventory_writer.name.name
integrateddynamics:part_redstone_writer_item, parttype.parttypes.integrateddynamics.redstone_writer.name.name
integrateddynamics:part_static_light_panel_item, parttype.parttypes.integrateddynamics.static_light_panel.name.name
integrateddynamics:part_dynamic_light_panel_item, parttype.parttypes.integrateddynamics.dynamic_light_panel.name.name
integrateddynamics:part_display_panel_item, parttype.parttypes.integrateddynamics.display_panel.name.name
integrateddynamics:part_connector_mono_directional_item, parttype.parttypes.integrateddynamics.connector_mono_directional.name.name
integrateddynamics:part_connector_omni_directional_item, parttype.parttypes.integrateddynamics.connector_omni_directional.name.name
integrateddynamics:cable, 逻辑线缆
integrateddynamics:variablestore:0, 变量卡箱
integrateddynamics:logic_programmer:0, 逻辑编程器
integrateddynamics:energy_battery, 能量电池
integrateddynamics:creative_energy_battery, 创造能量电池
integrateddynamics:coal_generator:0, 发电机
integrateddynamics:proxy:0, 代理器
integrateddynamics:materializer:0, 固值器
integrateddynamics:menril_log:0, 门瑞欧木
integrateddynamics:menril_log_filled:0, 富集的门瑞欧木
integrateddynamics:menril_leaves:0, 门瑞欧树叶
integrateddynamics:menril_sapling:0, 门瑞欧树苗
integrateddynamics:menril_planks, 门瑞欧木板
integrateddynamics:crystalized_menril_block, 门瑞欧结晶块
integrateddynamics:crystalized_menril_brick, 门瑞欧结晶砖
integrateddynamics:block_menril_resin:0, 门瑞欧树脂
integrateddynamics:drying_basin, 烘干池
integrateddynamics:squeezer:0, 挤压机
integrateddynamics:menril_door, 门瑞欧木门
integrateddynamics:menril_torch:0, 门瑞欧火把
integrateddynamics:menril_torch_stone:0, 门瑞欧石柄火把
integrateddynamics:menril_planks_stairs:0, 门瑞欧木楼梯
integrateddynamics:crystalized_menril_block_stairs:0, 门瑞欧结晶楼梯
integrateddynamics:crystalized_menril_brick_stairs:0, 门瑞欧晶砖楼梯
integrateddynamics:delay:0, 延迟器
integrateddynamics:block_liquid_chorus:0, 紫颂果汁
integrateddynamics:crystalized_chorus_block, 紫颂果结晶块
integrateddynamics:crystalized_chorus_brick, 紫颂果结晶砖
integrateddynamics:crystalized_chorus_block_stairs:0, 紫颂果结晶楼梯
integrateddynamics:crystalized_chorus_brick_stairs:0, 紫颂果晶砖楼梯
integrateddynamics:mechanical_squeezer:0, 电动挤压机
integrateddynamics:mechanical_drying_basin:0, 电动烘干池
integrateddynamics:wrench, 门瑞欧结晶扳手
integrateddynamics:variable, 变量卡
integrateddynamics:labeller, 注释器
integrateddynamics:facade, 伪装方块
integrateddynamics:crystalized_menril_chunk, 门瑞欧结晶碎片
integrateddynamics:variable_transformer:0, 变量输出零件
integrateddynamics:variable_transformer:1, 变量输入零件
integrateddynamics:menril_berries, 门瑞欧浆果
integrateddynamics:portable_logic_programmer, 便携式逻辑编程器
integrateddynamics:on_the_dynamics_of_integration, 论集成动力
integrateddynamics:crystalized_chorus_chunk, 紫颂果结晶碎片
integrateddynamics:logic_director, 逻辑导向零件
integratedcrafting:part_interface_crafting_item, parttype.parttypes.integratedcrafting.interface_crafting.name.name
integratedcrafting:part_crafting_writer_item, parttype.parttypes.integratedcrafting.crafting_writer.name.name
integratedterminals:menril_glass, 门瑞欧玻璃
integratedterminals:chorus_glass, 紫颂玻璃
integratedterminals:part_terminal_storage_item, parttype.parttypes.integratedterminals.terminal_storage.name.name
integratedterminals:part_terminal_crafting_job_item, parttype.parttypes.integratedterminals.terminal_crafting_job.name.name
integratedtunnels:part_interface_energy_item, parttype.parttypes.integratedtunnels.interface_energy.name.name
integratedtunnels:part_importer_energy_item, parttype.parttypes.integratedtunnels.importer_energy.name.name
integratedtunnels:part_exporter_energy_item, parttype.parttypes.integratedtunnels.exporter_energy.name.name
integratedtunnels:part_importer_world_energy_item, parttype.parttypes.integratedtunnels.importer_world_energy.name.name
integratedtunnels:part_exporter_world_energy_item, parttype.parttypes.integratedtunnels.exporter_world_energy.name.name
integratedtunnels:part_interface_item_item, parttype.parttypes.integratedtunnels.interface_item.name.name
integratedtunnels:part_importer_item_item, parttype.parttypes.integratedtunnels.importer_item.name.name
integratedtunnels:part_exporter_item_item, parttype.parttypes.integratedtunnels.exporter_item.name.name
integratedtunnels:part_importer_world_item_item, parttype.parttypes.integratedtunnels.importer_world_item.name.name
integratedtunnels:part_exporter_world_item_item, parttype.parttypes.integratedtunnels.exporter_world_item.name.name
integratedtunnels:part_interface_fluid_item, parttype.parttypes.integratedtunnels.interface_fluid.name.name
integratedtunnels:part_importer_fluid_item, parttype.parttypes.integratedtunnels.importer_fluid.name.name
integratedtunnels:part_exporter_fluid_item, parttype.parttypes.integratedtunnels.exporter_fluid.name.name
integratedtunnels:part_importer_world_fluid_item, parttype.parttypes.integratedtunnels.importer_world_fluid.name.name
integratedtunnels:part_exporter_world_fluid_item, parttype.parttypes.integratedtunnels.exporter_world_fluid.name.name
integratedtunnels:part_importer_world_block_item, parttype.parttypes.integratedtunnels.importer_world_block.name.name
integratedtunnels:part_exporter_world_block_item, parttype.parttypes.integratedtunnels.exporter_world_block.name.name
integratedtunnels:part_player_simulator_item, parttype.parttypes.integratedtunnels.player_simulator.name.name
refraction:mirror, 镜子
refraction:lens, 透镜
refraction:magnifier, tile.magnifier.name
refraction:disco_ball, tile.disco_ball.name
refraction:assembly_table, tile.assembly_table.name
refraction:laser, tile.laser.name
refraction:prism, tile.prism.name
refraction:reflection_chamber, tile.reflection_chamber.name
refraction:splitter, tile.splitter.name
refraction:electron_exciter, tile.electron_exciter.name
refraction:sensor, tile.sensor.name
refraction:spectrometer, tile.spectrometer.name
refraction:optic_fiber, tile.optic_fiber.name
refraction:creative_laser, tile.creative_laser.name
refraction:reflective_alloy_block, tile.reflective_alloy_block.name
refraction:translocator, tile.translocator.name
refraction:axyz, tile.axyz.name
refraction:filter:0, 白色创造滤镜
refraction:filter:1, 红色创造滤镜
refraction:filter:2, 绿色创造滤镜
refraction:filter:3, 蓝色创造滤镜
refraction:filter:4, 青色创造滤镜
refraction:filter:5, 黄色创造滤镜
refraction:filter:6, 品红色创造滤镜
refraction:filter:7, 粉红色创造滤镜
refraction:filter:8, 橙色创造滤镜
refraction:wormhole, tile.wormhole.name
refraction:electric_laser, tile.electric_laser.name
refraction:laser_pen, item.laser_pen.name
refraction:screw_driver, 螺丝刀
refraction:reflective_alloy, item.reflective_alloy.name
refraction:book, 书
refraction:grenade, 手榴弹
refraction:photon_cannon, item.photon_cannon.name
refraction:ref_alloy_helmet, item.ref_alloy_helmet.name
refraction:ref_alloy_chestplate, item.ref_alloy_chestplate.name
refraction:ref_alloy_leggings, item.ref_alloy_leggings.name
refraction:ref_alloy_boots, item.ref_alloy_boots.name
refraction:light_cartridge, item.light_cartridge.name
rpsideas:wide_socket, item.wide_socket.name
rpsideas:flash_ring, item.flash_ring.name
rpsideas:trigger_sensor, item.trigger_sensor.name
rpsideas:biotic_sensor, item.biotic_sensor.name
rpsideas:unstable_battery, item.unstable_battery.name
rpsideas:twinflow_battery, item.twinflow_battery.name
rpsideas:shielded_battery, item.shielded_battery.name
rpsideas:creative_colorizer, item.creative_colorizer.name
rpsideas:psimetal_rod, item.psimetal_rod.name
rpsideas:empty_colorizer, item.empty_colorizer.name
rpsideas:liquid_colorizer, item.liquid_colorizer.name
rpsideas:cyclic_colorizer, item.cyclic_colorizer.name
rpsideas:ebony_pickaxe, item.ebony_pickaxe.name
rpsideas:ebony_shovel, item.ebony_shovel.name
rpsideas:ebony_axe, item.ebony_axe.name
rpsideas:ebony_sword, item.ebony_sword.name
rpsideas:ivory_pickaxe, item.ivory_pickaxe.name
rpsideas:ivory_shovel, item.ivory_shovel.name
rpsideas:ivory_axe, item.ivory_axe.name
rpsideas:ivory_sword, item.ivory_sword.name
rpsideas:ebony_helmet, item.ebony_helmet.name
rpsideas:ebony_chestplate, item.ebony_chestplate.name
rpsideas:ebony_leggings, item.ebony_leggings.name
rpsideas:ebony_boots, item.ebony_boots.name
rpsideas:ivory_helmet, item.ivory_helmet.name
rpsideas:ivory_chestplate, item.ivory_chestplate.name
rpsideas:ivory_leggings, item.ivory_leggings.name
rpsideas:ivory_boots, item.ivory_boots.name
rpsideas:ebony_rod, item.ebony_rod.name
rpsideas:ivory_rod, item.ivory_rod.name
rpsideas:ebony_shears, item.ebony_shears.name
rpsideas:ivory_shears, item.ivory_shears.name
rpsideas:ebony_hoe, item.ebony_hoe.name
rpsideas:ivory_hoe, item.ivory_hoe.name
rpsideas:inline_caster, item.inline_caster.name
rpsideas:gauss_rifle, item.gauss_rifle.name
rpsideas:overclocked_cad_assembly, item.overclocked_cad_assembly.name
rpsideas:underclocked_cad_assembly, item.underclocked_cad_assembly.name
rpsideas:hyperthreaded_cad_core, item.hyperthreaded_cad_core.name
rpsideas:virtual_thread_cad_core, item.virtual_thread_cad_core.name
rpsideas:optimized_cad_core, item.optimized_cad_core.name
rpsideas:psi_cuffs, item.psi_cuffs.name
rpsideas:psi_cuff_key, item.psi_cuff_key.name
rpsideas:psimetal_shield, item.psimetal_shield.name
rpsideas:ebony_shield, item.ebony_shield.name
rpsideas:psimetal_hoe, item.psimetal_hoe.name
rpsideas:psimetal_shears, item.psimetal_shears.name
rpsideas:gauss_bullet, item.gauss_bullet.name
rpsideas:magazine, item.magazine.name
rpsideas:battlecaster, item.battlecaster.name
rpsideas:keypad, item.keypad.name
rpsideas:overvolted_cad_assembly, item.overvolted_cad_assembly.name
rpsideas:undervolted_cad_assembly, item.undervolted_cad_assembly.name
rpsideas:cad_assembly_mana_blaster, item.cad_assembly_mana_blaster.name
rpsideas:bright_plate:0, 白色 Psi 金属流光板
rpsideas:bright_plate:1, 橙色 Psi 金属流光板
rpsideas:bright_plate:2, 品红色 Psi 金属流光板
rpsideas:bright_plate:3, 淡蓝色 Psi 金属流光板
rpsideas:bright_plate:4, 黄色 Psi 金属流光板
rpsideas:bright_plate:5, 黄绿色 Psi 金属流光板
rpsideas:bright_plate:6, 粉红色 Psi 金属流光板
rpsideas:bright_plate:7, 灰色 Psi 金属流光板
rpsideas:bright_plate:8, 淡灰色 Psi 金属流光板
rpsideas:bright_plate:9, 青色 Psi 金属流光板
rpsideas:bright_plate:10, 紫色 Psi 金属流光板
rpsideas:bright_plate:11, 蓝色 Psi 金属流光板
rpsideas:bright_plate:12, 棕色 Psi 金属流光板
rpsideas:bright_plate:13, 绿色 Psi 金属流光板
rpsideas:bright_plate:14, 红色 Psi 金属流光板
rpsideas:bright_plate:15, 黑色 Psi 金属流光板
rpsideas:dark_plate:0, 深白色 Psi 金属流光板
rpsideas:dark_plate:1, 深橙色 Psi 金属流光板
rpsideas:dark_plate:2, 深品红色 Psi 金属流光板
rpsideas:dark_plate:3, 深淡蓝色 Psi 金属流光板
rpsideas:dark_plate:4, 深黄色 Psi 金属流光板
rpsideas:dark_plate:5, 深黄绿色 Psi 金属流光板
rpsideas:dark_plate:6, 深粉红色 Psi 金属流光板
rpsideas:dark_plate:7, 深灰色 Psi 金属流光板
rpsideas:dark_plate:8, 深淡灰色 Psi 金属流光板
rpsideas:dark_plate:9, 深青色 Psi 金属流光板
rpsideas:dark_plate:10, 深紫色 Psi 金属流光板
rpsideas:dark_plate:11, 深蓝色 Psi 金属流光板
rpsideas:dark_plate:12, 深棕色 Psi 金属流光板
rpsideas:dark_plate:13, 深绿色 Psi 金属流光板
rpsideas:dark_plate:14, 深红色 Psi 金属流光板
rpsideas:dark_plate:15, 深黑色 Psi 金属流光板
rpsideas:cad_case_white, tile.cad_case_white.name
rpsideas:cad_case_orange, tile.cad_case_orange.name
rpsideas:cad_case_magenta, tile.cad_case_magenta.name
rpsideas:cad_case_light_blue, tile.cad_case_light_blue.name
rpsideas:cad_case_yellow, tile.cad_case_yellow.name
rpsideas:cad_case_lime, tile.cad_case_lime.name
rpsideas:cad_case_pink, tile.cad_case_pink.name
rpsideas:cad_case_gray, tile.cad_case_gray.name
rpsideas:cad_case_silver, tile.cad_case_silver.name
rpsideas:cad_case_cyan, tile.cad_case_cyan.name
rpsideas:cad_case_purple, tile.cad_case_purple.name
rpsideas:cad_case_blue, tile.cad_case_blue.name
rpsideas:cad_case_brown, tile.cad_case_brown.name
rpsideas:cad_case_green, tile.cad_case_green.name
rpsideas:cad_case_red, tile.cad_case_red.name
rpsideas:cad_case_black, tile.cad_case_black.name
lootoverhaul:loot_item, Item Loot
lootoverhaul:loot_block, Block Loot
lootoverhaul:loot_fill, Fill Loot
lootoverhaul:loot_entity, Entity Loot
lootoverhaul:loot_structure, Structure Loot
lootoverhaul:loot_command, Command Loot
lootoverhaul:loot_effect, Effect Loot
lootoverhaul:trigger_command, Command Trigger
lootoverhaul:trigger_loot, Loot Trigger
maplesyrup:pancakes:0, 薄饼
maplesyrup:pancakes:1, 枫糖薄饼
maplesyrup:pancakes:2, 培根薄饼
maplesyrup:pancakes:3, 加糖培根
maplesyrup:pancakes:4, 枫饼干
maplesyrup:pancakemix, 薄饼糊
maplesyrup:bottle_syrup:0, 枫糖瓶
maplesyrup:bottle_syrup:1, 桦糖瓶
maplesyrup:hydrometer, 比重计
maplesyrup:sugarbucket, 糖桶
maplesyrup:evaporator, 蒸发皿
maplesyrup:maple_log, 枫木
maplesyrup:tree_tap, 插管
maplesyrup:maple_leaves:0, 红枫树叶
maplesyrup:maple_leaves:1, 黄枫树叶
maplesyrup:maple_leaves:2, 橙枫树叶
maplesyrup:maple_leaves:3, 绿枫树叶
maplesyrup:maple_sapling, 枫树树苗
immersivetech:connectors, tile.immersivetech.connectors.name
immersivetech:metal_trash:0, 垃圾桶
immersivetech:metal_trash:1, 流体垃圾桶
immersivetech:metal_trash:2, 能量垃圾桶
immersivetech:metal_barrel:0, 创造模式金属桶
immersivetech:metal_barrel:1, 无盖金属桶
immersivetech:metal_barrel:2, 钢制金属桶
immersivetech:valve:0, 流体控制阀
immersivetech:valve:1, 载荷控制器
immersivetech:valve:2, 物品控制器
immersivetech:stone_decoration, tile.immersivetech.stone_decoration.name
immersivetech:stone_decoration_slab, tile.immersivetech.stone_decoration_slab.name
immersivetech:wooden_crate, tile.immersivetech.wooden_crate.name
immersivetech:material:0, 盐
mob_grinding_utils:fan, 怪物风扇
mob_grinding_utils:saw, 怪物捣碎器
mob_grinding_utils:absorption_hopper, 吸收漏斗
mob_grinding_utils:spikes, 铁钉
mob_grinding_utils:tank, 奇异水槽
mob_grinding_utils:tank_sink, 经验吸收水槽
mob_grinding_utils:xp_tap, 经验水龙头
mob_grinding_utils:wither_muffler, 凋灵死亡音效消除器
mob_grinding_utils:dragon_muffler, 末影龙死亡音效消除器
mob_grinding_utils:dark_oak_stone, 深色橡木石头
mob_grinding_utils:entity_conveyor, 实体传送器
mob_grinding_utils:ender_inhibitor_on, 末影抑制器 激活
mob_grinding_utils:ender_inhibitor_off, 末影抑制器 未激活
mob_grinding_utils:fan_upgrade:0, 怪物风扇升级
mob_grinding_utils:fan_upgrade:1, 怪物风扇升级
mob_grinding_utils:fan_upgrade:2, 怪物风扇升级
mob_grinding_utils:absorption_upgrade:0, 吸收漏斗升级
mob_grinding_utils:saw_upgrade:0, 怪物捣碎器升级
mob_grinding_utils:saw_upgrade:1, 怪物捣碎器升级
mob_grinding_utils:saw_upgrade:2, 怪物捣碎器升级
mob_grinding_utils:saw_upgrade:3, 怪物捣碎器升级
mob_grinding_utils:saw_upgrade:4, 怪物捣碎器升级
mob_grinding_utils:saw_upgrade:5, 怪物捣碎器升级
mob_grinding_utils:mob_swab, 怪物棉签
mob_grinding_utils:gm_chicken_feed, GM 鸡饲料
mob_grinding_utils:null_sword, 虚构的剑
modularmagic:blockwillproviderinput, 恶魔意志输入仓
modularmagic:blockwillprovideroutput, 恶魔意志输出仓
modularmagic:blocklifeessenceproviderinput, 生命源质输入仓
modularmagic:blocklifeessenceprovideroutput, 生命源质输出仓
modularmagic:blockaspectproviderinput, 源质输入仓
modularmagic:blockaspectprovideroutput, 源质输出仓
modularmagic:blockgridproviderinput, GP输入仓
modularmagic:blockgridprovideroutput, GP输出仓
modularmagic:blockrainbowprovider, 彩虹输入仓
modularmagic:blockstarlightproviderinput, 星能聚集仓
modularmagic:blockstarlightprovideroutput, 星能发散仓
modularmagic:blockconstellationprovider, 星座检测仓
modularmagic:blockmanaproviderinput, 魔力输入仓
modularmagic:blockmanaprovideroutput, 魔力输出仓
mets:niobium_ore, 铌矿石
mets:titanium_ore, 钛矿石
mets:titanium_block, 钛块
mets:titanium_scaffold, 钛制钻机框架
mets:geomagnetic_pedestal, 地磁发电机基座
mets:geomagnetic_antenna, 地磁发电机天线
mets:super_lapotron_crystal, §b超级兰波顿水晶
mets:charging_super_lapotron_crystal, §b超级兰波顿充电电池
mets:advanced_iridium_sword, §b量子剑
mets:advanced_lithium_battery, 高级锂电池
mets:lithium_battery, 锂电池
mets:thorium_battery, 钍电池
mets:electric_first_aid_life_support, 电力生命维护仪
mets:electric_nutrition_supply, 电力营养供应器
mets:electric_fishing_rod, 电动鱼竿
mets:electric_shield, item.mets.electric_shield.name
mets:nano_bow, §e纳米复合弓
mets:plasma_air_cannon, §e等离子空气炮
mets:electric_submachine_gun, 电力激光镭射步枪
mets:advanced_electric_submachine_gun, §b进阶电力激光镭射步枪
mets:tactical_laser_submachine_gun, §b铱制刺刀战术激光镭射步枪
mets:electric_rocket_launcher, 火箭筒
mets:electric_force_field_generator, 电力伤害吸收仪
mets:electric_lighter, 电力光源产生器
mets:geomagnetic_detector, 地磁探测器
mets:electric_plasma_gun, §e电力等离子电浆发射器
mets:electric_wirless_manager, 无线管理器
mets:tachyon_disruptor, §5先进速子裂解枪
mets:diving_mask, 潜水面具
mets:advanced_quantum_chest, §b进阶量子胸甲
mets:advanced_jetpack, 进阶电力超频喷气背包
mets:heavy_quantum_chest, §b重型量子胸甲
mets:titanium_iron_alloy_rotor, 转子（钛铁合金）
mets:super_iridium_rotor, §b转子（超级铱合金）
mets:niobium_crushed, 粉碎铌矿石
mets:niobium_dust, 铌粉
mets:titanium_crushed, 粉碎钛矿石
mets:titanium_dust, 钛粉
mets:titanium_ingot, 钛锭
mets:titanium_plate, 钛板
mets:titanium_casing, 钛制外壳
mets:titanium_shaft, 钛柄
mets:thorium_pile, 一小堆钍
mets:thorium_dust, 钍粉
mets:thorium_scrap, §b钍废料盒
mets:niobium_titanium_dust, 铌钛混合粉
mets:niobium_titanium_ingot, §b铌钛合金锭
mets:niobium_titanium_plate, §b铌钛合金板
mets:lens, 玻璃透镜
mets:diamond_lens, §b钻石透镜
mets:rocket, 火箭弹
mets:super_iridium_alloy, §b超级铱合金锭
mets:superconducting_cable, §b超导合金导线
mets:super_circuit, §b超级电路板
mets:titanium_iron_rotor_blade, 钛铁合金扇叶
mets:super_iridium_blade, §b超级铱合金扇叶
mets:super_iridium_compress_plate, §b致密超级铱合金板
mets:copper_nugget, 铜粒
mets:tin_nugget, 锡粒
mets:titanium_nugget, 钛粒
mets:lead_nugget, 铅粒
mets:plant_extract, 植物精华
mets:nano_living_metal, §d纳米活体金属
mets:living_circuit, §d活体电路板
mets:field_generator, §d力场发生器
mets:neutron_plate, §d简并态中子板
mets:advanced_oc_heat_vent, §b铱金超频散热器
mets:advanced_heat_vent, §b铱金散热器
mets:iron_rich_seed, 富铁种子
mets:copper_rich_seed, 富铜种子
mets:tin_rich_seed, 富锡种子
mets:titanium_rich_seed, 富钛种子
mets:uranium_rich_seed, 富铀种子
mets:lead_rich_seed, 富铅种子
mets:electric_fire_proof_necklace, 电力防火项链
mets:energy_crystal_belt, 能量水晶电池腰带
mets:lapotron_crystal_belt, §e兰波顿电池腰带
mets:electric_life_support_ring, §b终极维生指环
mets:electric_flight_ring, §b电力飞行指环
moreplates:hammer, 锤子
matteroverdrive:dilithium_crystal, 二锂晶体
matteroverdrive:tritanium_ingot, 三钛合金锭
matteroverdrive:tritanium_nugget, 三钛合金粒
matteroverdrive:tritanium_dust, 三钛合金粉
matteroverdrive:tritanium_plate, 三钛合金板
matteroverdrive:matter_dust, 物质粉尘
matteroverdrive:matter_dust_refined, 精炼物质粉尘
matteroverdrive:android_pill:0, 红色药丸
matteroverdrive:android_pill:1, 蓝色药丸
matteroverdrive:android_pill:2, 黄色药丸
matteroverdrive:emergency_ration, 应急营养单元
matteroverdrive:earl_gray_tea, 格雷伯爵茶
matteroverdrive:romulan_ale, 罗慕兰麦酒
matteroverdrive:battery, 电池
matteroverdrive:hc_battery, 高能电池
matteroverdrive:creative_battery, 创造电池
matteroverdrive:matter_container, item.matteroverdrive.matter_container.name
matteroverdrive:me_conversion_matrix, 质能转换矩阵
matteroverdrive:h_compensator, 海森堡补偿器
matteroverdrive:integration_matrix, 集成矩阵
matteroverdrive:machine_casing, 机械铸件
matteroverdrive:s_magnet, 超导磁体
matteroverdrive:isolinear_circuit:0, 等线性电路Mk1
matteroverdrive:isolinear_circuit:1, 等线性电路Mk2
matteroverdrive:isolinear_circuit:2, 等线性电路Mk3
matteroverdrive:isolinear_circuit:3, 等线性电路Mk4
matteroverdrive:matter:0, item.matteroverdrive.matter.name
matteroverdrive:matter:1, item.matteroverdrive.matter.name
matteroverdrive:matter:2, item.matteroverdrive.matter.name
matteroverdrive:forcefield_emitter, 力场发生器
matteroverdrive:weapon_handle, 武器手柄
matteroverdrive:weapon_receiver, 武装导能器
matteroverdrive:plasma_core, 相位能量整流核心
matteroverdrive:phaser, 相位能量整流器
matteroverdrive:phaser_rifle, 相位来复枪
matteroverdrive:plasma_shotgun, 相位散弹枪
matteroverdrive:ion_sniper, 离子狙击枪
matteroverdrive:omni_tool, 全效离子工具
matteroverdrive:weapon_module_color:0, 颜色模块 (红色)
matteroverdrive:weapon_module_color:1, 颜色模块 (绿色)
matteroverdrive:weapon_module_color:2, 颜色模块 (蓝色)
matteroverdrive:weapon_module_color:3, 颜色模块 (棕色)
matteroverdrive:weapon_module_color:4, 颜色模块 (粉红色)
matteroverdrive:weapon_module_color:5, 颜色模块 (天蓝色)
matteroverdrive:weapon_module_color:6, 颜色模块 (金色)
matteroverdrive:weapon_module_color:7, 颜色模块 (黄绿色)
matteroverdrive:weapon_module_color:8, 颜色模块 (黑色)
matteroverdrive:weapon_module_color:9, 颜色模块 (灰色)
matteroverdrive:weapon_module_barrel:0, 二锂聚焦矩阵
matteroverdrive:weapon_module_barrel:1, 高能燃烧弹
matteroverdrive:weapon_module_barrel:2, 爆裂电磁炮
matteroverdrive:weapon_module_barrel:3, 再生转换器
matteroverdrive:weapon_module_barrel:4, 衰变聚爆矩阵（末日型）
matteroverdrive:weapon_module_barrel:5, 体素扩张失能湮灭矩阵（剧毒）
matteroverdrive:sniper_scope, 狙击镜
matteroverdrive:weapon_module_ricochet:0, 束流反射装置
matteroverdrive:weapon_module_holo_sights:0, item.matteroverdrive.weapon_module_holo_sights.name
matteroverdrive:tritanium_wrench, 三钛合金扳手
matteroverdrive:tritanium_axe, 三钛合金斧
matteroverdrive:tritanium_pickaxe, 三钛合金镐
matteroverdrive:tritanium_sword, 三钛合金剑
matteroverdrive:tritanium_hoe, 三钛合金锄
matteroverdrive:tritanium_shovel, 三钛合金锹
matteroverdrive:tritanium_helmet, 三钛头盔
matteroverdrive:tritanium_chestplate, 三钛胸甲
matteroverdrive:tritanium_leggings, 三钛护腿
matteroverdrive:tritanium_boots, 三钛战靴
matteroverdrive:rogue_android_part:0, 机械头颅
matteroverdrive:rogue_android_part:1, 机械手臂
matteroverdrive:rogue_android_part:2, 机械腿
matteroverdrive:rogue_android_part:3, 机械躯干
matteroverdrive:rogue_android_part:0, 机械头颅
matteroverdrive:rogue_android_part:1, 机械手臂
matteroverdrive:rogue_android_part:2, 机械腿
matteroverdrive:rogue_android_part:3, 机械躯干
matteroverdrive:tritanium_spine, 三钛脊骨
matteroverdrive:matter_scanner, 物质扫描仪
matteroverdrive:pattern_drive, 模式保存单元
matteroverdrive:network_flash_drive, 网络闪存驱动器
matteroverdrive:upgrade:0, 升级模板
matteroverdrive:upgrade:1, 速度升级
matteroverdrive:upgrade:2, 能耗升级
matteroverdrive:upgrade:3, 故障保护升级
matteroverdrive:upgrade:4, 范围升级
matteroverdrive:upgrade:5, 储能升级
matteroverdrive:upgrade:6, 超速升级
matteroverdrive:upgrade:7, 仓储升级
matteroverdrive:transport_flash_drive, 传送闪存驱动器
matteroverdrive:energy_pack, 能量包
matteroverdrive:data_pad, 数据仪
matteroverdrive:contract, 任务卡
matteroverdrive:portable_decomposer, 便携式物质分解仪
matteroverdrive:security_protocol, item.matteroverdrive.security_protocol.name
matteroverdrive:spacetime_equalizer, 时空均衡仪
matteroverdrive:record_transformation, 音乐唱片
matteroverdrive:artifact, 未知工艺品
matteroverdrive:trilithium_crystal, 纯净三锂晶体
matteroverdrive:quantum_fold_manipulator, 量子折叠操纵仪
matteroverdrive:dilithium_ore, 双锂矿石
matteroverdrive:tritanium_ore, 三钛矿石
matteroverdrive:tritanium_block, 三钛合金块
matteroverdrive:machine_hull, 机械外壳
matteroverdrive:decomposer, 物质分解机
matteroverdrive:matter_recycler, 物质回收机
matteroverdrive:replicator, 物质重组机
matteroverdrive:matter_pipe, 物质运输管道
matteroverdrive:heavy_matter_pipe, 重型物质运输管道
matteroverdrive:network_pipe, 物质网络线缆
matteroverdrive:network_router, 物质网络路由器
matteroverdrive:matter_analyzer, 物质分析仪
matteroverdrive:pattern_monitor, 物质网络终端
matteroverdrive:pattern_storage, 模式保存仪
matteroverdrive:network_switch, 物质网络转换器
matteroverdrive:solar_panel, 太阳能板（未完成）
matteroverdrive:gravitational_anomaly, 引力异常点
matteroverdrive:gravitational_stabilizer, 引力稳定器
matteroverdrive:fusion_reactor_controller, 湮灭反应堆控制器
matteroverdrive:fusion_reactor_coil, 反应堆外层线圈
matteroverdrive:fusion_reactor_io, 湮灭反应堆接口
matteroverdrive:matter_plasma, 流体中子
matteroverdrive:molten_tritanium, 流体中子
matteroverdrive:tritanium_crate, 三钛货箱
matteroverdrive:tritanium_crate_white, 白色三钛货箱
matteroverdrive:tritanium_crate_orange, 橙色三钛货箱
matteroverdrive:tritanium_crate_magenta, 品红色三钛货箱
matteroverdrive:tritanium_crate_light_blue, 淡蓝色三钛货箱
matteroverdrive:tritanium_crate_yellow, 黄色三钛货箱
matteroverdrive:tritanium_crate_lime, 黄绿色三钛货箱
matteroverdrive:tritanium_crate_pink, 粉红色三钛货箱
matteroverdrive:tritanium_crate_gray, 灰色三钛货箱
matteroverdrive:tritanium_crate_silver, 淡灰色三钛货箱
matteroverdrive:tritanium_crate_cyan, 青色三钛货箱
matteroverdrive:tritanium_crate_purple, 紫色三钛货箱
matteroverdrive:tritanium_crate_blue, 蓝色三钛货箱
matteroverdrive:tritanium_crate_brown, 棕色三钛货箱
matteroverdrive:tritanium_crate_green, 绿色三钛货箱
matteroverdrive:tritanium_crate_red, 红色三钛货箱
matteroverdrive:tritanium_crate_black, 黑色三钛货箱
matteroverdrive:inscriber, 分子刻录仪
matteroverdrive:contract_market, 赏金公会
matteroverdrive:android_spawner, 机械人刷怪箱
matteroverdrive:spacetime_accelerator, 时空加速仪
matteroverdrive:pylon, 维度塔
matteroverdrive:transporter, 传送仪
matteroverdrive:star_map, 星图
matteroverdrive:holo_sign, 全息显示屏
matteroverdrive:weapon_station, 武器装配台
matteroverdrive:android_station, 机械人改造台
matteroverdrive:charging_station, 充能站
matteroverdrive:decorative.stripes, 警戒纹板材
matteroverdrive:decorative.coils, 线圈
matteroverdrive:decorative.clean, 平滑三钛板材
matteroverdrive:decorative.vent.dark, 深色通风口
matteroverdrive:decorative.vent.bright, 通风口
matteroverdrive:decorative.holo_matrix, 全息甲板
matteroverdrive:decorative.tritanium_plate, 三钛板材
matteroverdrive:decorative.tritanium_plate_stripe, 导向三钛板材
matteroverdrive:decorative.carbon_fiber_plate, 碳纤维板材
matteroverdrive:decorative.matter_tube, 物质管道
matteroverdrive:decorative.beams, 三钛格栅
matteroverdrive:decorative.floor_tiles, 瓷地砖
matteroverdrive:decorative.floor_tile_white, 白瓷地砖
matteroverdrive:decorative.floor_tiles_green, 绿瓷地砖
matteroverdrive:decorative.floor_noise, 油地毡
matteroverdrive:decorative.white_plate, 软壁隔板
matteroverdrive:decorative.separator, 三钛导轨
matteroverdrive:decorative.tritanium_lamp, 三钛灯饰
matteroverdrive:decorative.tritanium_plate_colored, 染色三钛板材
matteroverdrive:decorative.engine_exhaust_plasma, 等离子引擎排流
matteroverdrive:microwave, 微波炉
matteroverdrive:industrial_glass, 工业玻璃
matteroverdrive:bounding_box, 限界方块
multiblocked:dummy_component:0, tile.multiblocked.dummy_component.name
multiblocked:item_nbt.any:0, tile.multiblocked.item_nbt.any.name
multiblocked:item.any:0, tile.multiblocked.item.any.name
multiblocked:ember.any:0, tile.multiblocked.ember.any.name
multiblocked:qmd_particle.any:0, tile.multiblocked.qmd_particle.any.name
multiblocked:pneumatic_pressure.any:0, tile.multiblocked.pneumatic_pressure.any.name
multiblocked:ta_impetus.any:0, tile.multiblocked.ta_impetus.any.name
multiblocked:bg_lp.any:0, tile.multiblocked.bg_lp.any.name
multiblocked:forge_energy.any:0, tile.multiblocked.forge_energy.any.name
multiblocked:tc6_aspect.any:0, tile.multiblocked.tc6_aspect.any.name
multiblocked:lightningcraft_le.any:0, tile.multiblocked.lightningcraft_le.any.name
multiblocked:starlight_as.any:0, tile.multiblocked.starlight_as.any.name
multiblocked:bot_mana.any:0, tile.multiblocked.bot_mana.any.name
multiblocked:fluid.any:0, tile.multiblocked.fluid.any.name
multiblocked:exu2_gp.any:0, tile.multiblocked.exu2_gp.any.name
multiblocked:fluid_nbt.any:0, tile.multiblocked.fluid_nbt.any.name
multiblocked:entity.any:0, tile.multiblocked.entity.any.name
multiblocked:blueprint_table:0, 蓝图工作台核心
multiblocked:blueprint_table_part:0, 蓝图工作台
multiblocked:controller_tester:0, 测试控制器方块
multiblocked:part_tester:0, 测试部件方块
multiblocked:symbol:0, tile.multiblocked.symbol.name
multiblocked:energy_input:0, 能源输入仓
multiblocked:energy_output:0, 能源输出仓
multiblocked:item_input:0, 物品输入仓
multiblocked:item_output:0, 物品输出仓
multiblocked:fluid_input:0, 流体输入仓
multiblocked:fluid_output:0, 流体输出仓
multiblocked:entity:0, 实体仓
equation:chaoguangsu:0, #50eaff-ff66ff-ff6633超光速物质加速器控制器
equation:fluid_tranfer:0, 流体转置机
equation:mana_to_fluid_1:0, 魔力液化器[模式1]
equation:mana_to_fluid_2:0, 魔力液化器[模式2]
equation:ore_chid:0, tile.equation.ore_chid.name
multiblocked:blueprint, 蓝图
multiblocked:multiblock_builder, 多方块构建器
neenergistics:pattern_interface, 样板接口(WIP)
rftools:smartwrench, 智能扳手
rftools:rftools_manual, RF 工具指南
rftools:rftools_shape_manual, RF 工具塑形说明书
rftools:dimensional_shard, 维度碎片
rftools:shard_wand, 维度碎片杖
rftools:infused_diamond, 注能钻石
rftools:infused_enderpearl, 注能末影珍珠
rftools:syringe, {dino}注射器
rftools:peace_essence, 和平要素
rftools:developers_delight, RF 工具维度说明书
rftools:network_monitor, RF 网络监视仪
rftools:modifier_module, 修饰模块
rftools:storage_module_tablet, 手持式存储模块
rftools:storage_module:0, 一阶存储模块
rftools:storage_module:1, 二阶存储模块
rftools:storage_module:2, 三阶存储模块
rftools:storage_module:6, 远程存储模块
rftools:oredict_module, 矿物词典存储模块
rftools:generic_module, 泛型存储模块
rftools:filter_module, 存储过滤模块
rftools:teleport_probe, 传送调试仪
rftools:charged_porter, 充能传送器
rftools:advanced_charged_porter, 高级充能传送器
rftools:text_module, 文本模块
rftools:inventory_module, 存储模块
rftools:inventoryplus_module, 存储+模块
rftools:energy_module, 能量模块
rftools:energyplus_module, 能量+模块
rftools:clock_module, 钟模块
rftools:fluid_module, 流体模块
rftools:fluidplus_module, 流体+模块
rftools:machineinformation_module, 机器信息模块
rftools:computer_module, 计算机模块
rftools:button_module, 按钮模块
rftools:elevator_button_module, 电梯按钮模块
rftools:redstone_module, 红石模块
rftools:counter_module, 计数器模块
rftools:counterplus_module, 计数器+模块
rftools:storage_control_module, 存储控制模块
rftools:dump_module, 清空模块
rftools:space_chamber_card, 空间仓卡
rftools:shape_card:0, 塑形卡片
rftools:shape_card:1, 塑形卡片（清空）
rftools:shape_card:2, 塑形卡片（采掘）
rftools:shape_card:3, 塑形卡片（精准采掘）
rftools:shape_card:4, 塑形卡片（时运采掘）
rftools:shape_card:5, 塑形卡片（清理采掘）
rftools:shape_card:6, 塑形卡片（清理精准采掘）
rftools:shape_card:7, 塑形卡片（清理时运采掘）
rftools:shape_card:8, 塑形卡片（泵）
rftools:shape_card:9, 塑形卡片（清理泵）
rftools:shape_card:10, 塑形卡片（放置流体）
rftools:powercell_card, 能量单元卡
rftools:regeneration_module, 再生模块
rftools:regenerationplus_module, 再生+模块
rftools:speed_module, 速度模块
rftools:speedplus_module, 速度+模块
rftools:haste_module, 急迫模块
rftools:hasteplus_module, 急迫+模块
rftools:saturation_module, 饱和模块
rftools:saturationplus_module, 饱和+模块
rftools:featherfalling_module, 摔落保护模块
rftools:featherfallingplus_module, 摔落保护+模块
rftools:flight_module, 飞行模块
rftools:peaceful_module, 和平模块
rftools:waterbreathing_module, 水下呼吸模块
rftools:nightvision_module, 夜视模块
rftools:blindness_module, 失明模块
rftools:weakness_module, 虚弱模块
rftools:poison_module, 中毒模块
rftools:slowness_module, 迟缓模块
rftools:glowing_module, 发光模块
rftools:luck_module, 幸运模块
rftools:noteleport_module, 反瞬移模块
rftools:orphaning_card, 弃权卡
rftools:security_card, 安全卡
rftools:machine_frame, 机器框架
rftools:machine_base, 机器基座
rftools:dimensional_shard_ore:0, 维度碎片矿石
rftools:dimensional_shard_ore:1, 维度碎片矿石
rftools:dimensional_shard_ore:2, 维度碎片矿石
rftools:coalgenerator, 燃煤发电机
rftools:crafter1, 自动合成机（一阶）
rftools:crafter2, 自动合成机（二阶）
rftools:crafter3, 自动合成机（三阶）
rftools:modular_storage, 模块化存储器
rftools:remote_storage, 远程存储器
rftools:storage_terminal, 存储终端
rftools:level_emitter, 等级发射器
rftools:matter_transmitter, 物质传输器
rftools:matter_receiver, 物质接收器
rftools:dialing_device, 传送控制器
rftools:simple_dialer, 简易传送控制器
rftools:destination_analyzer, 目标分析仪
rftools:matter_booster, 物质助推器
rftools:screen, 屏幕
rftools:creative_screen, 创造模式屏幕
rftools:screen_controller, 屏幕控制器
rftools:redstone_transmitter_block, 红石信号发信器
rftools:redstone_receiver_block, 红石信号接收器
rftools:sequencer_block, 音序器
rftools:counter_block, 计数器
rftools:logic_block, 逻辑门
rftools:invchecker_block, 物品检查器
rftools:sensor_block, 传感器
rftools:analog_block, 模拟器
rftools:digit_block, 数码器
rftools:wire_block, 线缆
rftools:timer_block, 定时器
rftools:machine_infuser, 机器注能机
rftools:space_chamber, 空间角落方块
rftools:space_chamber_controller, 空间控制方块
rftools:support_block, 支撑块
rftools:builder, 建造机
rftools:composer, 构建器
rftools:locator, 定位器
rftools:projector, 映射仪
rftools:scanner, 扫描器
rftools:remote_scanner, 远程扫描器
rftools:powercell, 能量单元
rftools:powercell_advanced, 高级能量单元
rftools:powercell_creative, 创造模式能量单元
rftools:powercell_simple, 简单能量单元
rftools:relay, 能量中继器
rftools:rf_monitor, RF 显示器
rftools:liquid_monitor, 流体显示器
rftools:shield_block1, 护盾投射仪（一阶）
rftools:shield_block2, 护盾投射仪（二阶）
rftools:shield_block3, 护盾投射仪（三阶）
rftools:shield_block4, 护盾投射仪（四阶）
rftools:invisible_shield_block, 隐形护盾方块
rftools:notick_invisible_shield_block, 隐形护盾方块
rftools:invisible_shield_block_opaque, 隐形护盾方块
rftools:notick_invisible_shield_block_opaque, 隐形护盾方块
rftools:shield_template_block:0, 护盾支架
rftools:shield_template_block:1, 护盾支架
rftools:shield_template_block:2, 护盾支架
rftools:shield_template_block:3, 护盾支架
rftools:solid_shield_block, 护盾方块
rftools:notick_solid_shield_block, 护盾方块
rftools:camo_shield_block, 迷彩护盾方块
rftools:notick_camo_shield_block, 迷彩护盾方块
rftools:solid_shield_block_opaque, 护盾方块
rftools:notick_solid_shield_block_opaque, 护盾方块
rftools:camo_shield_block_opaque, 迷彩护盾方块
rftools:notick_camo_shield_block_opaque, 迷彩护盾方块
rftools:environmental_controller, 环境控制器
rftools:spawner, 刷怪箱
rftools:matter_beamer, 物质投影仪
rftools:block_protector, 方块保护器
rftools:item_filter, 物品过滤器
rftools:security_manager, 权限管理器
rftools:endergenic, 末影能发电机
rftools:pearl_injector, 末影珍珠填充器
rftools:ender_monitor, 末影显示器
rftools:storage_scanner, 存储检测器
rftools:elevator, 电梯
rftools:booster, 加成器
xnet:xnet_manual, XNet手册
xnet:connector_upgrade, 连接升级工具
xnet:facade, 伪装器
xnet:redstone_proxy, 红石代理器
xnet:redstone_proxy_upd, 红石代理器（更新）
xnet:netcable:0, 蓝色网络线缆
xnet:netcable:1, 红色网络线缆
xnet:netcable:2, 黄色网络线缆
xnet:netcable:3, 绿色网络线缆
xnet:netcable:4, 路由网络线缆
xnet:connector:0, 蓝色连接器
xnet:connector:1, 红色连接器
xnet:connector:2, 黄色连接器
xnet:connector:3, 绿色连接器
xnet:connector:4, 路由连接器
xnet:advanced_connector:0, 高级蓝色连接器
xnet:advanced_connector:1, 高级红色连接器
xnet:advanced_connector:2, 高级黄色连接器
xnet:advanced_connector:3, 高级绿色连接器
xnet:controller, 控制器
xnet:router, 路由器
xnet:wireless_router, 无线路由器
xnet:antenna, 天线
xnet:antenna_base, 天线基座
xnet:antenna_dish, 天线盘
planttech2:guide_overview, Tablet: Planttech 2 Overview
planttech2:guide_plants, Tablet: Plant Encyclopedia
planttech2:guide_genetic_engineering, Tablet: Genetic Engineering
planttech2:crop_seeds:0, Allium Seeds
planttech2:crop_seeds:1, Aluminum Seeds
planttech2:crop_seeds:2, Ardite Seeds
planttech2:crop_seeds:3, Azure Bluet Seeds
planttech2:crop_seeds:4, Beast Seeds
planttech2:crop_seeds:5, Beetroots Seeds
planttech2:crop_seeds:6, Black Quartz Seeds
planttech2:crop_seeds:7, Blaze Seeds
planttech2:crop_seeds:8, Blue Orchid Seeds
planttech2:crop_seeds:9, Cactus Seeds
planttech2:crop_seeds:10, Carrot Seeds
planttech2:crop_seeds:11, Chicken Seeds
planttech2:crop_seeds:12, Certus Quartz Seeds
planttech2:crop_seeds:13, Chorus Seeds
planttech2:crop_seeds:14, Coal Seeds
planttech2:crop_seeds:15, Cobalt Seeds
planttech2:crop_seeds:16, Cocoa Seeds
planttech2:crop_seeds:17, Copper Seeds
planttech2:crop_seeds:18, Cornflower Seeds
planttech2:crop_seeds:19, Cow Seeds
planttech2:crop_seeds:20, Creeper Seeds
planttech2:crop_seeds:21, Dancium Seeds
planttech2:crop_seeds:22, Dandelion Seeds
planttech2:crop_seeds:23, Diamond Seeds
planttech2:crop_seeds:24, Dirt Seeds
planttech2:crop_seeds:25, Drowned Seeds
planttech2:crop_seeds:26, Emerald Seeds
planttech2:crop_seeds:27, Enderdragon Seeds
planttech2:crop_seeds:28, Enderman Seeds
planttech2:crop_seeds:29, Endstone Seeds
planttech2:crop_seeds:30, Fish Seeds
planttech2:crop_seeds:31, Ghast Seeds
planttech2:crop_seeds:32, Glowstone Seeds
planttech2:crop_seeds:33, Gold Seeds
planttech2:crop_seeds:34, Guardian Seeds
planttech2:crop_seeds:35, Husk Seeds
planttech2:crop_seeds:36, Illager Seeds
planttech2:crop_seeds:37, Iron Seeds
planttech2:crop_seeds:38, Kanekium Seeds
planttech2:crop_seeds:39, Kinnoium Seeds
planttech2:crop_seeds:40, Lilly of the Valley Seeds
planttech2:crop_seeds:41, Lapis Lazuli Seeds
planttech2:crop_seeds:42, Lava Seeds
planttech2:crop_seeds:43, Lead Seeds
planttech2:crop_seeds:44, Lenthurium Seeds
planttech2:crop_seeds:45, Magma Cube Seeds
planttech2:crop_seeds:46, Melon Seeds
planttech2:crop_seeds:47, Mooshroom Seeds
planttech2:crop_seeds:48, Mushroom Seeds
planttech2:crop_seeds:49, 菌丝种子
planttech2:crop_seeds:50, Netherrack Seeds
planttech2:crop_seeds:51, Nether Wart Seeds
planttech2:crop_seeds:52, Nickel Seeds
planttech2:crop_seeds:53, Orange Tulip Seeds
planttech2:crop_seeds:54, Oxeye Daisy Seeds
planttech2:crop_seeds:55, Panda Seeds
planttech2:crop_seeds:56, Parrot Seeds
planttech2:crop_seeds:57, Pig Seeds
planttech2:crop_seeds:58, Pink Tulip Seeds
planttech2:crop_seeds:59, Plantium Seeds
planttech2:crop_seeds:60, Platinum Seeds
planttech2:crop_seeds:61, Polarbear Seeds
planttech2:crop_seeds:62, Poppy Seeds
planttech2:crop_seeds:63, Potato Seeds
planttech2:crop_seeds:64, Prismarin Seeds
planttech2:crop_seeds:65, Pumpkin Seeds
planttech2:crop_seeds:66, Quartz Seeds
planttech2:crop_seeds:67, Redstone Seeds
planttech2:crop_seeds:68, Red Tulip Seeds
planttech2:crop_seeds:69, Sand Seeds
planttech2:crop_seeds:70, Sheep Seeds
planttech2:crop_seeds:71, Shulker Seeds
planttech2:crop_seeds:72, Silver Seeds
planttech2:crop_seeds:73, Skeleton Seeds
planttech2:crop_seeds:74, Slime Seeds
planttech2:crop_seeds:75, Snow Seeds
planttech2:crop_seeds:76, Soulsand Seeds
planttech2:crop_seeds:77, Spider Seeds
planttech2:crop_seeds:78, Sponge Seeds
planttech2:crop_seeds:79, Squid Seeds
planttech2:crop_seeds:80, Stone Seeds
planttech2:crop_seeds:81, Stray Seeds
planttech2:crop_seeds:82, Sugarcane Seeds
planttech2:crop_seeds:83, Tin Seeds
planttech2:crop_seeds:84, Turtle Seeds
planttech2:crop_seeds:85, Uranium Seeds
planttech2:crop_seeds:86, Villager Seeds
planttech2:crop_seeds:87, Vine Seeds
planttech2:crop_seeds:88, Water Seeds
planttech2:crop_seeds:89, Wheat Seeds
planttech2:crop_seeds:90, White Tulip Seeds
planttech2:crop_seeds:91, Witch Seeds
planttech2:crop_seeds:92, Wither Rose Seeds
planttech2:crop_seeds:93, Wither Skeleton Seeds
planttech2:crop_seeds:94, Wither Seeds
planttech2:crop_seeds:95, Wood Seeds
planttech2:crop_seeds:96, Zombie Pigman Seeds
planttech2:crop_seeds:97, Zombie Villager Seeds
planttech2:crop_seeds:98, Zombie Seeds
planttech2:thermometer, 温度计
planttech2:analyser, Analyzer
planttech2:wrench, 扳手
planttech2:solarfocus:0, Solarfocus Tier 1
planttech2:solarfocus:1, Solarfocus Tier 2
planttech2:solarfocus:2, Solarfocus Tier 3
planttech2:solarfocus:3, Solarfocus Tier 4
planttech2:rangeupgrade:0, Rangeupgrade Tier 1
planttech2:rangeupgrade:1, Rangeupgrade Tier 2
planttech2:rangeupgrade:2, Rangeupgrade Tier 3
planttech2:rangeupgrade:3, Rangeupgrade Tier 4
planttech2:speedupgrade:0, Speedupgrade Tier 1
planttech2:speedupgrade:1, Speedupgrade Tier 2
planttech2:speedupgrade:2, Speedupgrade Tier 3
planttech2:speedupgrade:3, Speedupgrade Tier 4
planttech2:plantium_ingot, Plantium Ingot
planttech2:plantium_nugget, Plantium Nugget
planttech2:dancium_ingot, Dancium Ingot
planttech2:dancium_nugget, Dancium Nugget
planttech2:kanekium_ingot, Kanekium Ingot
planttech2:kanekium_nugget, Kanekium Nugget
planttech2:kinnoium_ingot, Kinnoium Ingot
planttech2:kinnoium_nugget, Kinnoium Nugget
planttech2:lenthurium_ingot, Lenthurium Ingot
planttech2:lenthurium_nugget, Lenthurium Nugget
planttech2:color_particles, Color Particles
planttech2:biomass, 生物量
planttech2:dna_container, DNA Container
planttech2:dna_container_empty, Empty DNA Container
planttech2:molds:0, Mold: Small Cross
planttech2:molds:1, Mold: Big Cross
planttech2:molds:2, Mold: Small Circle
planttech2:molds:3, Mold: Big Circle
planttech2:molds:4, Mold: Small Square
planttech2:molds:5, Mold: Big Square
planttech2:molds:6, Mold: Small Star
planttech2:molds:7, Mold: Big Star
planttech2:molds:8, Mold: Small Rhombus
planttech2:molds:9, Mold: Big Rhombus
planttech2:molds:10, Mold: Small Semicircle
planttech2:molds:11, Mold: Big Semicircle
planttech2:molds:12, Mold: Small Ring
planttech2:molds:13, Mold: Big Ring
planttech2:molds:14, Mold: Small Trapezium
planttech2:molds:15, Mold: Big Trapezium
planttech2:chestplate_kanekium, Kanekium Chestplate
planttech2:boots_kanekium, Kanekium Boots
planttech2:helmet_kanekium, Kanekium Helmet
planttech2:leggings_kanekium, Kanekium Leggings
planttech2:chestplate_dancium, Dancium Chestplate
planttech2:boots_dancium, Dancium Boots
planttech2:helmet_dancium, Dancium Helmet
planttech2:leggings_dancium, Dancium Leggings
planttech2:chestplate_lenthurium, Lenthurium Chestplate
planttech2:boots_lenthurium, Lenthurium Boots
planttech2:helmet_lenthurium, Lenthurium Helmet
planttech2:leggings_lenthurium, Lenthurium Leggings
planttech2:chestplate_kinnoium, Kinnoium Chestplate
planttech2:boots_kinnoium, Kinnoium Boots
planttech2:helmet_kinnoium, Kinnoium Helmet
planttech2:leggings_kinnoium, Kinnoium Leggings
planttech2:mycelium_particles, Mycelium Particles
planttech2:panda_particles, Panda Particles
planttech2:certus_quartz_particles, Certus Quartz Particles
planttech2:cow_particles, Cow Particles
planttech2:glowstone_particles, Glowstone Particles
planttech2:magma_cube_particles, Magma Cube Particles
planttech2:pig_particles, Pig Particles
planttech2:skeleton_particles, Skeleton Particles
planttech2:platinum_particles, Platinum Particles
planttech2:kinnoium_particles, Kinnoium Particles
planttech2:husk_particles, Husk Particles
planttech2:tin_particles, Tin Particles
planttech2:plantium_particles, Plantium Particles
planttech2:endstone_particles, Endstone Particles
planttech2:lapis_particles, Lapis Lazuli Particles
planttech2:wood_particles, Wood Particles
planttech2:black_quartz_particles, Black Quartz Particles
planttech2:drowned_particles, Drowned Particles
planttech2:ardite_particles, Ardite Particles
planttech2:enderdragon_particles, Enderdragon Particles
planttech2:zombie_pigman_particles, Zombie Pigman Particles
planttech2:stray_particles, Stray Particles
planttech2:shulker_particles, Shulker Particles
planttech2:turtle_particles, Turtle Particles
planttech2:illager_particles, Illager Particles
planttech2:dirt_particles, Dirt Particles
planttech2:wither_skeleton_particles, Wither Skeleton Particles
planttech2:water_particles, Water Particles
planttech2:sand_particles, Sand Particles
planttech2:snow_particles, Snow Particles
planttech2:mooshroom_particles, Mooshroom Particles
planttech2:coal_particles, Coal Particles
planttech2:silver_particles, Silver Particles
planttech2:squid_particles, Squid Particles
planttech2:uranium_particles, Uranium Particles
planttech2:parrot_particles, Parrot Particles
planttech2:creeper_particles, Creeper Particles
planttech2:dancium_particles, Dancium Particles
planttech2:redstone_particles, Redstone Particles
planttech2:soulsand_particles, Soulsand Particles
planttech2:emerald_particles, Emerald Particles
planttech2:enderman_particles, Enderman Particles
planttech2:sponge_particles, Sponge Particles
planttech2:chicken_particles, Chicken Particles
planttech2:cobalt_particles, Cobalt Particles
planttech2:aluminum_particles, Aluminum Particles
planttech2:beast_particles, Beast Particles
planttech2:slime_particles, Slime Particles
planttech2:gold_particles, Gold Particles
planttech2:lava_particles, Lava Particles
planttech2:kanekium_particles, Kanekium Particles
planttech2:blaze_particles, Blaze Particles
planttech2:zombie_particles, Zombie Particles
planttech2:prismarin_particles, Prismarin Particles
planttech2:copper_particles, Copper Particles
planttech2:netherrack_particles, Netherrack Particles
planttech2:guardian_particles, Guardian Particles
planttech2:polarbear_particles, Polarbear Particles
planttech2:ghast_particles, Ghast Particles
planttech2:sheep_particles, Sheep Particles
planttech2:nickel_particles, Nickel Particles
planttech2:villager_particles, Villager Particles
planttech2:zombie_villager_particles, Zombie Villager Particles
planttech2:quartz_particles, Quartz Particles
planttech2:lead_particles, Lead Particles
planttech2:stone_particles, Stone Particles
planttech2:diamond_particles, Diamond Particles
planttech2:lenthurium_particles, Lenthurium Particles
planttech2:fish_particles, Fish Particles
planttech2:witch_particles, Witch Particles
planttech2:iron_particles, Iron Particles
planttech2:spider_particles, Spider Particles
planttech2:wither_particles, Wither Particles
planttech2:crop, Crop
planttech2:cropbars, Cropbars
planttech2:mega_furnace, Mega Furnace
planttech2:identifier, Identifier
planttech2:seedsqueezer, Seed Squeezer
planttech2:solargenerator, Solar Generator
planttech2:plantfarm, Plantfarm
planttech2:cable, 电缆
planttech2:plantium_block, Plantium Block
planttech2:dna_combiner, DNA Combiner
planttech2:dna_extractor, DNA 提取器
planttech2:dna_remover, DNA Remover
planttech2:seedconstructor, Seedconstructor
planttech2:dna_cleaner, DNA Cleaner
planttech2:lenthurium_block, Lenthurium Block
planttech2:kanekium_block, Kanekium Block
planttech2:dancium_block, Dancium Block
planttech2:kinnoium_block, Kinnoium Block
planttech2:compressor, Compressor
rftoolscontrol:rftoolscontrol_manual, RF工具控制手册
rftoolscontrol:program_card, 程序卡
rftoolscontrol:cpu_core_500, B500处理器核心
rftoolscontrol:cpu_core_1000, S1000处理器核心
rftoolscontrol:cpu_core_2000, EX2000处理器核心
rftoolscontrol:ram_chip, 内存条
rftoolscontrol:network_card, 网卡
rftoolscontrol:advanced_network_card, 高级网卡
rftoolscontrol:card_base, 基础卡片
rftoolscontrol:crafting_card, 合成卡片
rftoolscontrol:token, 令牌
rftoolscontrol:network_identifier, 网络标识
rftoolscontrol:graphics_card, 显卡
rftoolscontrol:variable_module, 可变屏幕模块
rftoolscontrol:interaction_module, 交互屏幕模块
rftoolscontrol:console_module, 命令行屏幕模块
rftoolscontrol:vectorart_module, 矢量图形屏幕模块
rftoolscontrol:programmer, 编程器
rftoolscontrol:processor, 处理器
rftoolscontrol:node, 节点
rftoolscontrol:craftingstation, 合成站
rftoolscontrol:workbench, 工作台
rftoolscontrol:tank, 多用流体箱
rftoolsdim:dimlet_base, 信息卡基础部件
rftoolsdim:dimlet_control_circuit:0, 信息卡控制电路0级
rftoolsdim:dimlet_control_circuit:1, 信息卡控制电路1级
rftoolsdim:dimlet_control_circuit:2, 信息卡控制电路2级
rftoolsdim:dimlet_control_circuit:3, 信息卡控制电路3级
rftoolsdim:dimlet_control_circuit:4, 信息卡控制电路4级
rftoolsdim:dimlet_control_circuit:5, 信息卡控制电路5级
rftoolsdim:dimlet_control_circuit:6, 信息卡控制电路6级
rftoolsdim:dimlet_energy_module:0, 信息卡基础能源模块
rftoolsdim:dimlet_energy_module:1, 信息卡规则能源模块
rftoolsdim:dimlet_energy_module:2, 信息卡高级能源模块
rftoolsdim:dimlet_memory_unit:0, 信息卡基础内存单元
rftoolsdim:dimlet_memory_unit:1, 信息卡规则内存单元
rftoolsdim:dimlet_memory_unit:2, 信息卡高级内存单元
rftoolsdim:dimlet_type_controller:0, 信息卡生物群系种类控制器
rftoolsdim:dimlet_type_controller:1, 信息卡流体种类控制器
rftoolsdim:dimlet_type_controller:2, 信息卡材料种类控制器
rftoolsdim:dimlet_type_controller:3, 信息卡生物种类控制器
rftoolsdim:dimlet_type_controller:4, 信息卡天空种类控制器
rftoolsdim:dimlet_type_controller:5, 信息卡结构种类控制器
rftoolsdim:dimlet_type_controller:6, 信息卡地形种类控制器
rftoolsdim:dimlet_type_controller:7, 信息卡特征种类控制器
rftoolsdim:dimlet_type_controller:8, 信息卡时间种类控制器
rftoolsdim:dimlet_type_controller:9, 信息卡数位类型控制器
rftoolsdim:dimlet_type_controller:10, 信息卡效果种类控制器
rftoolsdim:dimlet_type_controller:11, 信息卡特殊种类控制器
rftoolsdim:dimlet_type_controller:12, 信息卡控制器种类控制器
rftoolsdim:dimlet_type_controller:13, 信息卡天气种类控制器
rftoolsdim:dimlet_type_controller:14, 信息卡赞助类型控制器
rftoolsdim:structure_essence:0, 无结构要素
rftoolsdim:structure_essence:1, 村庄结构要素
rftoolsdim:structure_essence:2, 要塞结构要素
rftoolsdim:structure_essence:3, 地牢结构要素
rftoolsdim:structure_essence:4, 下界要塞结构要素
rftoolsdim:structure_essence:5, 废弃矿道结构要素
rftoolsdim:structure_essence:6, 散布结构要素
rftoolsdim:structure_essence:7, 海洋神殿结构要素
rftoolsdim:structure_essence:8, 沼泽小屋结构要素
rftoolsdim:structure_essence:9, 沙漠神殿结构要素
rftoolsdim:structure_essence:10, 丛林神殿结构要素
rftoolsdim:structure_essence:11, 雪屋结构要素
rftoolsdim:known_dimlet:4, 天空信息卡 (Normal)
rftoolsdim:known_dimlet:10, 效果信息卡 (None)
rftoolsdim:known_dimlet:2, 材料信息卡 (石头)
rftoolsdim:known_dimlet:12, 控制器信息卡 (Default)
rftoolsdim:known_dimlet:6, 地形信息卡 (Void)
rftoolsdim:known_dimlet:6, 地形信息卡 (Flat)
rftoolsdim:known_dimlet:9, 数位信息卡 (0)
rftoolsdim:known_dimlet:12, 控制器信息卡 (Single)
rftoolsdim:known_dimlet:9, 数位信息卡 (5)
rftoolsdim:known_dimlet:4, 天空信息卡 (Normal night)
rftoolsdim:known_dimlet:9, 数位信息卡 (6)
rftoolsdim:known_dimlet:9, 数位信息卡 (7)
rftoolsdim:known_dimlet:9, 数位信息卡 (8)
rftoolsdim:known_dimlet:9, 数位信息卡 (1)
rftoolsdim:known_dimlet:7, 特征信息卡 (None)
rftoolsdim:known_dimlet:9, 数位信息卡 (2)
rftoolsdim:known_dimlet:9, 数位信息卡 (3)
rftoolsdim:known_dimlet:3, 生物信息卡 (Default)
rftoolsdim:known_dimlet:9, 数位信息卡 (4)
rftoolsdim:known_dimlet:9, 数位信息卡 (9)
rftoolsdim:known_dimlet:13, 天气信息卡 (Default)
rftoolsdim:known_dimlet:8, 时间信息卡 (Normal)
rftoolsdim:known_dimlet:4, 天空信息卡 (Normal day)
rftoolsdim:known_dimlet:1, 流体信息卡 (水)
rftoolsdim:known_dimlet:5, 结构信息卡 (None)
rftoolsdim:efficiency_essence, 效率要素
rftoolsdim:mediocre_efficiency_essence, 平庸的效率要素
rftoolsdim:empty_dimension_tab, 空白世界构建模板
rftoolsdim:realized_dimension_tab, 刻录世界构建模板
rftoolsdim:dimlet_template, 信息卡模板
rftoolsdim:dimlet_parcel, 信息卡包裹
rftoolsdim:rftoolsdim_manual, RF工具维度说明书
rftoolsdim:dimension_monitor, 维度监视器
rftoolsdim:dimension_module, 维度模块
rftoolsdim:phased_field_generator, 相场发生器
rftoolsdim:dimensional_blank_block, 空白维度方块
rftoolsdim:dimensional_block, 维度方块
rftoolsdim:dimensional_cross2_block, 二型维度交叉方块
rftoolsdim:dimensional_cross_block, 维度交叉方块
rftoolsdim:dimensional_pattern1_block, 一型维度图案方块
rftoolsdim:dimensional_pattern2_block, 二型维度图案方块
rftoolsdim:dimensional_small_blocks, 维度小方块
rftoolsdim:dimension_enscriber, 维度刻录器
rftoolsdim:dimension_builder, 维度构建器
rftoolsdim:dimension_editor, 维度编辑器
rftoolsdim:dimlet_workbench, 信息卡工作台
rftoolsdim:activity_probe, 活动探测器
rftoolsdim:energy_extractor, 能量返回器
rftoolsdim:material_absorber, 材料吸收器
rftoolsdim:liquid_absorber, 液体吸收器
rftoolsdim:biome_absorber, 生物群系吸收器
rftoolsdim:terrain_absorber, 地形吸收器
rftoolsdim:feature_absorber, 特征吸收器
rftoolsdim:time_absorber, 时间吸收器
rftoolsdim:fake_water, 氺
rftoolsdim:fake_gravel, 唦石乐
rftoolsdim:fake_sand, 唦孒
rftoolspower:power_core1, 能量核心（低）
rftoolspower:power_core2, 能量核心（中）
rftoolspower:power_core3, 能量核心（高）
rftoolspower:cell1, 能量单元（低）
rftoolspower:cell2, 能量单元（中）
rftoolspower:cell3, 能量单元（高）
rftoolspower:information_screen, 信息屏
fm:coaxium, Refined Coaxium
fm:unrefined_coaxium, Unrefined Coaxium
fm:crushed_coaxium, Crushed Coaxium Ore
fm:purified_coaxium, Purified Coaxium Ore
fm:carbon_ingot, Carbon Fiber Ingot
fm:unrefined_carbon_ingot, Unrefined Carbon Fiber Ingot
fm:coaxium_sword, Coaxium Sword
fm:coaxium_shovel, Coaxium Shovel
fm:coaxium_pickaxe, Coaxium Pickaxe
fm:coaxium_axe, Coaxium Axe
fm:coaxium_hoe, Coaxium Hoe
fm:carbon_sword, 碳剑
fm:carbon_shovel, 碳锹
fm:carbon_pickaxe, 碳镐
fm:carbon_axe, 碳斧
fm:carbon_hoe, 碳锄
fm:coaxium_helmet, Coaxium Helmet
fm:coaxium_chestplate, Coaxium Chestplate
fm:coaxium_leggings, Coaxium Leggings
fm:coaxium_boots, Coaxium Boots
fm:carbon_helmet, 碳头盔
fm:carbon_chestplate, Carbon Fiber Chestplate
fm:carbon_leggings, Carbon Fiber Leggings
fm:carbon_boots, 碳靴子
fm:coaxium_rod, Coaxium Fuel Rod
fm:coaxium_rod_dual, Dual Coaxium Fuel Rod
fm:coaxium_rod_quad, Quad Coaxium Fuel Rod
fm:cesium_rod, Cesium Fuel Rod
fm:cesium_rod_dual, Dual Cesium Fuel Rod
fm:cesium_rod_quad, Quad Cesium Fuel Rod
fm:depleted_coaxium_rod, Depleted Coaxium Fuel Rod
fm:depleted_coaxium_rod_dual, Dual Depleted Coaxium Fuel Rod
fm:depleted_coaxium_rod_quad, Quad Depleted Coaxium Fuel Rod
fm:depleted_cesium_rod, Depleted Cesium Fuel Rod
fm:depleted_cesium_rod_dual, Dual Depleted Cesium Fuel Rod
fm:depleted_cesium_rod_quad, Quad Depleted Cesium Fuel Rod
fm:fuel_coaxium, Coaxium Enriched Nuclear Fuel
fm:fuel_cesium, Cesium Enriched Nuclear Fuel
fm:cesium, Cesium-137
fm:small_cesium, Small Pile of Cesium-137
fm:diamond_plate, Diamond Plate
fm:dense_diamond_plate, Dense Diamond Plate
fm:iridium_reinforced_fuel_rod, Iridium Reinforced Fuel Rod (Empty)
fm:iridium_dust, Iridium Dust
fm:carbon_blade, Block Cutting Blade (Reinforced Carbon Fiber)
fm:raw_carbon_steel_plate, Raw Carbon-Steel Plate
fm:carbon_steel_plate, Carbon-Steel Plate
fm:carbon_shaft, Shaft (Carbon Fiber)
fm:semi_coaxium_rod, Semi-Processed Coaxium Fuel Rod
fm:semi_coaxium_rod_dual, Dual Semi-Processed Coaxium Fuel Rod
fm:semi_coaxium_rod_quad, Quad Semi-Processed Coaxium Fuel Rod
fm:coaxium_block, Block of Refined Coaxium
fm:coaxium_ore, Coaxium Ore
fm:carbon_block, Carbon Fiber Block
fm:unrefined_carbon_block, Unrefined Carbon Fiber Block
snad:snad:0, 子沙
snad:snad:1, 红子沙
tc_integration:cluster_aluminum, Native Aluminum Cluster
tc_integration:cluster_ardite, Native Ardite Cluster
tc_integration:cluster_cobalt, Native Cobalt Cluster
tc_integration:cluster_arlemite, Native Arlemite Cluster
tc_integration:cluster_iridium, Native Iridium Cluster
tc_integration:cluster_netherite, Native Netherite Cluster
tc_integration:cluster_nickel, Native Nickel Cluster
tc_integration:cluster_osmium, Native Osmium Cluster
tc_integration:cluster_platinum, Native Platinum Cluster
tc_integration:cluster_realmite, Native Realmite Cluster
tc_integration:cluster_rupee, Native Rupee Cluster
tc_integration:cluster_astralstarmetal, Native Starmetal Cluster
thaumicaugmentation:vis_regenerator, 灵气再生器
thaumicaugmentation:warded_chest, 守护箱子
thaumicaugmentation:temporary_light, 秘术辉光
thaumicaugmentation:stone:0, 虚空石
thaumicaugmentation:stone:1, 腐化虚空石
thaumicaugmentation:stone:2, 腐化虚空石壤
thaumicaugmentation:stone:3, 荒古符石
thaumicaugmentation:stone:4, 雕文古石
thaumicaugmentation:stone:5, 荒古石砖
thaumicaugmentation:stone:6, 陈年石头
thaumicaugmentation:stone:7, 发光陈年石头
thaumicaugmentation:stone:8, 荒古石柱
thaumicaugmentation:stone:9, 平滑荒古石砖
thaumicaugmentation:stone:10, 荒古圆石
thaumicaugmentation:stone:11, 荒古石灯
thaumicaugmentation:arcane_trapdoor_wood, 宏伟之木奥能活板门
thaumicaugmentation:arcane_trapdoor_metal, 神秘奥能活板门
thaumicaugmentation:arcane_trapdoor_silverwood, 银木奥能活板门
thaumicaugmentation:taint_flower, 腐化花
thaumicaugmentation:impetus_drainer, 元动汲取仪
thaumicaugmentation:impetus_relay, 元动中继器
thaumicaugmentation:impetus_diffuser, 元动弥散仪
thaumicaugmentation:impetus_matrix, 元动矩阵
thaumicaugmentation:impetus_matrix_base, 元动矩阵基座
thaumicaugmentation:rift_feeder, 咒波引流仪
thaumicaugmentation:rift_mover_input, 裂隙封装仪
thaumicaugmentation:rift_mover_output, 裂隙释放仪
thaumicaugmentation:void_recharge_pedestal, 元动充能基座
thaumicaugmentation:arcane_terraformer, 奥术群系转换仪
thaumicaugmentation:rift_monitor, 裂隙监测仪
thaumicaugmentation:impetus_generator, 元动发电机
thaumicaugmentation:stability_field_generator, 裂隙稳定器
thaumicaugmentation:impetus_gate, 元动阀门
thaumicaugmentation:stairs_ancient, 荒古石楼梯
thaumicaugmentation:slab:0, 荒古石砖台阶
thaumicaugmentation:stairs_eldritch_tile, 邪术石楼梯
thaumicaugmentation:bars:0, 荒古栏杆
thaumicaugmentation:fortified_glass, 奥术强化玻璃
thaumicaugmentation:fortified_glass_pane, 奥术强化玻璃板
thaumicaugmentation:starfield_glass:0, 星域玻璃（裂隙）
thaumicaugmentation:starfield_glass:1, 星域玻璃（维度裂缝）
thaumicaugmentation:starfield_glass:2, 星域玻璃（魔镜）
thaumicaugmentation:capstone:0, 邪术拱顶石
thaumicaugmentation:capstone:1, 荒古拱顶石
thaumicaugmentation:capstone:2, 开眼邪术拱顶石
thaumicaugmentation:capstone:3, 开眼荒古拱顶石
thaumicaugmentation:strange_crystal, 诡异魔晶
thaumicaugmentation:crab_vent, 陈年孔洞
thaumicaugmentation:eldritch_lock:0, 邪术锁孔
thaumicaugmentation:eldritch_lock:1, 邪术锁孔
thaumicaugmentation:eldritch_lock:2, 邪术锁孔
thaumicaugmentation:eldritch_lock:3, 邪术锁孔
thaumicaugmentation:eldritch_lock_impetus, 邪术锁孔
thaumicaugmentation:button_greatwood, 宏伟之木按钮
thaumicaugmentation:button_silverwood, 银木按钮
thaumicaugmentation:button_arcane_stone, 奥术石按钮
thaumicaugmentation:warded_button_greatwood, 宏伟之木奥能按钮
thaumicaugmentation:warded_button_silverwood, 银木奥能按钮
thaumicaugmentation:warded_button_arcane_stone, 奥术石奥能按钮
thaumicaugmentation:pressure_plate_greatwood, 宏伟之木压力板
thaumicaugmentation:pressure_plate_silverwood, 银木压力板
thaumicaugmentation:pressure_plate_arcane_stone, 奥术石压力板
thaumicaugmentation:warded_pressure_plate_greatwood, 宏伟之木奥能压力板
thaumicaugmentation:warded_pressure_plate_silverwood, 银木奥能压力板
thaumicaugmentation:warded_pressure_plate_arcane_stone, 奥术石奥能压力板
thaumicaugmentation:urn:0, 寻常瓮
thaumicaugmentation:urn:1, 非凡瓮
thaumicaugmentation:urn:2, 罕见瓮
thaumicaugmentation:item_grate, 滤物格栅
thaumicaugmentation:glass_tube, 玻璃源质管道
thaumicaugmentation:impetus_creative:0, Creative Impetus Source
thaumicaugmentation:impetus_creative:1, Creative Impetus Sink
thaumicaugmentation:gauntlet:0, 神秘法师护手
thaumicaugmentation:gauntlet:1, 虚空预言者法师护手
thaumicaugmentation:material:0, 灵气再生格栅
thaumicaugmentation:material:1, 守护印记
thaumicaugmentation:material:2, 齿轮组
thaumicaugmentation:material:3, 元动能量单元
thaumicaugmentation:material:4, 背带基底
thaumicaugmentation:material:5, 元动宝石
thaumicaugmentation:seal_copier, 印记拓印器
thaumicaugmentation:arcane_door:0, 宏伟之木奥能之扉
thaumicaugmentation:arcane_door:1, 神秘奥能之扉
thaumicaugmentation:arcane_door:2, 银木奥能之扉
thaumicaugmentation:key:0, 铁钥匙
thaumicaugmentation:key:1, 黄铜钥匙
thaumicaugmentation:key:2, 神秘钥匙
thaumicaugmentation:void_boots, 虚空神秘使靴子
thaumicaugmentation:rift_seed:0, 咒波裂隙种子
thaumicaugmentation:rift_seed:0, 咒波裂隙种子
thaumicaugmentation:rift_seed:1, 咒波种子
thaumicaugmentation:rift_seed:1, 咒波种子
thaumicaugmentation:augment_caster_rift_energy_storage, 元动能量电池
thaumicaugmentation:fracture_locator:0, 裂缝定位器
thaumicaugmentation:augment_builder_power:0, 调整器：求知
thaumicaugmentation:augment_builder_power:0, 调整器：元素
thaumicaugmentation:augment_builder_power:0, 调整器：主世界
thaumicaugmentation:augment_builder_power:0, 调整器：下界
thaumicaugmentation:augment_builder_power:0, 调整器：末地
thaumicaugmentation:augment_builder_power:0, 调整器：虚域
thaumicaugmentation:augment_builder_power:0, 调整器：增流
thaumicaugmentation:augment_builder_effect:0, 增效水晶：核心效能
thaumicaugmentation:augment_builder_effect:0, 增效水晶：施法速度
thaumicaugmentation:augment_builder_effect:0, 增效水晶：灵气减免
thaumicaugmentation:morphic_tool, 幻形工具
thaumicaugmentation:primal_cutter:0, 元始刃
thaumicaugmentation:primal_cutter:0, 元始刃
thaumicaugmentation:rift_jar:0, 奥术强化罐子
thaumicaugmentation:rift_jar:0, 缸中裂隙
thaumicaugmentation:impetus_mirror:0, 元动之镜
thaumicaugmentation:impetus_linker:0, 元动谐振器
thaumicaugmentation:biome_selector:0, 群系核心
thaumicaugmentation:biome_selector:0, 群系核心
thaumicaugmentation:biome_selector:0, 群系核心
thaumicaugmentation:biome_selector:0, 群系核心
thaumicaugmentation:biome_selector:0, 群系核心
thaumicaugmentation:biome_selector:0, 群系核心
thaumicaugmentation:biome_selector:0, 群系核心
thaumicaugmentation:biome_selector:0, 群系核心
thaumicaugmentation:biome_selector:0, 群系核心
thaumicaugmentation:biome_selector:0, 群系核心
thaumicaugmentation:biome_selector:0, 群系核心
thaumicaugmentation:biome_selector:0, 群系核心
thaumicaugmentation:biome_selector:0, 群系核心
thaumicaugmentation:biome_selector:0, 群系核心
thaumicaugmentation:biome_selector:0, 群系核心
thaumicaugmentation:biome_selector:0, 群系核心
thaumicaugmentation:biome_selector:0, 群系核心
thaumicaugmentation:biome_selector:0, 群系核心
thaumicaugmentation:biome_selector:0, 群系核心
thaumicaugmentation:biome_selector:0, 群系核心
thaumicaugmentation:biome_selector:0, 群系核心
thaumicaugmentation:biome_selector:0, 群系核心
thaumicaugmentation:biome_selector:0, 群系核心
thaumicaugmentation:biome_selector:0, 群系核心
thaumicaugmentation:biome_selector:0, 群系核心
thaumicaugmentation:biome_selector:0, 群系核心
thaumicaugmentation:biome_selector:0, 群系核心
thaumicaugmentation:biome_selector:0, 群系核心
thaumicaugmentation:biome_selector:0, 群系核心
thaumicaugmentation:biome_selector:0, 群系核心
thaumicaugmentation:biome_selector:0, 群系核心
thaumicaugmentation:biome_selector:0, 群系核心
thaumicaugmentation:biome_selector:0, 群系核心
thaumicaugmentation:biome_selector:0, 群系核心
thaumicaugmentation:biome_selector:0, 群系核心
thaumicaugmentation:biome_selector:0, 群系核心
thaumicaugmentation:biome_selector:0, 群系核心
thaumicaugmentation:biome_selector:0, 群系核心
thaumicaugmentation:biome_selector:0, 群系核心
thaumicaugmentation:biome_selector:0, 群系核心
thaumicaugmentation:biome_selector:0, 群系核心
thaumicaugmentation:biome_selector:0, 群系核心
thaumicaugmentation:biome_selector:0, 群系核心
thaumicaugmentation:biome_selector:0, 群系核心
thaumicaugmentation:biome_selector:0, 群系核心
thaumicaugmentation:biome_selector:0, 群系核心
thaumicaugmentation:biome_selector:0, 群系核心
thaumicaugmentation:biome_selector:0, 群系核心
thaumicaugmentation:biome_selector:0, 群系核心
thaumicaugmentation:biome_selector:0, 群系核心
thaumicaugmentation:biome_selector:0, 群系核心
thaumicaugmentation:biome_selector:0, 群系核心
thaumicaugmentation:biome_selector:0, 群系核心
thaumicaugmentation:biome_selector:0, 群系核心
thaumicaugmentation:biome_selector:0, 群系核心
thaumicaugmentation:biome_selector:0, 群系核心
thaumicaugmentation:biome_selector:0, 群系核心
thaumicaugmentation:biome_selector:0, 群系核心
thaumicaugmentation:biome_selector:0, 群系核心
thaumicaugmentation:biome_selector:0, 群系核心
thaumicaugmentation:biome_selector:0, 群系核心
thaumicaugmentation:biome_selector:0, 群系核心
thaumicaugmentation:biome_selector:0, 群系核心
thaumicaugmentation:biome_selector:0, 群系核心
thaumicaugmentation:biome_selector:0, 群系核心
thaumicaugmentation:biome_selector:0, 群系核心
thaumicaugmentation:biome_selector:0, 群系核心
thaumicaugmentation:biome_selector:0, 群系核心
thaumicaugmentation:biome_selector:0, 群系核心
thaumicaugmentation:biome_selector:0, 群系核心
thaumicaugmentation:biome_selector:0, 群系核心
thaumicaugmentation:biome_selector:0, 群系核心
thaumicaugmentation:biome_selector:0, 群系核心
thaumicaugmentation:biome_selector:0, 群系核心
thaumicaugmentation:biome_selector:0, 群系核心
thaumicaugmentation:biome_selector:0, 群系核心
thaumicaugmentation:biome_selector:0, 群系核心
thaumicaugmentation:biome_selector:0, 群系核心
thaumicaugmentation:biome_selector:0, 群系核心
thaumicaugmentation:biome_selector:0, 群系核心
thaumicaugmentation:biome_selector:0, 群系核心
thaumicaugmentation:biome_selector:0, 群系核心
thaumicaugmentation:biome_selector:0, 群系核心
thaumicaugmentation:biome_selector:0, 群系核心
thaumicaugmentation:biome_selector:0, 群系核心
thaumicaugmentation:biome_selector:0, 群系核心
thaumicaugmentation:biome_selector:0, 群系核心
thaumicaugmentation:biome_selector:0, 群系核心
thaumicaugmentation:biome_selector:0, 群系核心
thaumicaugmentation:biome_selector:0, 群系核心
thaumicaugmentation:biome_selector:0, 群系核心
thaumicaugmentation:biome_selector:0, 群系核心
thaumicaugmentation:biome_selector:0, 群系核心
thaumicaugmentation:biome_selector:0, 群系核心
thaumicaugmentation:biome_selector:0, 群系核心
thaumicaugmentation:biome_selector:0, 群系核心
thaumicaugmentation:thaumostatic_harness:0, 奥法背带
thaumicaugmentation:thaumostatic_harness_augment:0, 回转仪升级组件
thaumicaugmentation:thaumostatic_harness_augment:1, 腰带升级组件
thaumicaugmentation:elytra_harness:0, 奥法鞘翅
thaumicaugmentation:elytra_harness_augment:0, 元动助推器升级组件
thaumicaugmentation:autocaster_placer:0, 施法器
thaumicaugmentation:autocaster_placer:1, 邪术施法器
thaumicaugmentation:impulse_cannon:0, 元动加农炮
thaumicaugmentation:impulse_cannon_augment:0, 轨道炮模式组件
thaumicaugmentation:impulse_cannon_augment:1, 迸射模式组件
thaumicaugmentation:focus_ancient, 荒古核心
thaumicaugmentation:eldritch_lock_key:0, 符文石板
thaumicaugmentation:eldritch_lock_key:1, 镶尖符咒
thaumicaugmentation:eldritch_lock_key:2, 禁忌知识
thaumicaugmentation:eldritch_lock_key:3, 凶险剑刃
thaumicaugmentation:obelisk_placer:0, 邪术方尖碑
thaumicaugmentation:obelisk_placer:1, 荒古方尖碑
thaumicaugmentation:research_notes:0, 破旧卷轴
thaumicaugmentation:augment_vis_battery, 便携灵气电池
thaumicaugmentation:thaumium_robes_hood, 秘术师兜帽
thaumicaugmentation:thaumium_robes_chestplate, 秘术师法袍
thaumicaugmentation:thaumium_robes_leggings, 秘术师护腿
thaumicaugmentation:celestial_observer_placer, 天象瞭望镜
thaumictinkerer:share_book, 知识共享之书
thaumictinkerer:black_quartz, 烟黑石英
thaumictinkerer:connector, 矢量绑定器
thaumictinkerer:soul_mould, 灵魂铸模
thaumictinkerer:energetic_nitor, 超能闪耀之光
thaumictinkerer:spellbinding_cloth, 祛魔之布
thaumictinkerer:blood_sword, 咒灵之刃
thaumictinkerer:mob_aspect, item.thaumictinkerer:mob_aspect.name
thaumictinkerer:funnel, 源质漏斗
thaumictinkerer:dissimulation, 伪装方块
thaumictinkerer:transvector_interface, 矢量转接口
thaumictinkerer:transvector_dislocator, 矢量转位仪
thaumictinkerer:repairer, 奥法修复台
thaumictinkerer:magnet, 动力牵引仪
thaumictinkerer:mob_magnet, 形体牵引仪
thaumictinkerer:osmotic_enchanter, 渗透附魔台
thaumictinkerer:enchantment_pillar, 蕴魔柱
thaumictinkerer:animation_tablet, 活力牌板
thaumictinkerer:black_quartz_block, 烟黑石英块
thaumictinkerer:dummy_nitor, tile.thaumictinkerer:dummy_nitor.name
tinymobfarm:lasso, 套索
tinymobfarm:wood_farm, 木制生物农场
tinymobfarm:stone_farm, 石制生物农场
tinymobfarm:iron_farm, 铁制生物农场
tinymobfarm:gold_farm, 金制生物农场
tinymobfarm:diamond_farm, 钻石生物农场
tinymobfarm:emerald_farm, 绿宝石生物农场
tinymobfarm:inferno_farm, 下界生物农场
tinymobfarm:ultimate_farm, 终极生物农场
zensummoning:altar, Summoning Altar
wizardryutils:dusty_amulet, Dusty Amulet
wizardryutils:dusty_ring, Dusty Ring
wizardryutils:dusty_charm, Dusty Charm
wizardryutils:dusty_headgear, Dusty Headgear
wizardryutils:dusty_belt, Dusty Belt
wizardryutils:dusty_spell_book, Dusty Spell Book
wizardryutils:dusty_casket, Dusty Casket
ancientspellcraft:skull_watch, Skull Watch
ancientspellcraft:scribing_desk, Scribing Desk
ancientspellcraft:imbuement_altar_ruined, Ruined Imbuement Altar
ancientspellcraft:sphere_cognizance, Sphere of Cognizance
ancientspellcraft:sentinel_block_iron, Iron Sentinel
ancientspellcraft:sentinel_block_gold, Gold Sentinel
ancientspellcraft:sentinel_block_diamond, Diamond Sentinel
ancientspellcraft:sentinel_block_large_iron, Greater Iron Sentinel
ancientspellcraft:sentinel_block_large_gold, Greater Gold Sentinel
ancientspellcraft:sentinel_block_large_diamond, Greater Diamond Sentinel
ancientspellcraft:crystal_ore_fire, Fiery Crystal Ore
ancientspellcraft:crystal_ore_earth, Verdant Crystal Ore
ancientspellcraft:crystal_ore_healing, Radiant Crystal Ore
ancientspellcraft:crystal_ore_ice, Icy Crystal Ore
ancientspellcraft:crystal_ore_lightning, Stormy Crystal Ore
ancientspellcraft:crystal_ore_necromancy, Dark Crystal Ore
ancientspellcraft:crystal_ore_sorcery, Mystical Crystal Ore
ancientspellcraft:crystal_silver_ore, Crystal Silver Ore
ancientspellcraft:astral_diamond_ore, Astral Diamond Ore
ancientspellcraft:devoritium_ore, Devoritium Ore
ancientspellcraft:devoritium_block, Devoritium Block
ancientspellcraft:devoritium_gilded_stone, Devoritium Gilded Stone
ancientspellcraft:devoritium_bars, Devoritium Bars
ancientspellcraft:log_crystal_tree, Crystal Tree
ancientspellcraft:leaves_crystal_tree, Crystal Tree Leaves
ancientspellcraft:dimension_boundary, Pocket Dimension Boundary
ancientspellcraft:dimension_focus, Pocket Dimension Focus
ancientspellcraft:arcane_anvil, Arcane Anvil
ancientspellcraft:sage_lectern, Mystic Lectern
ancientspellcraft:master_bolt, Master Bolt
ancientspellcraft:sealed_stone, Magically Sealed Stone
ancientspellcraft:unsealed_stone, Unsealed Stone
ancientspellcraft:unseal_button, Unseal Glyph
ancientspellcraft:sage_flax, Lunar Flax
ancientspellcraft:sage_tome_novice_magic, Novice Sage Tome
ancientspellcraft:sage_tome_apprentice_magic, Apprentice Sage Tome
ancientspellcraft:sage_tome_advanced_magic, Advanced Sage Tome
ancientspellcraft:sage_tome_master_magic, Master Sage Tome
ancientspellcraft:sage_tome_novice_fire, Novice Sage Tome
ancientspellcraft:sage_tome_apprentice_fire, Apprentice Sage Tome
ancientspellcraft:sage_tome_advanced_fire, Advanced Sage Tome
ancientspellcraft:sage_tome_master_fire, Master Sage Tome
ancientspellcraft:sage_tome_novice_ice, Novice Sage Tome
ancientspellcraft:sage_tome_apprentice_ice, Apprentice Sage Tome
ancientspellcraft:sage_tome_advanced_ice, Advanced Sage Tome
ancientspellcraft:sage_tome_master_ice, Master Sage Tome
ancientspellcraft:sage_tome_novice_lightning, Novice Sage Tome
ancientspellcraft:sage_tome_apprentice_lightning, Apprentice Sage Tome
ancientspellcraft:sage_tome_advanced_lightning, Advanced Sage Tome
ancientspellcraft:sage_tome_master_lightning, Master Sage Tome
ancientspellcraft:sage_tome_novice_necromancy, Novice Sage Tome
ancientspellcraft:sage_tome_apprentice_necromancy, Apprentice Sage Tome
ancientspellcraft:sage_tome_advanced_necromancy, Advanced Sage Tome
ancientspellcraft:sage_tome_master_necromancy, Master Sage Tome
ancientspellcraft:sage_tome_novice_earth, Novice Sage Tome
ancientspellcraft:sage_tome_apprentice_earth, Apprentice Sage Tome
ancientspellcraft:sage_tome_advanced_earth, Advanced Sage Tome
ancientspellcraft:sage_tome_master_earth, Master Sage Tome
ancientspellcraft:sage_tome_novice_sorcery, Novice Sage Tome
ancientspellcraft:sage_tome_apprentice_sorcery, Apprentice Sage Tome
ancientspellcraft:sage_tome_advanced_sorcery, Advanced Sage Tome
ancientspellcraft:sage_tome_master_sorcery, Master Sage Tome
ancientspellcraft:sage_tome_novice_healing, Novice Sage Tome
ancientspellcraft:sage_tome_apprentice_healing, Apprentice Sage Tome
ancientspellcraft:sage_tome_advanced_healing, Advanced Sage Tome
ancientspellcraft:sage_tome_master_healing, Master Sage Tome
ancientspellcraft:warlock_orb_novice_magic, Novice Magic Warlock Orb
ancientspellcraft:warlock_orb_apprentice_magic, Apprentice Magic Warlock Orb
ancientspellcraft:warlock_orb_advanced_magic, Advanced Magic Warlock Orb
ancientspellcraft:warlock_orb_master_magic, Master Magic Warlock Orb
ancientspellcraft:warlock_orb_novice_earth, Novice Earth Warlock Orb
ancientspellcraft:warlock_orb_apprentice_earth, Apprentice Earth Warlock Orb
ancientspellcraft:warlock_orb_advanced_earth, Advanced Earth Warlock Orb
ancientspellcraft:warlock_orb_master_earth, Master Earth Warlock Orb
ancientspellcraft:warlock_orb_novice_sorcery, Novice Sorcery Warlock Orb
ancientspellcraft:warlock_orb_apprentice_sorcery, Apprentice Sorcery Warlock Orb
ancientspellcraft:warlock_orb_advanced_sorcery, Advanced Sorcery Warlock Orb
ancientspellcraft:warlock_orb_master_sorcery, Master Sorcery Warlock Orb
ancientspellcraft:warlock_orb_novice_fire, Novice Fire Warlock Orb
ancientspellcraft:warlock_orb_apprentice_fire, Apprentice Fire Warlock Orb
ancientspellcraft:warlock_orb_advanced_fire, Advanced Fire Warlock Orb
ancientspellcraft:warlock_orb_master_fire, Master Fire Warlock Orb
ancientspellcraft:warlock_orb_novice_ice, Novice Ice Warlock Orb
ancientspellcraft:warlock_orb_apprentice_ice, Apprentice Ice Warlock Orb
ancientspellcraft:warlock_orb_advanced_ice, Advanced Ice Warlock Orb
ancientspellcraft:warlock_orb_master_ice, Master Ice Warlock Orb
ancientspellcraft:warlock_orb_novice_lightning, Novice Lightning Warlock Orb
ancientspellcraft:warlock_orb_apprentice_lightning, Apprentice Lightning Warlock Orb
ancientspellcraft:warlock_orb_advanced_lightning, Advanced Lightning Warlock Orb
ancientspellcraft:warlock_orb_master_lightning, Master Lightning Warlock Orb
ancientspellcraft:warlock_orb_novice_necromancy, Novice Necromancy Warlock Orb
ancientspellcraft:warlock_orb_apprentice_necromancy, Apprentice Necromancy Warlock Orb
ancientspellcraft:warlock_orb_advanced_necromancy, Advanced Necromancy Warlock Orb
ancientspellcraft:warlock_orb_master_necromancy, Master Necromancy Warlock Orb
ancientspellcraft:warlock_orb_novice_healing, Novice Healing Warlock Orb
ancientspellcraft:warlock_orb_apprentice_healing, Apprentice Healing Warlock Orb
ancientspellcraft:warlock_orb_advanced_healing, Advanced Healing Warlock Orb
ancientspellcraft:warlock_orb_master_healing, Master Healing Warlock Orb
ancientspellcraft:spectral_shield, Spectral Shield
ancientspellcraft:ancient_spellcraft_spell_book:189, Spell Book
ancientspellcraft:ancient_spellcraft_spell_book:190, Spell Book
ancientspellcraft:ancient_spellcraft_spell_book:191, Spell Book
ancientspellcraft:ancient_spellcraft_spell_book:192, Spell Book
ancientspellcraft:ancient_spellcraft_spell_book:193, Spell Book
ancientspellcraft:ancient_spellcraft_spell_book:194, Spell Book
ancientspellcraft:ancient_spellcraft_spell_book:195, Spell Book
ancientspellcraft:ancient_spellcraft_spell_book:196, Spell Book
ancientspellcraft:ancient_spellcraft_spell_book:197, Spell Book
ancientspellcraft:ancient_spellcraft_spell_book:198, Spell Book
ancientspellcraft:ancient_spellcraft_spell_book:199, Spell Book
ancientspellcraft:ancient_spellcraft_spell_book:200, Spell Book
ancientspellcraft:ancient_spellcraft_spell_book:201, Spell Book
ancientspellcraft:ancient_spellcraft_spell_book:202, Spell Book
ancientspellcraft:ancient_spellcraft_spell_book:203, Spell Book
ancientspellcraft:ancient_spellcraft_spell_book:205, Spell Book
ancientspellcraft:ancient_spellcraft_spell_book:206, Spell Book
ancientspellcraft:ancient_spellcraft_spell_book:207, Spell Book
ancientspellcraft:ancient_spellcraft_spell_book:208, Spell Book
ancientspellcraft:ancient_spellcraft_spell_book:209, Spell Book
ancientspellcraft:ancient_spellcraft_spell_book:210, Spell Book
ancientspellcraft:ancient_spellcraft_spell_book:211, Spell Book
ancientspellcraft:ancient_spellcraft_spell_book:212, Spell Book
ancientspellcraft:ancient_spellcraft_spell_book:213, Spell Book
ancientspellcraft:ancient_spellcraft_spell_book:214, Spell Book
ancientspellcraft:ancient_spellcraft_spell_book:215, Spell Book
ancientspellcraft:ancient_spellcraft_spell_book:216, Spell Book
ancientspellcraft:ancient_spellcraft_spell_book:217, Spell Book
ancientspellcraft:ancient_spellcraft_spell_book:219, Spell Book
ancientspellcraft:ancient_spellcraft_spell_book:222, Spell Book
ancientspellcraft:ancient_spellcraft_spell_book:223, Spell Book
ancientspellcraft:ancient_spellcraft_spell_book:224, Spell Book
ancientspellcraft:ancient_spellcraft_spell_book:226, Spell Book
ancientspellcraft:ancient_spellcraft_spell_book:227, Spell Book
ancientspellcraft:ancient_spellcraft_spell_book:230, Spell Book
ancientspellcraft:ancient_spellcraft_spell_book:231, Spell Book
ancientspellcraft:ancient_spellcraft_spell_book:233, Spell Book
ancientspellcraft:ancient_spellcraft_spell_book:234, Spell Book
ancientspellcraft:ancient_spellcraft_spell_book:235, Spell Book
ancientspellcraft:ancient_spellcraft_spell_book:236, Spell Book
ancientspellcraft:ancient_spellcraft_spell_book:237, Spell Book
ancientspellcraft:ancient_spellcraft_spell_book:239, Spell Book
ancientspellcraft:ancient_spellcraft_spell_book:240, Spell Book
ancientspellcraft:ancient_spellcraft_spell_book:249, Spell Book
ancientspellcraft:ancient_spellcraft_spell_book:252, Spell Book
ancientspellcraft:ancient_spellcraft_spell_book:253, Spell Book
ancientspellcraft:ancient_spellcraft_spell_book:254, Spell Book
ancientspellcraft:ancient_spellcraft_spell_book:255, Spell Book
ancientspellcraft:ancient_spellcraft_spell_book:257, Spell Book
ancientspellcraft:ancient_spellcraft_spell_book:258, Spell Book
ancientspellcraft:ancient_spellcraft_spell_book:259, Spell Book
ancientspellcraft:ancient_spellcraft_spell_book:260, Spell Book
ancientspellcraft:ancient_spellcraft_spell_book:261, Spell Book
ancientspellcraft:ancient_spellcraft_spell_book:262, Spell Book
ancientspellcraft:ancient_spellcraft_spell_book:264, Spell Book
ancientspellcraft:ancient_spellcraft_spell_book:265, Spell Book
ancientspellcraft:ancient_spellcraft_spell_book:267, Spell Book
ancientspellcraft:ancient_spellcraft_spell_book:272, Spell Book
ancientspellcraft:ancient_spellcraft_spell_book:275, Spell Book
ancientspellcraft:ancient_spellcraft_spell_book:276, Spell Book
ancientspellcraft:ancient_spellcraft_spell_book:277, Spell Book
ancientspellcraft:ancient_spellcraft_spell_book:278, Spell Book
ancientspellcraft:ancient_spellcraft_spell_book:292, Spell Book
ancientspellcraft:ancient_spellcraft_spell_book:293, Spell Book
ancientspellcraft:ancient_spellcraft_spell_book:305, Spell Book
ancientspellcraft:ancient_spellcraft_spell_book:306, Spell Book
ancientspellcraft:ancient_spellcraft_spell_book:307, Spell Book
ancientspellcraft:ancient_spellcraft_spell_book:308, Spell Book
ancientspellcraft:ancient_spellcraft_spell_book:309, Spell Book
ancientspellcraft:ancient_spellcraft_spell_book:310, Spell Book
ancientspellcraft:ancient_spellcraft_spell_book:311, Spell Book
ancientspellcraft:ancient_spellcraft_spell_book:312, Spell Book
ancientspellcraft:ancient_spellcraft_spell_book:313, Spell Book
ancientspellcraft:ancient_spellcraft_spell_book:314, Spell Book
ancientspellcraft:ancient_spellcraft_spell_book:315, Spell Book
ancientspellcraft:ancient_spellcraft_spell_book:316, Spell Book
ancientspellcraft:ancient_spellcraft_spell_book:317, Spell Book
ancientspellcraft:ancient_spellcraft_spell_book:318, Spell Book
ancientspellcraft:ancient_spellcraft_spell_book:319, Spell Book
ancientspellcraft:ancient_spellcraft_spell_book:320, Spell Book
ancientspellcraft:ancient_spellcraft_spell_book:321, Spell Book
ancientspellcraft:ancient_spellcraft_spell_book:322, Spell Book
ancientspellcraft:ancient_spellcraft_spell_book:323, Spell Book
ancientspellcraft:ancient_spellcraft_spell_book:324, Spell Book
ancientspellcraft:ancient_spellcraft_spell_book:325, Spell Book
ancientspellcraft:ancient_spellcraft_spell_book:326, Spell Book
ancientspellcraft:ancient_spellcraft_spell_book:327, Spell Book
ancientspellcraft:ancient_spellcraft_spell_book:328, Spell Book
ancientspellcraft:ancient_spellcraft_spell_book:329, Spell Book
ancientspellcraft:ancient_spellcraft_spell_book:357, Spell Book
ancientspellcraft:ancient_spellcraft_spell_book:358, Spell Book
ancientspellcraft:ancient_spellcraft_spell_book:359, Spell Book
ancientspellcraft:ancient_spellcraft_spell_book:360, Spell Book
ancientspellcraft:ancient_spellcraft_spell_book:361, Spell Book
ancientspellcraft:ancient_spellcraft_spell_book:362, Spell Book
ancientspellcraft:ancient_spellcraft_spell_book:363, Spell Book
ancientspellcraft:ancient_spellcraft_spell_book:364, Spell Book
ancientspellcraft:ancient_spellcraft_spell_book:365, Spell Book
ancientspellcraft:ancient_spellcraft_spell_book:366, Spell Book
ancientspellcraft:ancient_spellcraft_spell_book:367, Spell Book
ancientspellcraft:ancient_spellcraft_spell_book:368, Spell Book
ancientspellcraft:ancient_spellcraft_spell_book:369, Spell Book
ancientspellcraft:ancient_spellcraft_spell_book:370, Spell Book
ancientspellcraft:ancient_spellcraft_spell_book:371, Spell Book
ancientspellcraft:ancient_spellcraft_spell_book:372, Spell Book
ancientspellcraft:ancient_spellcraft_spell_book:373, Spell Book
ancientspellcraft:ancient_spellcraft_spell_book:374, Spell Book
ancientspellcraft:ancient_spellcraft_spell_book:375, Spell Book
ancientspellcraft:ancient_spellcraft_spell_book:376, Spell Book
ancientspellcraft:ancient_spellcraft_spell_book:377, Spell Book
ancientspellcraft:ancient_spellcraft_spell_book:378, Spell Book
ancientspellcraft:ancient_spellcraft_spell_book:379, Spell Book
ancientspellcraft:ancient_spellcraft_spell_book:380, Spell Book
ancientspellcraft:ancient_spellcraft_spell_book:381, Spell Book
ancientspellcraft:ancient_spellcraft_spell_book:382, Spell Book
ancientspellcraft:ancient_spell_book:204, Ancient Spell Book
ancientspellcraft:ancient_spell_book:218, Ancient Spell Book
ancientspellcraft:ancient_spell_book:220, Ancient Spell Book
ancientspellcraft:ancient_spell_book:221, Ancient Spell Book
ancientspellcraft:ancient_spell_book:225, Ancient Spell Book
ancientspellcraft:ancient_spell_book:228, Ancient Spell Book
ancientspellcraft:ancient_spell_book:229, Ancient Spell Book
ancientspellcraft:ancient_spell_book:232, Ancient Spell Book
ancientspellcraft:ancient_spell_book:238, Ancient Spell Book
ancientspellcraft:ancient_spell_book:241, Ancient Spell Book
ancientspellcraft:ancient_spell_book:242, Ancient Spell Book
ancientspellcraft:ancient_spell_book:243, Ancient Spell Book
ancientspellcraft:ancient_spell_book:244, Ancient Spell Book
ancientspellcraft:ancient_spell_book:245, Ancient Spell Book
ancientspellcraft:ancient_spell_book:246, Ancient Spell Book
ancientspellcraft:ancient_spell_book:247, Ancient Spell Book
ancientspellcraft:ancient_spell_book:248, Ancient Spell Book
ancientspellcraft:ancient_spell_book:250, Ancient Spell Book
ancientspellcraft:ancient_spell_book:251, Ancient Spell Book
ancientspellcraft:ancient_spell_book:256, Ancient Spell Book
ancientspellcraft:ancient_spell_book:263, Ancient Spell Book
ancientspellcraft:ancient_spell_book:266, Ancient Spell Book
ancientspellcraft:ancient_spell_book:268, Ancient Spell Book
ancientspellcraft:ancient_spell_book:269, Ancient Spell Book
ancientspellcraft:ancient_spell_book:270, Ancient Spell Book
ancientspellcraft:ancient_spell_book:271, Ancient Spell Book
ancientspellcraft:ancient_spell_book:273, Ancient Spell Book
ancientspellcraft:ancient_spell_book:274, Ancient Spell Book
ancientspellcraft:ancient_spell_book:279, Ancient Spell Book
ancientspellcraft:ancient_spell_book:280, Ancient Spell Book
ancientspellcraft:ancient_spell_book:281, Ancient Spell Book
ancientspellcraft:ancient_spell_book:282, Ancient Spell Book
ancientspellcraft:ancient_spell_book:283, Ancient Spell Book
ancientspellcraft:ancient_spell_book:284, Ancient Spell Book
ancientspellcraft:ancient_spell_book:285, Ancient Spell Book
ancientspellcraft:ancient_spell_book:286, Ancient Spell Book
ancientspellcraft:ancient_spell_book:287, Ancient Spell Book
ancientspellcraft:ancient_spell_book:288, Ancient Spell Book
ancientspellcraft:ancient_spell_book:289, Ancient Spell Book
ancientspellcraft:ancient_spell_book:290, Ancient Spell Book
ancientspellcraft:ancient_spell_book:291, Ancient Spell Book
ancientspellcraft:ancient_spell_book:294, Ancient Spell Book
ancientspellcraft:ancient_spell_book:295, Ancient Spell Book
ancientspellcraft:ancient_spell_book:296, Ancient Spell Book
ancientspellcraft:ancient_spell_book:297, Ancient Spell Book
ancientspellcraft:ancient_spell_book:298, Ancient Spell Book
ancientspellcraft:ancient_spell_book:299, Ancient Spell Book
ancientspellcraft:ancient_spell_book:300, Ancient Spell Book
ancientspellcraft:ancient_spell_book:301, Ancient Spell Book
ancientspellcraft:ancient_spell_book:302, Ancient Spell Book
ancientspellcraft:ancient_spell_book:303, Ancient Spell Book
ancientspellcraft:ancient_spell_book:304, Ancient Spell Book
ancientspellcraft:ancient_spellcraft_scroll:189, Hell's Gate卷轴
ancientspellcraft:ancient_spellcraft_scroll:190, Tame Animal卷轴
ancientspellcraft:ancient_spellcraft_scroll:191, Extinguish Flames卷轴
ancientspellcraft:ancient_spellcraft_scroll:192, Curse of Ender卷轴
ancientspellcraft:ancient_spellcraft_scroll:193, Conjure Water卷轴
ancientspellcraft:ancient_spellcraft_scroll:194, Conjure Shield卷轴
ancientspellcraft:ancient_spellcraft_scroll:195, Drought卷轴
ancientspellcraft:ancient_spellcraft_scroll:196, Will o' Wisp卷轴
ancientspellcraft:ancient_spellcraft_scroll:197, Nature's Sprout卷轴
ancientspellcraft:ancient_spellcraft_scroll:198, Igloo卷轴
ancientspellcraft:ancient_spellcraft_scroll:199, Ice Tower卷轴
ancientspellcraft:ancient_spellcraft_scroll:200, Ice Workbench卷轴
ancientspellcraft:ancient_spellcraft_scroll:201, Snow Block卷轴
ancientspellcraft:ancient_spellcraft_scroll:202, Curse Armor卷轴
ancientspellcraft:ancient_spellcraft_scroll:203, Dispel Item Curse卷轴
ancientspellcraft:ancient_spellcraft_scroll:204, Channel Power卷轴
ancientspellcraft:ancient_spellcraft_scroll:205, Zombification卷轴
ancientspellcraft:ancient_spellcraft_scroll:206, Cure Zombie卷轴
ancientspellcraft:ancient_spellcraft_scroll:207, Raise Skeleton Mage卷轴
ancientspellcraft:ancient_spellcraft_scroll:208, Unholy Alliance卷轴
ancientspellcraft:ancient_spellcraft_scroll:209, Transportation Portal卷轴
ancientspellcraft:ancient_spellcraft_scroll:210, Heart of Healing卷轴
ancientspellcraft:ancient_spellcraft_scroll:211, Martyr卷轴
ancientspellcraft:ancient_spellcraft_scroll:212, Aquatic Agility卷轴
ancientspellcraft:ancient_spellcraft_scroll:213, Lava Vision卷轴
ancientspellcraft:ancient_spellcraft_scroll:214, Magma Strider卷轴
ancientspellcraft:ancient_spellcraft_scroll:215, Summon Anchor卷轴
ancientspellcraft:ancient_spellcraft_scroll:216, Call Of The Pack卷轴
ancientspellcraft:ancient_spellcraft_scroll:217, Spirit Ward卷轴
ancientspellcraft:ancient_spellcraft_scroll:218, Blockweaving卷轴
ancientspellcraft:ancient_spellcraft_scroll:219, Cryostasis卷轴
ancientspellcraft:ancient_spellcraft_scroll:220, Arcane Magnetism卷轴
ancientspellcraft:ancient_spellcraft_scroll:221, Conduit卷轴
ancientspellcraft:ancient_spellcraft_scroll:222, Summon Spirit Bear卷轴
ancientspellcraft:ancient_spellcraft_scroll:223, Summon Boat卷轴
ancientspellcraft:ancient_spellcraft_scroll:224, Conjure Shadow Blade卷轴
ancientspellcraft:ancient_spellcraft_scroll:225, Magelight卷轴
ancientspellcraft:ancient_spellcraft_scroll:226, Candlelight卷轴
ancientspellcraft:ancient_spellcraft_scroll:227, Chant of Celerity卷轴
ancientspellcraft:ancient_spellcraft_scroll:228, Dispel Lesser Magic卷轴
ancientspellcraft:ancient_spellcraft_scroll:229, Dispel Greater Magic卷轴
ancientspellcraft:ancient_spellcraft_scroll:230, Conjure Fishing Rod卷轴
ancientspellcraft:ancient_spellcraft_scroll:231, Curse Ward卷轴
ancientspellcraft:ancient_spellcraft_scroll:232, Arcane Beam卷轴
ancientspellcraft:ancient_spellcraft_scroll:233, Ice Shield卷轴
ancientspellcraft:ancient_spellcraft_scroll:234, Curse of Death卷轴
ancientspellcraft:ancient_spellcraft_scroll:235, Attire Alteration卷轴
ancientspellcraft:ancient_spellcraft_scroll:236, Time Knot卷轴
ancientspellcraft:ancient_spellcraft_scroll:237, Temporal Casualty卷轴
ancientspellcraft:ancient_spellcraft_scroll:239, Eye of The Storm卷轴
ancientspellcraft:ancient_spellcraft_scroll:240, Feather Fall卷轴
ancientspellcraft:ancient_spellcraft_scroll:241, Water Walking卷轴
ancientspellcraft:ancient_spellcraft_scroll:242, Arcane Augmentation卷轴
ancientspellcraft:ancient_spellcraft_scroll:243, Intensifying Focus卷轴
ancientspellcraft:ancient_spellcraft_scroll:244, Continuity Charm卷轴
ancientspellcraft:ancient_spellcraft_scroll:245, Projectile Ward卷轴
ancientspellcraft:ancient_spellcraft_scroll:246, Bulwark卷轴
ancientspellcraft:ancient_spellcraft_scroll:247, Arcane Aegis卷轴
ancientspellcraft:ancient_spellcraft_scroll:248, Forcefend卷轴
ancientspellcraft:ancient_spellcraft_scroll:249, Skull Sentinel卷轴
ancientspellcraft:ancient_spellcraft_scroll:250, Silencing Sigil卷轴
ancientspellcraft:ancient_spellcraft_scroll:251, Anti-magic Field卷轴
ancientspellcraft:ancient_spellcraft_scroll:252, Fire Ant Swarm卷轴
ancientspellcraft:ancient_spellcraft_scroll:253, Transference卷轴
ancientspellcraft:ancient_spellcraft_scroll:254, Firewall卷轴
ancientspellcraft:ancient_spellcraft_scroll:255, Harvest卷轴
ancientspellcraft:ancient_spellcraft_scroll:256, Aspect of the Hunter卷轴
ancientspellcraft:ancient_spellcraft_scroll:257, Static Charge卷轴
ancientspellcraft:ancient_spellcraft_scroll:258, Pyrokinesis卷轴
ancientspellcraft:ancient_spellcraft_scroll:259, Conflagration卷轴
ancientspellcraft:ancient_spellcraft_scroll:260, Pocket Dimension卷轴
ancientspellcraft:ancient_spellcraft_scroll:261, Frost Nova卷轴
ancientspellcraft:ancient_spellcraft_scroll:262, Regrowth卷轴
ancientspellcraft:ancient_spellcraft_scroll:264, Stone Punch卷轴
ancientspellcraft:ancient_spellcraft_scroll:265, Stone Fist卷轴
ancientspellcraft:ancient_spellcraft_scroll:266, Eagle Eye卷轴
ancientspellcraft:ancient_spellcraft_scroll:267, Sacred Mace卷轴
ancientspellcraft:ancient_spellcraft_scroll:268, Bubble Head卷轴
ancientspellcraft:ancient_spellcraft_scroll:269, Prismatic Spray卷轴
ancientspellcraft:ancient_spellcraft_scroll:270, Covenant卷轴
ancientspellcraft:ancient_spellcraft_scroll:271, Mana Vortex卷轴
ancientspellcraft:ancient_spellcraft_scroll:272, Flint Shard卷轴
ancientspellcraft:ancient_spellcraft_scroll:273, Farsight卷轴
ancientspellcraft:ancient_spellcraft_scroll:274, Crystal Mine卷轴
ancientspellcraft:ancient_spellcraft_scroll:275, Puppet Master卷轴
ancientspellcraft:ancient_spellcraft_scroll:276, Summon Skeleton Horse卷轴
ancientspellcraft:ancient_spellcraft_scroll:277, Horse Whistle卷轴
ancientspellcraft:ancient_spellcraft_scroll:278, Living Comet卷轴
ancientspellcraft:ancient_spellcraft_scroll:279, Suppression卷轴
ancientspellcraft:ancient_spellcraft_scroll:280, Might and Magic卷轴
ancientspellcraft:ancient_spellcraft_scroll:281, Channel Effect卷轴
ancientspellcraft:ancient_spellcraft_scroll:282, Contingency - Fire卷轴
ancientspellcraft:ancient_spellcraft_scroll:283, Contingency - Fall卷轴
ancientspellcraft:ancient_spellcraft_scroll:284, Contingency - Damage卷轴
ancientspellcraft:ancient_spellcraft_scroll:285, Contingency - Critical Health卷轴
ancientspellcraft:ancient_spellcraft_scroll:286, Contingency - Death卷轴
ancientspellcraft:ancient_spellcraft_scroll:287, Contingency - Drowning卷轴
ancientspellcraft:ancient_spellcraft_scroll:288, Contingency - Hostile Spellcast卷轴
ancientspellcraft:ancient_spellcraft_scroll:289, Contingency - Immobility卷轴
ancientspellcraft:ancient_spellcraft_scroll:290, Metamagic - Projectile卷轴
ancientspellcraft:ancient_spellcraft_scroll:291, Wizard Shield卷轴
ancientspellcraft:ancient_spellcraft_scroll:292, Armageddon卷轴
ancientspellcraft:ancient_spellcraft_scroll:293, Fimbulwinter卷轴
ancientspellcraft:ancient_spellcraft_scroll:294, Shrink Self卷轴
ancientspellcraft:ancient_spellcraft_scroll:295, Grow Self卷轴
ancientspellcraft:ancient_spellcraft_scroll:296, Mass Shrink卷轴
ancientspellcraft:ancient_spellcraft_scroll:297, Mass Growth卷轴
ancientspellcraft:ancient_spellcraft_scroll:298, Permashrink卷轴
ancientspellcraft:ancient_spellcraft_scroll:299, Permagrowth卷轴
ancientspellcraft:ancient_spellcraft_scroll:301, Astral Projection卷轴
ancientspellcraft:ancient_spellcraft_scroll:302, Dimensional Anchor卷轴
ancientspellcraft:ancient_spellcraft_scroll:303, Conjure Lesser Sentry卷轴
ancientspellcraft:ancient_spellcraft_scroll:304, Conjure Greater Sentry卷轴
ancientspellcraft:ancient_spellcraft_scroll:305, Fairy Ring卷轴
ancientspellcraft:ancient_spellcraft_scroll:306, Mushroom Forest卷轴
ancientspellcraft:ancient_spellcraft_scroll:307, Quicksand Ring卷轴
ancientspellcraft:ancient_spellcraft_scroll:308, Summon Quicksand卷轴
ancientspellcraft:ancient_spellcraft_scroll:309, Wild Sporeling卷轴
ancientspellcraft:ancient_spellcraft_scroll:310, Sporeling's Aid卷轴
ancientspellcraft:ancient_spellcraft_scroll:311, Weakness卷轴
ancientspellcraft:ancient_spellcraft_scroll:312, Conjure Shovel卷轴
ancientspellcraft:ancient_spellcraft_scroll:313, Ice Cream卷轴
ancientspellcraft:ancient_spellcraft_scroll:314, Burrow卷轴
ancientspellcraft:ancient_spellcraft_scroll:315, Magma Shell卷轴
ancientspellcraft:ancient_spellcraft_scroll:316, Summon Fire Ant卷轴
ancientspellcraft:ancient_spellcraft_scroll:317, Summon Spider卷轴
ancientspellcraft:ancient_spellcraft_scroll:318, Soul Scorch卷轴
ancientspellcraft:ancient_spellcraft_scroll:319, Swamp卷轴
ancientspellcraft:ancient_spellcraft_scroll:320, Magma Wall卷轴
ancientspellcraft:ancient_spellcraft_scroll:321, Molten Earth卷轴
ancientspellcraft:ancient_spellcraft_scroll:322, Animate Item卷轴
ancientspellcraft:ancient_spellcraft_scroll:323, Animate Weapon卷轴
ancientspellcraft:ancient_spellcraft_scroll:324, Spectral Army卷轴
ancientspellcraft:ancient_spellcraft_scroll:325, Wall of Dirt卷轴
ancientspellcraft:ancient_spellcraft_scroll:326, Wind Blast卷轴
ancientspellcraft:ancient_spellcraft_scroll:327, Healing Sigil卷轴
ancientspellcraft:ancient_spellcraft_scroll:328, Cauterize卷轴
ancientspellcraft:ancient_spellcraft_scroll:329, Metabolism Overdrive卷轴
ancientspellcraft:ancient_spellcraft_scroll:357, Turn Undead卷轴
ancientspellcraft:ancient_spellcraft_scroll:358, Reveal Undead卷轴
ancientspellcraft:ancient_spellcraft_scroll:359, Singe卷轴
ancientspellcraft:ancient_spellcraft_scroll:360, Hunger卷轴
ancientspellcraft:ancient_spellcraft_scroll:361, Power Siphon卷轴
ancientspellcraft:ancient_spellcraft_scroll:362, Starve卷轴
ancientspellcraft:ancient_spellcraft_scroll:363, Empowering Link卷轴
ancientspellcraft:ancient_spellcraft_scroll:364, Withdraw Life卷轴
ancientspellcraft:ancient_spellcraft_scroll:365, Beanstalk卷轴
ancientspellcraft:ancient_spellcraft_scroll:366, Conjure Lava卷轴
ancientspellcraft:ancient_spellcraft_scroll:367, Lily Pad卷轴
ancientspellcraft:ancient_spellcraft_scroll:368, Mass Pyrokinesis卷轴
ancientspellcraft:ancient_spellcraft_scroll:369, Fluorescence卷轴
ancientspellcraft:ancient_spellcraft_scroll:370, Spring Charge卷轴
ancientspellcraft:ancient_spellcraft_scroll:371, Master Bolt卷轴
ancientspellcraft:ancient_spellcraft_scroll:372, Lightning Wall卷轴
ancientspellcraft:ancient_spellcraft_scroll:373, Static Dome卷轴
ancientspellcraft:ancient_spellcraft_scroll:374, Electrify卷轴
ancientspellcraft:ancient_spellcraft_scroll:375, Shock Zone卷轴
ancientspellcraft:ancient_spellcraft_scroll:376, Force Strike卷轴
ancientspellcraft:ancient_spellcraft_scroll:377, Corpse Bomb卷轴
ancientspellcraft:ancient_spellcraft_scroll:378, Curse Of Umbra卷轴
ancientspellcraft:ancient_spellcraft_scroll:379, Curse Of Gills卷轴
ancientspellcraft:ancient_spellcraft_scroll:380, Cursed Touch卷轴
ancientspellcraft:ancient_spellcraft_scroll:381, Sufferance卷轴
ancientspellcraft:ancient_spellcraft_scroll:382, Death Mark卷轴
ancientspellcraft:enchanted_name_tag, Biome Tag
ancientspellcraft:wizard_hat_ancient, Ancient Wizard Hat
ancientspellcraft:battlemage_sword_novice, Spell Dagger
ancientspellcraft:battlemage_sword_apprentice, Spell Dirk
ancientspellcraft:battlemage_sword_advanced, Spell Sword
ancientspellcraft:battlemage_sword_master, Spell Blade
ancientspellcraft:battlemage_shield, Runic Shield
ancientspellcraft:runic_hammer, Runic Hammer
ancientspellcraft:devoritium_ingot, Devoritium Ingot
ancientspellcraft:devoritium_nugget, Devoritium Nugget
ancientspellcraft:devoritium_sword, Devoritium Sword
ancientspellcraft:devoritium_axe, Devoritium Axe
ancientspellcraft:devoritium_arrow, Devoritium Arrow
ancientspellcraft:devoritium_bomb, Devoritium Bomb
ancientspellcraft:devoritium_door, Devoritium Door
ancientspellcraft:devoritium_chestplate, Devoritium Chestplate
ancientspellcraft:devoritium_scimitar, The Spellslayer
ancientspellcraft:devoritium_shield, Devoritium Shield
ancientspellcraft:magic_shield, Spellbreaker
ancientspellcraft:ring_poison_arrow, Ring of Poisoning Shots
ancientspellcraft:ring_power, Ring of Power
ancientspellcraft:ring_prismarine, Prismarine Ring
ancientspellcraft:ring_mana_transfer, Ring of Dagorim
ancientspellcraft:ring_mana_lesser, Lesser Ring of Mana
ancientspellcraft:ring_protector, Ring of the Protector
ancientspellcraft:ring_lily_flower, Lily Ring
ancientspellcraft:ring_mana_cost, Crystal Ring
ancientspellcraft:ring_charge, Ring of Charge
ancientspellcraft:ring_solid_air, Solid Air Ring
ancientspellcraft:ring_lodestone, Lodestone Ring
ancientspellcraft:ring_berserker, Ring of The Berserker
ancientspellcraft:ring_blast, Blasting Ring
ancientspellcraft:ring_range, Loop of Reach
ancientspellcraft:ring_duration, Permanence Ring
ancientspellcraft:ring_focus_crystal, Focus Crystal Ring
ancientspellcraft:ring_unbinding, Ring of Unbinding
ancientspellcraft:ring_disenchanter, Ring of the Disenchanter
ancientspellcraft:ring_quicksand, Ring of Mud
ancientspellcraft:ring_mana_greater, Greater Ring of Mana
ancientspellcraft:ring_devotion, Ring of Devotion
ancientspellcraft:ring_withdraw_life, Ring of the Overlord
ancientspellcraft:ring_cloudwalker, Cloudwalker's Ring
ancientspellcraft:ring_spirit_ward, Banished Soul Ring
ancientspellcraft:ring_kinetic, Kinetic Ring
ancientspellcraft:ring_griefing, Ring of Griefing
ancientspellcraft:ring_metamagic_preserve, Ring of Potent Seal
ancientspellcraft:ring_rare_scroll, Seal of the Scrollmaster
ancientspellcraft:ring_absorb_crystal, Ring of Compression
ancientspellcraft:ring_chaos_blast_multitarget, Chaos Gem Ring
ancientspellcraft:ring_of_force, Ring of Force
ancientspellcraft:ring_life_drain, Gravemir's Grimfeast Ring
ancientspellcraft:ring_undeath, Ring of Undeath
ancientspellcraft:ring_eternal_contingency, Ring of Eternal Contingency
ancientspellcraft:ring_shivering, Shivering
ancientspellcraft:ring_permanent_shrinkage, Ring of the Fairies
ancientspellcraft:ring_permanent_growth, Ring of the Colossus
ancientspellcraft:amulet_mana, Crystal Pendant
ancientspellcraft:amulet_rabbit, Rabbit Foot Amulet
ancientspellcraft:amulet_elemental_offense, Socketed Pendant
ancientspellcraft:amulet_poison_resistance, Bezoar Stone Pendant
ancientspellcraft:amulet_power, Amulet of Power
ancientspellcraft:amulet_persistence, Amulet of Persistence
ancientspellcraft:amulet_healing_mushroom, Amber Mushroom Amulet
ancientspellcraft:amulet_shield, Amulet of Shielding
ancientspellcraft:amulet_imbued_marble, Imbued Marble
ancientspellcraft:amulet_oakflesh, Oaken Talisman
ancientspellcraft:amulet_inspiration, Amulet of Inspiration
ancientspellcraft:amulet_domus, Domus Amulet
ancientspellcraft:amulet_searing_skin, Amulet of Searing Skin
ancientspellcraft:amulet_cursed_mirror, Cursed Mirror
ancientspellcraft:amulet_absorb_potion, Amulet of Vile Attunement
ancientspellcraft:amulet_spellbinding, Amulet of Spellbinding
ancientspellcraft:amulet_cursed_pendant, Cursed Pendant
ancientspellcraft:amulet_elemental_defense, Pendant of Elemental Defense
ancientspellcraft:amulet_curse_ward, Curse Ward
ancientspellcraft:amulet_pendant_of_eternity, Pendant of Eternity
ancientspellcraft:amulet_time_knot, Eye of Foresight
ancientspellcraft:amulet_arcane_catalyst, Amulet of Arcane Catalyst
ancientspellcraft:amulet_elemental_aura, Amulet of Elemental Aura
ancientspellcraft:amulet_time_slow, Kairos' Momentous Medallion
ancientspellcraft:charm_mana_flask, Everfull Flask of Mana
ancientspellcraft:charm_ice_cream, Frozen Tome of the Popsicle Prestidigitator
ancientspellcraft:charm_wild_catalyst, Wild Catalyst
ancientspellcraft:charm_sentinel_eye, Sentinel Eye
ancientspellcraft:charm_transcribing_tome, Tome of Transcribing
ancientspellcraft:charm_mana_orb, Tranquil Crystal Orb
ancientspellcraft:charm_seed_bag, Enchanted Seed Bag
ancientspellcraft:charm_wizard_tankard, Wizard's Tankard
ancientspellcraft:charm_enchanted_needle, Enchanted Needle
ancientspellcraft:charm_bucket_coal, Bottomless Coal Bucket
ancientspellcraft:cornucopia, Cornucopia
ancientspellcraft:charm_gold_bag, Everfull Bag of Gold
ancientspellcraft:charm_quicksand_walker, Druid's Boots
ancientspellcraft:charm_magic_light, Phial of The Eternal Flame
ancientspellcraft:charm_burrow, Gaia's Heart
ancientspellcraft:charm_hoarders_orb, Hoarder's Orb
ancientspellcraft:charm_metamagic_amplifier, Metamagic Amplifier
ancientspellcraft:charm_majestic_mana, Majestic Mana Charm
ancientspellcraft:charm_plunderers_mark, Plunderer's Mark
ancientspellcraft:charm_wizard_ale, Keg of Legendary Ale
ancientspellcraft:charm_potion_kit, Potion Kit
ancientspellcraft:charm_crystal_sickle, Crystal Sickle
ancientspellcraft:charm_focus_stone, Focus Stone
ancientspellcraft:artefact_pensive, Pensive
ancientspellcraft:charm_knowledge_orb, Orb of Knowledge
ancientspellcraft:charm_power_orb, Orb of Power
ancientspellcraft:charm_progression_orb, Orb of Progression
ancientspellcraft:charm_suppression_orb, Orb of Suppression
ancientspellcraft:charm_lightning_orb, Orb of the Thundering Skies
ancientspellcraft:charm_ice_orb, Orb of the Fimbulwinter
ancientspellcraft:charm_earth_orb, Orb of Clay
ancientspellcraft:charm_healing_orb, Orb of Radiant Light
ancientspellcraft:charm_necromancy_orb, Orb of Impenetrable Darkness
ancientspellcraft:charm_fire_orb, Orb of Raging Fire
ancientspellcraft:charm_sorcery_orb, Orb of Spectral Quintessence
ancientspellcraft:charm_rift_bottle, Rift in a Bottle
ancientspellcraft:charm_reanimation, Talisman of Necromancy
ancientspellcraft:charm_evergrowing_crystal, Evergrowing Crystal
ancientspellcraft:charm_shadow_blade, Cloak of Shadows
ancientspellcraft:charm_elemental_grimoire, Elemental Grimoire
ancientspellcraft:charm_war_horn, Horn of War
ancientspellcraft:charm_wand_upgrade, Quill of The Master Scribe
ancientspellcraft:charm_cryostasis, Winter's Heart
ancientspellcraft:charm_prismatic_spray, Perun's Prism
ancientspellcraft:charm_runic_hammer, Jeweller's Hammer
ancientspellcraft:charm_fabrikator_toolkit, Fabrikator's Toolkit
ancientspellcraft:charm_scissors, Scissors of the Moirae
ancientspellcraft:charm_philosophers_stone, Philosopher's Stone
ancientspellcraft:charm_omnicron, The Omnicron
ancientspellcraft:charm_cube_phasing, Cube of Phasing
ancientspellcraft:charm_cube_duplication, Idarin's Cube
ancientspellcraft:charm_spectral_army, Seal of the Forgotten Legion
ancientspellcraft:charm_spectral_tome, Spectronomicon
ancientspellcraft:charm_clover, Four-Leaf Clover
ancientspellcraft:charm_stone_tablet, Moon-letter Dictionary
ancientspellcraft:charm_elemental_alkahest, Elemental Alkahest
ancientspellcraft:charm_sage_diary, Ancient Sage Diary
ancientspellcraft:charm_devoritium_magnet, Devoritium Magnet
ancientspellcraft:charm_thousand_anvils, Seal of a Thousand Anvils
ancientspellcraft:charm_dimensional_disk, Dimensional Disc
ancientspellcraft:charm_vault_key, Vault Key
ancientspellcraft:charm_arcane_diffuser, Arcane Diffuser
ancientspellcraft:charm_skeleton_ghosts, Mark of Banished Souls
ancientspellcraft:charm_guardian_blade, Guardian Blade
ancientspellcraft:scepter_mind_control, Scepter of the Overlord
ancientspellcraft:purifying_elixir_recipe, Lost Recipe
ancientspellcraft:large_mana_flask_recipe, Lost Recipe
ancientspellcraft:charm_glyph_illumination, Glyph of Illumination
ancientspellcraft:charm_glyph_leeching, Glyph of Leeching
ancientspellcraft:charm_glyph_antigravity, Glyph of Anti-Gravity
ancientspellcraft:charm_glyph_vitality, Glyph of Vitality
ancientspellcraft:charm_glyph_warden, Glyph of the Warden
ancientspellcraft:charm_glyph_imbuement, Glyph of Alchemy
ancientspellcraft:charm_glyph_shield_disable, Glyph of Unyielding
ancientspellcraft:charm_glyph_fortification, Glyph of Fortification
ancientspellcraft:charm_glyph_might, Glyph of Might
ancientspellcraft:charm_glyph_charge, Glyph of Charge
ancientspellcraft:charm_aura_alacrity, Glyph of Alacrity
ancientspellcraft:charm_aura_hatred, Glyph of Hatred
ancientspellcraft:charm_aura_life, Glyph of Life
ancientspellcraft:charm_aura_purity, Glyph of Purity
ancientspellcraft:charm_aura_warding, Glyph of Warding
ancientspellcraft:charm_aura_wither, Glyph of Death
ancientspellcraft:charm_aura_tenacity, Glyph of Tenacity
ancientspellcraft:charm_aura_defense, Glyph of Defense
ancientspellcraft:charm_aura_vulnerability, Glyph of Vulnerability
ancientspellcraft:tome_controller, Tome Controller
ancientspellcraft:belt_scroll_holder, Golden Scroll Holder
ancientspellcraft:belt_horse, Equestrian Belt
ancientspellcraft:belt_enchanter, Belt of The Enchanter
ancientspellcraft:belt_stone, Belt of Stone
ancientspellcraft:belt_vortex, Belt of Annihilation
ancientspellcraft:belt_spring_charge, Thunder Belt
ancientspellcraft:belt_soul_scorch, Scorching Belt
ancientspellcraft:belt_temporal_anchor, Temporal Anchor Belt
ancientspellcraft:belt_hook, Hook Belt
ancientspellcraft:head_curse, Crown of Corrupted Might
ancientspellcraft:head_merchant, Crown of the Merchant King
ancientspellcraft:head_minions, Circlet of the Overlord
ancientspellcraft:head_riftstone, Riftstone Circlet
ancientspellcraft:head_fortune, Circlet of Fortune
ancientspellcraft:head_shield, Circlet of Shielding
ancientspellcraft:head_magelight, Circlet of Illumination
ancientspellcraft:head_lightning, Crown of the Tempest
ancientspellcraft:head_chaos_magic, Scarlet Crown
ancientspellcraft:stone_tablet_small, Small Stone Tablet
ancientspellcraft:stone_tablet, Stone Tablet
ancientspellcraft:stone_tablet_large, Large Stone Tablet
ancientspellcraft:stone_tablet_grand, Grand Stone Tablet
ancientspellcraft:ancient_mana_flask, Ancient Mana Flask
ancientspellcraft:ancient_bound_stone, Ancient Bound Stone
ancientspellcraft:shadow_blade, Shadow Blade
ancientspellcraft:spectral_fishing_rod, Spectral Fishing Rod
ancientspellcraft:ice_shield, Ice Shield
ancientspellcraft:stone_fist, Stone Fist
ancientspellcraft:advanced_stone_fist, Stone Fist
ancientspellcraft:sacred_mace, Sacred Mace
ancientspellcraft:astral_diamond_shard, Astral Diamond Shard
ancientspellcraft:astral_diamond_charged, Charged Astral Diamond
ancientspellcraft:crystal_shard_fire, Fiery Crystal Shard
ancientspellcraft:crystal_shard_earth, Verdant Crystal Shard
ancientspellcraft:crystal_shard_healing, Radiant Crystal Shard
ancientspellcraft:crystal_shard_ice, Icy Crystal Shard
ancientspellcraft:crystal_shard_lightning, Stormy Crystal Shard
ancientspellcraft:crystal_shard_necromancy, Dark Crystal Shard
ancientspellcraft:crystal_shard_sorcery, Mystical Crystal Shard
ancientspellcraft:battlemage_sword_hilt, Spell Sword Hilt
ancientspellcraft:battlemage_sword_blade, Crystal Silver Blade
ancientspellcraft:crystal_silver_nugget, Crystal Silver Nugget
ancientspellcraft:crystal_silver_ingot, Crystal Silver Ingot
ancientspellcraft:enchanted_filament, Enchanted Filament
ancientspellcraft:enchanted_page, Enchanted Page
ancientspellcraft:ethereal_essence, Ethereal Essence
ancientspellcraft:battlemage_contract, Battlemage Contract
ancientspellcraft:wand_channeling, item.ancientspellcraft:wand_channeling.name
ancientspellcraft:transmutation_scroll, Scroll of Transmutation
ancientspellcraft:bartering_scroll, Scroll of Bartering
ancientspellcraft:knowledge_scroll, Scroll of Knowledge
ancientspellcraft:duplication_scroll, Scroll of Duplication
ancientspellcraft:amnesia_scroll, Scroll of Amnesia
ancientspellcraft:unsealing_scroll, Scroll of Unsealing
ancientspellcraft:imbuement_scroll, Scroll of Imbuement
ancientspellcraft:empty_theory_scroll, Empty Theory Scroll
ancientspellcraft:theory_scroll, Scroll of Theory
ancientspellcraft:blank_rune, Blank Rune
ancientspellcraft:rune_feoh, Feoh Rune
ancientspellcraft:rune_uruz, Uruz Rune
ancientspellcraft:rune_thurisaz, Thurisaz Rune
ancientspellcraft:rune_ansuz, Ansuz Rune
ancientspellcraft:rune_raido, Raido Rune
ancientspellcraft:rune_kaunan, Kaunan Rune
ancientspellcraft:rune_gyfu, Gyfu Rune
ancientspellcraft:rune_wynn, Wynn Rune
ancientspellcraft:rune_haglaz, Haglaz Rune
ancientspellcraft:rune_naudiz, Naudiz Rune
ancientspellcraft:rune_isaz, Isaz Rune
ancientspellcraft:rune_jera, Jera Rune
ancientspellcraft:rune_ihwaz, Ihwaz Rune
ancientspellcraft:rune_peorth, Peorth Rune
ancientspellcraft:rune_algiz, Algiz Rune
ancientspellcraft:rune_sowilo, Sowilo Rune
ancientspellcraft:rune_tiwaz, Tiwaz Rune
ancientspellcraft:rune_berkanan, Berkanan Rune
ancientspellcraft:rune_ehwaz, Ehwaz Rune
ancientspellcraft:rune_mannaz, Mannaz Rune
ancientspellcraft:rune_laguz, Laguz Rune
ancientspellcraft:rune_yngvi, Yngvi Rune
ancientspellcraft:rune_odal, Odal Rune
ancientspellcraft:rune_dagaz, Dagaz Rune
ancientspellcraft:ritual_book:0, Ritual Book
ancientspellcraft:ritual_book:0, Ritual Book
ancientspellcraft:ritual_book:0, Ritual Book
ancientspellcraft:ritual_book:0, Ritual Book
ancientspellcraft:ritual_book:0, Ritual Book
ancientspellcraft:ritual_book:0, Ritual Book
ancientspellcraft:ritual_book:0, Ritual Book
ancientspellcraft:arcane_compound, Arcane Compound
ancientspellcraft:soulbound_upgrade, Wand Soulbinding Upgrade
ancientspellcraft:sentience_upgrade, Sage Tome Sentience Upgrade
ancientspellcraft:empowerment_upgrade, Class Weapon Empowerment Upgrade
ancientspellcraft:spectral_shovel, Spectral Shovel
ancientspellcraft:ice_cream, Ice Cream
ancientspellcraft:alchemical_essence, Essence
ancientspellcraft:runic_plate:330, Runic Plate
ancientspellcraft:runic_plate:331, Runic Plate
ancientspellcraft:runic_plate:332, Runic Plate
ancientspellcraft:runic_plate:333, Runic Plate
ancientspellcraft:runic_plate:334, Runic Plate
ancientspellcraft:runic_plate:335, Runic Plate
ancientspellcraft:runic_plate:336, Runic Plate
ancientspellcraft:runic_plate:337, Runic Plate
ancientspellcraft:runic_plate:338, Runic Plate
ancientspellcraft:runic_plate:339, Runic Plate
ancientspellcraft:runic_plate:340, Runic Plate
ancientspellcraft:runic_plate:341, Runic Plate
ancientspellcraft:runic_plate:342, Runic Plate
ancientspellcraft:runic_plate:343, Runic Plate
ancientspellcraft:runic_plate:344, Runic Plate
ancientspellcraft:runic_plate:345, Runic Plate
ancientspellcraft:runic_plate:346, Runic Plate
ancientspellcraft:runic_plate:347, Runic Plate
ancientspellcraft:runic_plate:348, Runic Plate
ancientspellcraft:runic_plate:349, Runic Plate
ancientspellcraft:runic_plate:350, Runic Plate
ancientspellcraft:runic_plate:351, Runic Plate
ancientspellcraft:runic_plate:352, Runic Plate
ancientspellcraft:runic_plate:353, Runic Plate
ancientspellcraft:runic_plate:354, Runic Plate
ancientspellcraft:runic_plate:355, Runic Plate
ancientspellcraft:runic_plate:356, Runic Plate
ancientspellcraft:mystic_spell_book:383, Mystic Spell Book
ancientspellcraft:mystic_spell_book:384, Mystic Spell Book
ancientspellcraft:mystic_spell_book:385, Mystic Spell Book
ancientspellcraft:mystic_spell_book:386, Mystic Spell Book
ancientspellcraft:mystic_spell_book:387, Mystic Spell Book
ancientspellcraft:mystic_spell_book:388, Mystic Spell Book
ancientspellcraft:mystic_spell_book:389, Mystic Spell Book
ancientspellcraft:mystic_spell_book:390, Mystic Spell Book
ancientspellcraft:mystic_spell_book:391, Mystic Spell Book
ancientspellcraft:mystic_spell_book:392, Mystic Spell Book
ancientspellcraft:mystic_spell_book:393, Mystic Spell Book
ancientspellcraft:mystic_spell_book:394, Mystic Spell Book
ancientspellcraft:mystic_spell_book:395, Mystic Spell Book
ancientspellcraft:mystic_spell_book:396, Mystic Spell Book
ancientspellcraft:mystic_spell_book:397, Mystic Spell Book
ancientspellcraft:mystic_spell_book:398, Mystic Spell Book
ancientspellcraft:mystic_spell_book:399, Mystic Spell Book
ancientspellcraft:mystic_spell_book:400, Mystic Spell Book
ancientspellcraft:mystic_spell_book:401, Mystic Spell Book
ancientspellcraft:mystic_spell_book:402, Mystic Spell Book
ancientspellcraft:mystic_spell_book:403, Mystic Spell Book
ancientspellcraft:mystic_spell_book:404, Mystic Spell Book
ancientspellcraft:mystic_spell_book:405, Mystic Spell Book
ancientspellcraft:mystic_spell_book:406, Mystic Spell Book
ancientspellcraft:mystic_spell_book:407, Mystic Spell Book
ancientspellcraft:mystic_spell_book:408, Mystic Spell Book
ancientspellcraft:mystic_spell_book:409, Mystic Spell Book
ancientspellcraft:mystic_spell_book:410, Mystic Spell Book
ancientspellcraft:mystic_spell_book:411, Mystic Spell Book
ancientspellcraft:mystic_spell_book:412, Mystic Spell Book
ancientspellcraft:mystic_spell_book:413, Mystic Spell Book
ancientspellcraft:mystic_spell_book:414, Mystic Spell Book
ancientspellcraft:mystic_spell_book:415, Mystic Spell Book
ancientspellcraft:mystic_spell_book:416, Mystic Spell Book
ancientspellcraft:empty_mystic_spell_book, Empty Mystic Spell Book
ancientspellcraft:forbidden_tome:417, Forbidden Tome
ancientspellcraft:forbidden_tome:418, Forbidden Tome
ancientspellcraft:forbidden_tome:419, Forbidden Tome
ancientspellcraft:forbidden_tome:420, Forbidden Tome
ancientspellcraft:forbidden_tome:421, Forbidden Tome
ancientspellcraft:forbidden_tome:422, Forbidden Tome
ancientspellcraft:forbidden_tome:423, Forbidden Tome
ancientspellcraft:forbidden_tome:424, Forbidden Tome
ancientspellcraft:forbidden_tome:425, Forbidden Tome
ancientspellcraft:forbidden_tome:426, Forbidden Tome
ancientspellcraft:forbidden_tome:427, Forbidden Tome
ancientspellcraft:forbidden_tome:428, Forbidden Tome
ancientspellcraft:forbidden_tome:429, Forbidden Tome
ancientspellcraft:forbidden_tome:430, Forbidden Tome
ancientspellcraft:forbidden_tome:431, Forbidden Tome
ancientspellcraft:forbidden_tome:432, Forbidden Tome
ancientspellcraft:forbidden_tome:433, Forbidden Tome
ancientspellcraft:body_power_gem, Gem of Power
immersiveintelligence:material:0, 高级真空管
immersiveintelligence:material:1, 基础电子元件
immersiveintelligence:material:2, 未加工基础电路板
immersiveintelligence:material:3, 蚀刻基础电路板
immersiveintelligence:material:4, 高级电子元件
immersiveintelligence:material:5, 未加工高级电路板
immersiveintelligence:material:6, 蚀刻高级电路板
immersiveintelligence:material:7, 高级电路板
immersiveintelligence:material:8, 晶体管
immersiveintelligence:material:9, 处理器
immersiveintelligence:material:10, 未加工处理器电路板
immersiveintelligence:material:11, 蚀刻处理器电路板
immersiveintelligence:material:12, 处理器电路板
immersiveintelligence:material:13, 紧凑电子引擎
immersiveintelligence:material:14, 高级紧凑电子引擎
immersiveintelligence:material:15, 空的打点纸带
immersiveintelligence:material:16, RDX炸药粉
immersiveintelligence:material:17, HMX炸药粉
immersiveintelligence:material:18, 白磷
immersiveintelligence:material:19, 盐
immersiveintelligence:material:20, 碳刷
immersiveintelligence:material:22, 锯屑
immersiveintelligence:material:23, 甲醛粉
immersiveintelligence:material:24, 六胺粉
immersiveintelligence:material:25, 木浆
immersiveintelligence:material:26, 处理过的木浆
immersiveintelligence:material:27, 人造革
immersiveintelligence:material:28, 天然橡胶
immersiveintelligence:material:29, 橡胶带
immersiveintelligence:material:30, 橡胶轮胎
immersiveintelligence:material:31, 硫化混合橡胶
immersiveintelligence:material:33, 密码学电路板
immersiveintelligence:material:34, 铁质枪管
immersiveintelligence:material:35, 精密枪管
immersiveintelligence:material:36, 木制枪托
immersiveintelligence:material:37, 木制护木
immersiveintelligence:material:38, 栓动枪机
immersiveintelligence:material:39, 自动枪机
immersiveintelligence:material:40, 沙袋
immersiveintelligence:material:41, Antenna
immersiveintelligence:material:42, High-Frequency Antenna
immersiveintelligence:material:43, Camera
immersiveintelligence:material:44, Improved Camera
immersiveintelligence:material:45, Targeting Device
immersiveintelligence:material:46, High-Precision Targeting Device
immersiveintelligence:material:47, Lens
immersiveintelligence:material:48, Infrared Lens
immersiveintelligence:material_ingot:0, 高级电子合金锭
immersiveintelligence:material_ingot:1, 黄铜锭
immersiveintelligence:material_ingot:2, 铂锭
immersiveintelligence:material_ingot:3, 钨锭
immersiveintelligence:material_ingot:4, 锌锭
immersiveintelligence:material_ingot:5, 磁铁
immersiveintelligence:material_ingot:6, 硅锭
immersiveintelligence:material_ingot:7, 硬化铝合金锭
immersiveintelligence:material_plate:0, 高级电子合金板
immersiveintelligence:material_plate:1, 黄铜板
immersiveintelligence:material_plate:2, 铂板
immersiveintelligence:material_plate:3, 钨板
immersiveintelligence:material_plate:4, 锌板
immersiveintelligence:material_plate:5, 硅晶圆
immersiveintelligence:material_plate:6, 天然橡胶片
immersiveintelligence:material_plate:7, 硬化铝合金板
immersiveintelligence:material_rod:0, 黄铜棒
immersiveintelligence:material_rod:1, 钨棒
immersiveintelligence:material_rod:2, 锌棒
immersiveintelligence:material_rod:3, 铂棒
immersiveintelligence:material_rod:4, 硬化铝合金棒
immersiveintelligence:material_dust:0, 高级电子合金粉
immersiveintelligence:material_dust:1, 黄铜粉
immersiveintelligence:material_dust:2, 铂粉
immersiveintelligence:material_dust:3, 钨粉
immersiveintelligence:material_dust:4, 锌粉
immersiveintelligence:material_dust:5, 硅粉
immersiveintelligence:material_dust:6, 氟石粉
immersiveintelligence:material_dust:7, 石英粉
immersiveintelligence:material_dust:8, 脏石英粉
immersiveintelligence:material_dust:9, 磷粉
immersiveintelligence:material_dust:10, 硬化铝合金粉
immersiveintelligence:material_nugget:0, 高级电子合金粒
immersiveintelligence:material_nugget:1, 黄铜粒
immersiveintelligence:material_nugget:2, 铂粒
immersiveintelligence:material_nugget:3, 钨粒
immersiveintelligence:material_nugget:4, 锌粒
immersiveintelligence:material_nugget:5, 硅粒
immersiveintelligence:material_nugget:6, 硬化铝合金粒
immersiveintelligence:material_wire:0, 钨线
immersiveintelligence:material_wire:1, 黄铜线缆
immersiveintelligence:material_spring:0, 黄铜弹簧
immersiveintelligence:material_spring:1, 铁质弹簧
immersiveintelligence:material_spring:2, 钢制弹簧
immersiveintelligence:material_gem:0, 下界氟石
immersiveintelligence:material_gem:1, 下界磷
immersiveintelligence:material_boule:0, 硅块
immersiveintelligence:press_mold:0, 金属冲压模具: 炮弹外壳
immersiveintelligence:press_mold:1, 金属冲压模具：轻型榴弹炮壳体
immersiveintelligence:press_mold:2, 金属冲压模具:迫击炮弹壳
immersiveintelligence:press_mold:3, 金属冲压模具:机炮弹壳
immersiveintelligence:press_mold:4, 金属冲压模具: 机枪弹壳
immersiveintelligence:press_mold:5, 金属冲压模具:突击步枪弹壳
immersiveintelligence:press_mold:6, 金属冲压模具: 冲锋枪弹壳
immersiveintelligence:press_mold:7, 金属冲压模具:水雷壳体
immersiveintelligence:press_mold:8, 金属冲压模具:绊雷壳体
immersiveintelligence:press_mold:9, 金属冲压模具:地雷壳体
immersiveintelligence:press_mold:10, Metal Press Mold: Medium Artillery Shell Casing
immersiveintelligence:press_mold:11, Metal Press Mold: Light Gun Shell Casing
immersiveintelligence:press_mold:12, Metal Press Mold: Shotgun Shell Casing
immersiveintelligence:vulcanizer_mold:0, 硫化机模具:皮带
immersiveintelligence:vulcanizer_mold:1, 硫化机模具:轮胎
immersiveintelligence:circuit_functional:0, 算术电路板
immersiveintelligence:circuit_functional:1, 高级算术电路板
immersiveintelligence:circuit_functional:2, 逻辑电路板
immersiveintelligence:circuit_functional:3, 比较电路板
immersiveintelligence:circuit_functional:4, 高级逻辑电路板
immersiveintelligence:circuit_functional:5, 文本处理电路板
immersiveintelligence:circuit_functional:6, 物品堆栈电路板
immersiveintelligence:circuit_functional:7, 阵列运算电路
immersiveintelligence:circuit_functional:8, 实体处理电路
immersiveintelligence:circuit_functional:9, 文档处理电路
immersiveintelligence:circuit_functional:10, 类型转换电路
immersiveintelligence:circuit_functional:11, 流体堆栈处理电路
immersiveintelligence:circuit_functional:12, 地图处理电路
immersiveintelligence:circuit_functional:13, 矢量运算电路
immersiveintelligence:circuit_functional:14, 密码电路
immersiveintelligence:motor_belt:0, 皮质传动带
immersiveintelligence:motor_belt:1, 钢制传动带
immersiveintelligence:motor_belt:2, 橡胶皮带
immersiveintelligence:motor_gear:0, 铜质齿轮
immersiveintelligence:motor_gear:1, 黄铜齿轮
immersiveintelligence:motor_gear:2, 铁质齿轮
immersiveintelligence:motor_gear:3, 钢质齿轮
immersiveintelligence:motor_gear:4, 钨质齿轮
immersiveintelligence:ammo_casing:0, 榴弹炮弹壳
immersiveintelligence:ammo_casing:1, 迫击炮弹壳
immersiveintelligence:ammo_casing:2, 轻型火炮弹壳
immersiveintelligence:ammo_casing:3, 机炮弹壳
immersiveintelligence:ammo_casing:4, 机枪弹壳
immersiveintelligence:ammo_casing:5, 突击步枪弹壳
immersiveintelligence:ammo_casing:6, 冲锋枪弹壳
immersiveintelligence:ammo_casing:7, 水雷壳体
immersiveintelligence:ammo_casing:8, 绊雷壳体
immersiveintelligence:ammo_casing:9, 地雷壳体
immersiveintelligence:ammo_casing:10, 无线电挎包
immersiveintelligence:ammo_casing:11, Medium Artillery Shell Casing
immersiveintelligence:ammo_casing:12, Light Gun Shell Casing
immersiveintelligence:ammo_casing:13, Rocket Casing
immersiveintelligence:ammo_casing:14, Heavy Rocket Casing
immersiveintelligence:ammo_casing:15, Wire Guided Missile Casing
immersiveintelligence:bullet_magazine:0, 机枪弹匣
immersiveintelligence:bullet_magazine:1, 冲锋枪弹匣
immersiveintelligence:bullet_magazine:2, 步枪弹匣
immersiveintelligence:bullet_magazine:3, 冲锋枪弹鼓
immersiveintelligence:bullet_magazine:4, 突击步枪弹匣
immersiveintelligence:bullet_magazine:5, 机炮弹匣
immersiveintelligence:bullet_magazine:6, CPDS弹鼓
immersiveintelligence:casing_pouch, 废弃包装袋
immersiveintelligence:skycrate_mount:0, 索道载架
immersiveintelligence:skycrate_mount:1, 电动索道载架
immersiveintelligence:lighter, 工程师打火机
immersiveintelligence:electric_hammer, 工程师电动锤
immersiveintelligence:electric_wrench, 电扳手
immersiveintelligence:electric_wirecutter, 工程师电动钳
immersiveintelligence:wrench, 工程师扳手
immersiveintelligence:trench_shovel, 土木铲
immersiveintelligence:tripod_periscope, 三脚架潜望镜
immersiveintelligence:mine_detector, 地雷探测器
immersiveintelligence:drillhead:0, 钨质钻头
immersiveintelligence:drillhead:1, 镶钻铁质钻头
immersiveintelligence:drillhead:2, 镶钻钢质钻头
immersiveintelligence:drillhead:3, 镶钻钨质钻头
immersiveintelligence:tachometer, 工程师转速计
immersiveintelligence:data_wire, 数据线圈
immersiveintelligence:small_wirecoil:0, 小型红石线圈
immersiveintelligence:small_wirecoil:1, 小型数据线圈
immersiveintelligence:trip_wire, 绊线线圈
immersiveintelligence:minecart:0, 带木质储存箱的矿车
immersiveintelligence:minecart:1, 带加固储存箱的矿车
immersiveintelligence:minecart:2, 带钢质储存箱的矿车
immersiveintelligence:minecart:3, 带木桶的矿车
immersiveintelligence:minecart:4, 带金属桶的矿车
immersiveintelligence:minecart:5, 低压电容器矿车
immersiveintelligence:minecart:6, 中压电容器矿车
immersiveintelligence:minecart:7, 高压电容器矿车
immersiveintelligence:minecart:8, 创造电容器矿车
immersiveintelligence:minecart:9, 创造储存箱矿车
immersiveintelligence:minecart:10, 创造储存桶矿车
immersiveintelligence:minecart:11, 钢桶矿车
immersiveintelligence:minecart:12, 开放式金属桶矿车
immersiveintelligence:radio_configurator:0, 基础无线电调谐器
immersiveintelligence:radio_configurator:1, 高级无线电调谐器
immersiveintelligence:measuring_cup, 工程师量杯
immersiveintelligence:precission_tool:0, 精密圆锯
immersiveintelligence:precission_tool:1, 精密钻头
immersiveintelligence:precission_tool:2, 精密插件机
immersiveintelligence:precission_tool:3, 精密焊锡机
immersiveintelligence:precission_tool:4, 精密焊接机
immersiveintelligence:precission_tool:5, 精密锤
immersiveintelligence:assembly_scheme, 装配方案
immersiveintelligence:sawblade:0, 铁质锯片
immersiveintelligence:sawblade:1, 钢质锯片
immersiveintelligence:sawblade:2, 钨质锯片
immersiveintelligence:binoculars:0, 双筒望远镜
immersiveintelligence:binoculars:1, 红外望远镜
immersiveintelligence:machinegun, 机枪
immersiveintelligence:submachinegun, 冲锋枪
immersiveintelligence:assault_rifle, 风暴来复枪
immersiveintelligence:rifle, 步枪
immersiveintelligence:mortar, 迫击炮
immersiveintelligence:weapon_upgrade:0, 重型枪管
immersiveintelligence:weapon_upgrade:1, 水冷枪管
immersiveintelligence:weapon_upgrade:2, 带式装弹机
immersiveintelligence:weapon_upgrade:3, 副弹匣
immersiveintelligence:weapon_upgrade:4, 临时双脚架
immersiveintelligence:weapon_upgrade:5, 精密双脚架
immersiveintelligence:weapon_upgrade:6, 瞄准镜
immersiveintelligence:weapon_upgrade:7, 红外瞄准镜
immersiveintelligence:weapon_upgrade:8, 机枪盾
immersiveintelligence:weapon_upgrade:9, 三脚架
immersiveintelligence:weapon_upgrade:10, 重型枪管
immersiveintelligence:weapon_upgrade:11, 消音器
immersiveintelligence:weapon_upgrade:12, 底部装弹器
immersiveintelligence:weapon_upgrade:13, 折叠式枪托
immersiveintelligence:weapon_upgrade:14, 枪榴弹发射器
immersiveintelligence:weapon_upgrade:15, 立体测距仪
immersiveintelligence:weapon_upgrade:16, 陀螺仪稳定器
immersiveintelligence:weapon_upgrade:17, 火控电机
immersiveintelligence:weapon_upgrade:18, 磁轨炮伺服腔
immersiveintelligence:weapon_upgrade:19, 半自动枪机
immersiveintelligence:weapon_upgrade:20, 加长枪管
immersiveintelligence:light_engineer_armor_helmet, 工程师轻型头盔
immersiveintelligence:light_engineer_armor_chestplate, 工程师轻型胸甲
immersiveintelligence:light_engineer_armor_leggings, 工程师轻型护腿
immersiveintelligence:light_engineer_armor_boots, 工程师轻型靴子
immersiveintelligence:armor_upgrade:0, 防毒面具
immersiveintelligence:armor_upgrade:1, 渗透者面罩
immersiveintelligence:armor_upgrade:2, 技师面罩
immersiveintelligence:armor_upgrade:3, 工程师面罩
immersiveintelligence:armor_upgrade:4, 钢质装甲板
immersiveintelligence:armor_upgrade:5, 复合装甲板
immersiveintelligence:armor_upgrade:6, 防化覆层
immersiveintelligence:armor_upgrade:7, 耐热覆层
immersiveintelligence:armor_upgrade:8, 绝缘伪装层
immersiveintelligence:armor_upgrade:9, 伪装层
immersiveintelligence:armor_upgrade:10, 红外伪装层
immersiveintelligence:armor_upgrade:11, 压缩气罐
immersiveintelligence:armor_upgrade:13, 外骨骼
immersiveintelligence:armor_upgrade:14, 靴子加强件
immersiveintelligence:armor_upgrade:15, 雪拍
immersiveintelligence:armor_upgrade:16, 脚蹼
immersiveintelligence:armor_upgrade:17, 内置弹簧
immersiveintelligence:advanced_powerpack, 改良电容背包
immersiveintelligence:punchtape, 打点纸带
immersiveintelligence:printed_page:0, 空白纸页
immersiveintelligence:printed_page:1, 印制文本纸页
immersiveintelligence:printed_page:2, 印制代码纸页
immersiveintelligence:printed_page:3, 印制结构方案
immersiveintelligence:printed_page:4, 装订页
immersiveintelligence:printed_page:5, 报纸
immersiveintelligence:printed_page:6, 书册
immersiveintelligence:printed_page:7, 信
immersiveintelligence:tracer_powder:0, 示踪剂
immersiveintelligence:tracer_powder:1, 闪光粉
immersiveintelligence:rubber_log:0, 橡胶木
immersiveintelligence:rubber_log:1, 乳胶提取孔
immersiveintelligence:rubber_log:2, 剥皮的乳胶提取点
immersiveintelligence:rubber_leaves:0, 橡胶树叶
immersiveintelligence:rubber_sapling:0, 橡胶树苗
immersiveintelligence:charred_log:0, 烧焦的原木
immersiveintelligence:ore:0, 铂矿
immersiveintelligence:ore:1, 锌矿
immersiveintelligence:ore:2, 钨矿
immersiveintelligence:ore:3, 盐矿
immersiveintelligence:ore:4, 下界氟石矿
immersiveintelligence:ore:5, 下界磷矿
immersiveintelligence:sheetmetal:0, 铂板方块
immersiveintelligence:sheetmetal:1, 锌板方块
immersiveintelligence:sheetmetal:2, 钨板方块
immersiveintelligence:sheetmetal:3, 黄铜板方块
immersiveintelligence:sheetmetal:4, 硬化铝合金板块
immersiveintelligence:storage:0, 铂块
immersiveintelligence:storage:1, 锌块
immersiveintelligence:storage:2, 钨块
immersiveintelligence:storage:3, 黄铜块
immersiveintelligence:storage:4, 硬化铝合金块
immersiveintelligence:sheetmetal_slab:0, 铂板方块台阶
immersiveintelligence:sheetmetal_slab:1, 锌板方块台阶
immersiveintelligence:sheetmetal_slab:2, 钨板方块台阶
immersiveintelligence:sheetmetal_slab:3, 黄铜板方块台阶
immersiveintelligence:sheetmetal_slab:4, 硬化铝合金板台阶
immersiveintelligence:storage_slab:0, 铂块台阶
immersiveintelligence:storage_slab:1, 锌块台阶
immersiveintelligence:storage_slab:2, 钨块台阶
immersiveintelligence:storage_slab:3, 黄铜块台阶
immersiveintelligence:storage_slab:4, 硬化铝合金台阶
immersiveintelligence:stone_decoration:0, 沙包
immersiveintelligence:cloth_decoration:0, 麻绳线块
immersiveintelligence:cloth_decoration:1, 皮质传动带圈
immersiveintelligence:cloth_decoration:2, 橡胶皮带块
immersiveintelligence:metal_decoration:0, 数据线圈
immersiveintelligence:metal_decoration:1, 电子工程块
immersiveintelligence:metal_decoration:2, 高级电子工程块
immersiveintelligence:metal_decoration:3, 机械工程块
immersiveintelligence:metal_decoration:4, 重型机械工程块
immersiveintelligence:metal_decoration:5, 钢质传动带圈
immersiveintelligence:metal_decoration:6, 计算机工程块
immersiveintelligence:concrete_decoration:0, 混凝土砖
immersiveintelligence:concrete_decoration:1, 强化混凝土砖
immersiveintelligence:concrete_decoration:2, 德三蜜汁混凝土砖
immersiveintelligence:concrete_decoration_slab:0, 混凝土台阶
immersiveintelligence:concrete_decoration_slab:1, 强化混凝土台阶
immersiveintelligence:concrete_decoration_slab:2, 德三蜜汁混凝土台阶
immersiveintelligence:concrete_decoration_stairs_concrete_bricks, 混凝土楼梯
immersiveintelligence:concrete_decoration_stairs_sturdy_concrete_bricks, 强化混凝土楼梯
immersiveintelligence:concrete_decoration_stairs_uberconcrete, 德三蜜汁混凝土楼梯
immersiveintelligence:metal_fortification:0, 钢链栅栏
immersiveintelligence:metal_fortification:1, 黄铜链栅栏
immersiveintelligence:metal_fortification:2, 硬化铝合金链栅栏
immersiveintelligence:wooden_fortification:0, 木钢复合链状栅栏
immersiveintelligence:wooden_fortification:1, 木黄铜复合链状栅栏
immersiveintelligence:metal_fortification1:0, 捷克刺猬
immersiveintelligence:metal_device:0, 钢质储存箱
immersiveintelligence:metal_device:1, 弹药箱
immersiveintelligence:metal_device:2, 小型数据缓冲器
immersiveintelligence:metal_device:3, 定时缓冲器
immersiveintelligence:metal_device:4, 红石缓冲器
immersiveintelligence:metal_device:5, 打孔纸带读取器
immersiveintelligence:metal_device:6, 数据路由器
immersiveintelligence:metal_device:7, 数据合并器
immersiveintelligence:metal_device:8, 医疗箱
immersiveintelligence:metal_device:9, 维修工具箱
immersiveintelligence:metal_device:10, 乳胶收集器
immersiveintelligence:metal_device1:0, 二氧化碳过滤器
immersiveintelligence:metal_device1:1, tile.immersiveintelligence.metal_device1.newspaper_stand.name
immersiveintelligence:metal_device1:2, tile.immersiveintelligence.metal_device1.vending_machine.name
immersiveintelligence:metal_device1:3, tile.immersiveintelligence.metal_device1.typewriter_table.name
immersiveintelligence:metal_device1:4, tile.immersiveintelligence.metal_device1.cashier_table.name
immersiveintelligence:metal_device1:5, tile.immersiveintelligence.metal_device1.planning_table.name
immersiveintelligence:metal_device1:6, tile.immersiveintelligence.metal_device1.remote_control_table.name
immersiveintelligence:data_connector:0, 数据接线器
immersiveintelligence:data_connector:1, 数据中继器
immersiveintelligence:data_connector:2, 警报器
immersiveintelligence:data_connector:3, 物品抓取机械臂
immersiveintelligence:data_connector:4, 流体输入器
immersiveintelligence:data_connector:5, 高级抓取机械臂
immersiveintelligence:data_connector:6, 高级流体输入器
immersiveintelligence:data_connector:7, 化学喷洒机
immersiveintelligence:data_connector:8, 可编程扬声器
immersiveintelligence:data_connector:9, 数据调试器
immersiveintelligence:data_connector:10, 数据双工连接器
immersiveintelligence:small_crate:0, 小型木制储存箱 (盒状)
immersiveintelligence:small_crate:1, 小型木制储存箱 (块状)
immersiveintelligence:small_crate:2, 小型木制储存箱 (扁状)
immersiveintelligence:small_crate:3, 小型金属储存箱 (盒状)
immersiveintelligence:small_crate:4, 小型金属储存箱 (块状)
immersiveintelligence:small_crate:5, 小型金属储存箱 (扁状)
immersiveintelligence:small_crate:6, 小型强化储存箱(盒状)
immersiveintelligence:small_crate:7, 小型强化储存箱(块状)
immersiveintelligence:small_crate:8, 小型强化储存箱(扁状)
immersiveintelligence:mine_sign:0, 地雷警示标识
immersiveintelligence:tripmine:0, 绊雷
immersiveintelligence:tripmine:1, 绊雷战斗部
immersiveintelligence:tellermine:0, 地雷
immersiveintelligence:tellermine:1, 地雷战斗部
immersiveintelligence:radio_explosives:0, 无线电遥控爆炸装置
immersiveintelligence:radio_explosives:1, 无线电遥控爆炸装置核心
immersiveintelligence:tripwire_connector:0, 绊雷链接器
immersiveintelligence:mechanical_device:0, 木制变速箱
immersiveintelligence:mechanical_device:1, 创造变速箱
immersiveintelligence:mechanical_device1:0, 机械泵
immersiveintelligence:gearbox:0, 木制齿轮箱
immersiveintelligence:mechanical_connector:0, Iron Wheel
immersiveintelligence:mechanical_connector:1, 钢质传动轮
researchtable:table, 研究台
oldresearch:researchnote:0, 研究笔记
oldresearch:research_table_old, 研究台
teslacorelib:gear_stone, 石齿轮
embers:block_caminite_brick_slab, 方镁矾台阶
embers:ashen_stone_slab, 灰石台阶
embers:ashen_brick_slab, 灰石砖台阶
embers:ashen_tile_slab, 灰石瓷砖台阶
embers:ingot_copper, 铜锭
embers:ingot_lead, 铅锭
embers:ingot_silver, 银锭
embers:ingot_dawnstone, 黎明石锭
embers:nugget_copper, 铜粒
embers:nugget_lead, 铅粒
embers:nugget_silver, 银Nugget
embers:nugget_dawnstone, 黎明石粒
embers:plate_copper, 铜板
embers:plate_lead, 铅板
embers:plate_silver, 银板
embers:plate_dawnstone, 黎明石板
embers:plate_iron, 铁板
embers:plate_gold, 金板
embers:brick_caminite, 方镁矾砖
embers:blend_caminite, 方镁矾混合物
embers:plate_caminite, 方镁矾板
embers:plate_caminite_raw, 生方镁矾板
embers:tinker_hammer, 铁匠锤
embers:stamp_bar, 锭模具
embers:stamp_flat, 平模具
embers:stamp_plate, 板模具
embers:stamp_gear, 齿轮模具
embers:stamp_bar_raw, 未烧制的锭模具
embers:stamp_flat_raw, 未烧制的平模具
embers:stamp_plate_raw, 未烧制的板模具
embers:stamp_gear_raw, 未烧制的齿轮模具
embers:ember_detector, 大气能量测量表
embers:dust_ember, 灰烬沙砾
embers:shard_ember, 灰烬晶体碎片
embers:crystal_ember, 灰烬晶体
embers:pickaxe_copper, 铜镐
embers:axe_copper, 铜斧
embers:shovel_copper, 铜锹
embers:hoe_copper, 铜锄
embers:sword_copper, 铜剑
embers:pickaxe_silver, 银镐
embers:axe_silver, 银斧
embers:shovel_silver, 银锹
embers:hoe_silver, 银锄
embers:sword_silver, 银剑
embers:pickaxe_lead, 铅镐
embers:axe_lead, 铅斧
embers:shovel_lead, 铅锹
embers:hoe_lead, 铅锄
embers:sword_lead, 铅剑
embers:pickaxe_dawnstone, 黎明石镐
embers:axe_dawnstone, 黎明石斧
embers:shovel_dawnstone, 黎明石锹
embers:hoe_dawnstone, 黎明石锄
embers:sword_dawnstone, 黎明石剑
embers:ember_jar:0, 地幔小型能量罐
embers:ember_jar:0, 地幔小型能量罐
embers:ember_cartridge:0, 地幔大型能量筒
embers:ember_cartridge:0, 地幔大型能量筒
embers:ignition_cannon, 灼热射线枪
embers:staff_ember, 焚毁之杖
embers:axe_clockwork, 发条战斧
embers:pickaxe_clockwork, 发条镐
embers:grandhammer, 灰烬大锤
embers:dust_ash, 灰烬
embers:aspectus_iron, 铁之元素象征
embers:aspectus_copper, 铜之元素象征
embers:aspectus_lead, 铅之元素象征
embers:aspectus_silver, 银之元素象征
embers:aspectus_dawnstone, 黎明石之元素象征
embers:alchemic_waste, 炼金失败物
embers:ashen_cloak_head, 灰烬护目镜
embers:ashen_cloak_chest, 灰烬斗篷
embers:ashen_cloak_legs, 灰烬绑腿
embers:ashen_cloak_boots, 灰烬长筒靴
embers:inflictor_gem, 惩罚者宝石
embers:glimmer_shard, 微光水晶
embers:glimmer_lamp, 微光水晶灯
embers:ashen_cloth, 灰烬布匹
embers:archaic_brick, 古代砖块
embers:ancient_motive_core, 太古动力核心
embers:isolated_materia, 万用修复要素
embers:tyrfing, 提尔锋
embers:adhesive, 胶粘剂
embers:ember_cluster, 灰烬水晶簇
embers:wildfire_core, 野火核心
embers:codex, 古代法典
embers:superheater, 热炙器
embers:jet_augment, 煤渣喷气机
embers:blasting_core, 爆破核心
embers:caster_orb, 法师法球
embers:resonating_bell, 共鸣之铃
embers:flame_barrier, 烈焰屏障
embers:eldritch_insignia, 恐怖徽章
embers:intelligent_apparatus, 智械机关
embers:archaic_circuit, 太古电路
embers:dust_metallurgic, 冶金粉尘
embers:diffraction_barrel, 散射枪管
embers:focal_lens, 聚焦镜片
embers:tinker_lens, 工匠单片眼镜
embers:anti_tinker_lens, 烟熏的工匠单片眼镜
embers:shifting_scales, 蠕动鳞片
embers:winding_gears, 发条齿轮
embers:spark_plug, 火花塞
embers:golems_eye, 太古之眼
embers:ingot_aluminum, 再生铝锭
embers:plate_aluminum, 铝板
embers:nugget_aluminum, 铝粒
embers:pickaxe_aluminum, 铝镐
embers:axe_aluminum, 铝斧
embers:shovel_aluminum, 铝锹
embers:sword_aluminum, 铝剑
embers:hoe_aluminum, 铝锄
embers:ingot_bronze, 青铜锭
embers:plate_bronze, 青铜板
embers:nugget_bronze, 青铜粒
embers:pickaxe_bronze, 青铜镐
embers:axe_bronze, 青铜斧
embers:shovel_bronze, 青铜锹
embers:sword_bronze, 青铜剑
embers:hoe_bronze, 青铜锄
embers:ingot_electrum, 琥珀金锭
embers:plate_electrum, 琥珀金板
embers:nugget_electrum, 琥珀金粒
embers:pickaxe_electrum, 琥珀金镐
embers:axe_electrum, 琥珀金斧
embers:shovel_electrum, 琥珀金锹
embers:sword_electrum, 琥珀金剑
embers:hoe_electrum, 琥珀金锄
embers:ingot_nickel, 镍锭
embers:plate_nickel, 镍板
embers:nugget_nickel, 镍粒
embers:pickaxe_nickel, 镍镐
embers:axe_nickel, 镍斧
embers:shovel_nickel, 镍锹
embers:sword_nickel, 镍剑
embers:hoe_nickel, 镍锄
embers:ingot_tin, 再生锡锭
embers:plate_tin, 锡板
embers:nugget_tin, 锡粒
embers:pickaxe_tin, 锡镐
embers:axe_tin, 锡斧
embers:shovel_tin, 锡锹
embers:sword_tin, 锡剑
embers:hoe_tin, 锡锄
embers:ember_ring, 余烬之戒
embers:ember_belt, 余烬腰带
embers:ember_amulet, 余烬护身符
embers:ember_bulb:0, 地幔能量灯泡
embers:ember_bulb:0, 地幔能量灯泡
embers:dawnstone_mail, 黎明石甲胄
embers:ashen_amulet, 灰烬护身符
embers:nonbeliever_amulet, 邪教徒护身符
embers:explosion_charm, 炸裂吊坠
embers:block_copper, 铜块
embers:block_lead, 铅块
embers:block_silver, 银块
embers:block_dawnstone, 黎明石块
embers:ore_copper, 铜矿石
embers:ore_lead, 铅矿石
embers:ore_silver, 银矿石
embers:block_caminite_brick, 方镁矾砖块
embers:block_caminite_brick_slab_double, 方镁矾双层台阶
embers:stairs_caminite_brick, 方镁矾砖楼梯
embers:wall_caminite_brick, 方镁矾砖墙
embers:block_tank, 流体储罐
embers:pipe, 污染物导管
embers:pump, 污染物泵
embers:block_furnace, 熔炼炉
embers:ember_receiver, 灰烬能量接收器
embers:ember_emitter, 灰烬能量发射器
embers:copper_cell:0, 铜质灰烬能量单元
embers:copper_cell:0, 铜质灰烬能量单元
embers:item_pipe, 物品管道
embers:item_pump, 物品提取泵管道
embers:bin, 垃圾桶
embers:stamper, 压印锤
embers:stamper_base, 压印基座
embers:ember_bore, 灰烬晶体开采机
embers:mech_accessor, 机械核心连接器
embers:mech_core, 机械核心
embers:ember_activator, 灰烬能量催化器
embers:stone_edge, 方镁矾圈墙
embers:mixer, 搅拌机[WIP]
embers:heat_coil, 线圈炉
embers:item_dropper, 物品投掷口
embers:fluid_dropper, 流体倾出口
embers:large_tank, 蓄水池
embers:ember_gauge, 灰烬能量计量表
embers:fluid_gauge, 流体计量表
embers:block_lantern, 灰烬灯笼
embers:beam_splitter, 红石光束分路器
embers:ember_relay, 灰烬能量中继器
embers:crystal_cell, 晶胞灰烬能量单元
embers:charger, 电池充电器
embers:ashen_stone, 灰石
embers:ashen_stone_slab_double, 灰石双层台阶
embers:stairs_ashen_stone, 灰石楼梯
embers:wall_ashen_stone, 灰石墙
embers:ashen_brick, 灰石砖
embers:ashen_brick_slab_double, 灰石砖双层台阶
embers:stairs_ashen_brick, 灰石砖楼梯
embers:wall_ashen_brick, 灰石砖墙
embers:ashen_tile, 灰石瓷砖
embers:ashen_tile_slab_double, 灰石瓷砖双层台阶
embers:stairs_ashen_tile, 灰石瓷砖楼梯
embers:wall_ashen_tile, 灰石瓷砖墙
embers:cinder_plinth, 灰烬炉
embers:alchemy_pedestal, 炼金术基座
embers:alchemy_tablet, 炼金台
embers:item_transfer, 物品传输过滤器
embers:beam_cannon, 光束炮
embers:archaic_bricks, 古代砖
embers:archaic_edge, 古代镶边砖
embers:archaic_tile, 古代瓦块
embers:archaic_light, 古代灯笼
embers:dawnstone_anvil, 黎明石砧
embers:auto_hammer, 自动锤
embers:ore_quartz, 石英矿石
embers:sealed_planks, 密封板
embers:wrapped_sealed_planks, 加固密封板
embers:vacuum, 虚空吸取器
embers:breaker, 工具销毁机
embers:ember_injector, 灰烬能量灌注器
embers:boiler, 锅炉
embers:reactor, 反应器
embers:combustor, 燃烧室
embers:catalyzer, 催化室
embers:field_chart, 能量波峰地形显示器
embers:ember_pulser, 灰烬能量喷发器
embers:inferno_forge, 炼狱锻造炉
embers:caminite_lever, 方镁矾拉杆
embers:creative_ember_source, 创造模式无限灰烬能量源
embers:mechanical_pump, 机械泵
embers:catalytic_plug, 催化剂插头
embers:ember_funnel, 灰烬能量漏斗
embers:mini_boiler, 微型锅炉
embers:reaction_chamber, 反应锅炉
embers:fluid_transfer, 流体传输过滤器
embers:ember_siphon, 灰烬能量虹吸器
embers:stirling, 野火斯特林
embers:clockwork_attenuator, 发条阻尼器
embers:seed_iron, 铁质结晶之种
embers:seed_gold, 金质结晶之种
embers:seed_copper, 铜质结晶之种
embers:seed_silver, 银质结晶之种
embers:seed_lead, 铅质结晶之种
embers:seed_dawnstone, 黎明石质结晶之种
embers:stone_valve, 方镁矾阀门圈墙
embers:geo_separator, 地质分离器
embers:item_request, 物品请求器
embers:ember_pipe, 不稳定灰烬能量导管
embers:turret, tile.turret.name
embers:block_aluminum, 铝块
embers:ore_aluminum, 铝矿石
embers:seed_aluminum, 铝质结晶之种
embers:block_bronze, 青铜块
embers:block_electrum, 琥珀金块
embers:block_nickel, 镍块
embers:ore_nickel, 镍矿石
embers:seed_nickel, 镍质结晶之种
embers:block_tin, 锡块
embers:ore_tin, 锡矿
embers:seed_tin, 锡质结晶之种
embers:explosion_pedestal, 炸裂吊坠基座
botania_tweaks:compressed_tiny_potato_1, 微型土豆
botania_tweaks:compressed_tiny_potato_2, 小型土豆
botania_tweaks:compressed_tiny_potato_3, 中型土豆
botania_tweaks:compressed_tiny_potato_4, 巨型土豆
botania_tweaks:compressed_tiny_potato_5, 超级巨大土豆
botania_tweaks:compressed_tiny_potato_6, 更加超级巨大土豆
botania_tweaks:compressed_tiny_potato_7, 非常超级巨大土豆
botania_tweaks:compressed_tiny_potato_8, 极限超级巨大土豆
botania_tweaks:potted_tiny_potato, 小 土-豆（花盆pot-日均产量tato？）
botania_tweaks:dire_crafty_crate, 极限机巧箱
botania_tweaks:basic_extended_crafty_crate, 扩展机巧箱[基础]
botania_tweaks:advanced_extended_crafty_crate, 扩展机巧箱[进阶]
botania_tweaks:elite_extended_crafty_crate, 扩展机巧箱[精英]
botania_tweaks:ultimate_extended_crafty_crate, 扩展机巧箱[终极]
buildcraftcore:spring:0, 水泉
buildcraftcore:spring:1, 油泉
buildcraftcore:decorated:0, tile.decorated.destroy.name
buildcraftcore:decorated:1, 蓝图（装饰）
buildcraftcore:decorated:2, 模板（装饰）
buildcraftcore:decorated:3, tile.decorated.paper.name
buildcraftcore:decorated:4, tile.decorated.leather.name
buildcraftcore:decorated:5, 激光（装饰）
buildcraftcore:marker_volume, 地标
buildcraftcore:marker_path, 路径标
buildcraftcore:engine:0, 红石引擎
buildcraftcore:engine:1, 斯特林引擎
buildcraftcore:engine:2, 燃油引擎
buildcraftcore:engine:3, 创造模式引擎
buildcraftcore:wrench, 扳手
buildcraftcore:gear_wood, 木齿轮
buildcraftcore:gear_stone, 石齿轮
buildcraftcore:gear_iron, 铁齿轮
buildcraftcore:gear_gold, 金齿轮
buildcraftcore:gear_diamond, 钻石齿轮
buildcraftcore:paintbrush:64, 颜料刷
buildcraftcore:paintbrush:0, §z§0§f白色§r 颜料刷
buildcraftcore:paintbrush:0, §z§1§6橙色§r 颜料刷
buildcraftcore:paintbrush:0, §z§2§d品红色§r 颜料刷
buildcraftcore:paintbrush:0, §z§3§b淡蓝色§r 颜料刷
buildcraftcore:paintbrush:0, §z§4§e黄色§r 颜料刷
buildcraftcore:paintbrush:0, §z§5§a黄绿色§r 颜料刷
buildcraftcore:paintbrush:0, §z§6§d粉红色§r 颜料刷
buildcraftcore:paintbrush:0, §z§7§7灰色§r 颜料刷
buildcraftcore:paintbrush:0, §z§8§7淡灰色§r 颜料刷
buildcraftcore:paintbrush:0, §z§9§3青色§r 颜料刷
buildcraftcore:paintbrush:0, §z§a§d紫色§r 颜料刷
buildcraftcore:paintbrush:0, §9§9蓝色§r 颜料刷
buildcraftcore:paintbrush:0, §z§c§6棕色§r 颜料刷
buildcraftcore:paintbrush:0, §z§d§a绿色§r 颜料刷
buildcraftcore:paintbrush:0, §z§e§c红色§r 颜料刷
buildcraftcore:paintbrush:0, §0§7黑色§r 颜料刷
buildcraftcore:list, 列表
buildcraftcore:map_location:0, 定位图纸
buildcraftcore:marker_connector, 标记连接器
buildcraftcore:volume_box, item.volume_box.name
buildcraftcore:fragile_fluid_shard, 易碎的 %s 碎片
buildcraftenergy:glob_of_oil, item.globOil.name
ae2fc:fluid_discretizer, ME流体离散器
ae2fc:fluid_pattern_encoder, 流体适配型样板编码台
ae2fc:fluid_packet_decoder, ME流体封包解码器
ae2fc:ingredient_buffer, 原材料缓存仓
ae2fc:large_ingredient_buffer, 大型原材料缓存仓
ae2fc:burette, 精准滴定器
ae2fc:dual_interface, ME二合一接口
ae2fc:fluid_level_maintainer, ME通用缓存指令器
ae2fc:fluid_assembler, ME流体装配室
ae2fc:ultimate_encoder, ME终极编码台
ae2fc:fluid_drop, %s液滴
ae2fc:fluid_packet, 流体封包
ae2fc:dense_encoded_pattern, 编码样板
ae2fc:dense_craft_encoded_pattern, 编码样板
ae2fc:part_dual_interface, ME二合一接口
ae2fc:part_fluid_pattern_terminal, ME流体样板终端
ae2fc:part_fluid_pattern_ex_terminal, ME增广流体样板终端
ae2fc:large_item_encoded_pattern, 编码样板
ae2fc:wireless_fluid_pattern_terminal, 无线流体样板终端
theoneprobe:probe, T.O.P.检测器
theoneprobe:creativeprobe, 创造模式检测器
theoneprobe:probenote, The One Probe 阅读指南
theoneprobe:diamond_helmet_probe:0, 带检测器的钻石头盔
theoneprobe:gold_helmet_probe:0, 带检测器的金头盔
theoneprobe:iron_helmet_probe:0, 带检测器的铁头盔
theoneprobe:probe_goggles, 检测器（饰品）
astralsorcery:itemcraftingcomponent:0, 海蓝宝石
astralsorcery:itemcraftingcomponent:1, 星辉锭
astralsorcery:itemcraftingcomponent:2, 星尘
astralsorcery:itemcraftingcomponent:3, 玻璃透镜
astralsorcery:itemcraftingcomponent:4, 共振宝石
astralsorcery:itemcraftingcomponent:5, 羊皮纸
astralsorcery:itemconstellationpaper:0, 星图
astralsorcery:itemconstellationpaper:0, 星图
astralsorcery:itemconstellationpaper:0, 星图
astralsorcery:itemconstellationpaper:0, 星图
astralsorcery:itemconstellationpaper:0, 星图
astralsorcery:itemconstellationpaper:0, 星图
astralsorcery:itemconstellationpaper:0, 星图
astralsorcery:itemconstellationpaper:0, 星图
astralsorcery:itemconstellationpaper:0, 星图
astralsorcery:itemconstellationpaper:0, 星图
astralsorcery:itemconstellationpaper:0, 星图
astralsorcery:itemconstellationpaper:0, 星图
astralsorcery:itemconstellationpaper:0, 星图
astralsorcery:itemconstellationpaper:0, 星图
astralsorcery:itemconstellationpaper:0, 星图
astralsorcery:itemconstellationpaper:0, 星图
astralsorcery:itemconstellationpaper:0, 星图
astralsorcery:iteminfusedglass, 注星玻璃
astralsorcery:itemrockcrystalsimple:0, 水晶石
astralsorcery:itemtunedrockcrystal:0, 共鸣水晶石
astralsorcery:itemtunedrockcrystal:0, 共鸣水晶石
astralsorcery:itemtunedrockcrystal:0, 共鸣水晶石
astralsorcery:itemtunedrockcrystal:0, 共鸣水晶石
astralsorcery:itemtunedrockcrystal:0, 共鸣水晶石
astralsorcery:itemtunedrockcrystal:0, 共鸣水晶石
astralsorcery:itemtunedrockcrystal:0, 共鸣水晶石
astralsorcery:itemtunedrockcrystal:0, 共鸣水晶石
astralsorcery:itemtunedrockcrystal:0, 共鸣水晶石
astralsorcery:itemtunedrockcrystal:0, 共鸣水晶石
astralsorcery:itemtunedrockcrystal:0, 共鸣水晶石
astralsorcery:itemtunedrockcrystal:0, 共鸣水晶石
astralsorcery:itemcelestialcrystal:0, 天辉水晶石
astralsorcery:itemtunedcelestialcrystal:0, 共鸣天辉水晶石
astralsorcery:itemtunedcelestialcrystal:0, 共鸣天辉水晶石
astralsorcery:itemtunedcelestialcrystal:0, 共鸣天辉水晶石
astralsorcery:itemtunedcelestialcrystal:0, 共鸣天辉水晶石
astralsorcery:itemtunedcelestialcrystal:0, 共鸣天辉水晶石
astralsorcery:itemtunedcelestialcrystal:0, 共鸣天辉水晶石
astralsorcery:itemtunedcelestialcrystal:0, 共鸣天辉水晶石
astralsorcery:itemtunedcelestialcrystal:0, 共鸣天辉水晶石
astralsorcery:itemtunedcelestialcrystal:0, 共鸣天辉水晶石
astralsorcery:itemtunedcelestialcrystal:0, 共鸣天辉水晶石
astralsorcery:itemtunedcelestialcrystal:0, 共鸣天辉水晶石
astralsorcery:itemtunedcelestialcrystal:0, 共鸣天辉水晶石
astralsorcery:itemjournal, 星芒宝典
astralsorcery:itemhandtelescope, 望远镜
astralsorcery:itemlinkingtool, 链接器
astralsorcery:itemwand, 共振星杖
astralsorcery:itemsextant, 六分仪
astralsorcery:itemilluminationwand, 辉光星杖
astralsorcery:itemcoloredlens:0, 彩色透镜
astralsorcery:itemcoloredlens:1, 彩色透镜
astralsorcery:itemcoloredlens:2, 彩色透镜
astralsorcery:itemcoloredlens:3, 彩色透镜
astralsorcery:itemcoloredlens:4, 彩色透镜
astralsorcery:itemcoloredlens:5, 彩色透镜
astralsorcery:itemcoloredlens:6, 彩色透镜
astralsorcery:itemskyresonator, 汇星共振器
astralsorcery:itemshiftingstar, 更替之星
astralsorcery:itemarchitectwand, 排列星杖
astralsorcery:itemexchangewand, 更替星杖
astralsorcery:itemgrapplewand, 冲击星杖
astralsorcery:itemusabledust:0, 辉光粉
astralsorcery:itemusabledust:1, 暗夜粉
astralsorcery:itemknowledgeshare, 知识共享卷轴
astralsorcery:itemperkseal, 封禁印章
astralsorcery:itemknowledgefragment, 微光卷轴
astralsorcery:itemfragmentcapsule, 闪光星核
astralsorcery:itemperkgem:0, 天空宝石
astralsorcery:itemperkgem:1, 烈阳宝石
astralsorcery:itemperkgem:2, 皎月宝石
astralsorcery:itemcrystalpickaxe, 水晶石镐
astralsorcery:itemcrystalshovel, 水晶石锹
astralsorcery:itemcrystalaxe, 水晶石斧
astralsorcery:itemcrystalsword, 水晶石剑
astralsorcery:itemchargedcrystalaxe, 充能水晶石斧
astralsorcery:itemchargedcrystalsword, 充能水晶石剑
astralsorcery:itemchargedcrystalpickaxe, 充能水晶石镐
astralsorcery:itemchargedcrystalshovel, 充能水晶石锹
astralsorcery:itemcape, 星斗披风
astralsorcery:itemenchantmentamulet, 璀璨棱镜
astralsorcery:blockmarblestairs, 大理石楼梯
astralsorcery:blockflarelight, 不稳定耀斑
astralsorcery:blockvanishing, tile.blockvanishing.name
astralsorcery:blockchalice, 纳星圣杯
astralsorcery:blockbore, 万象泉
astralsorcery:blockattunementaltar, 共鸣祭坛
astralsorcery:blockattunementrelay, 星辉转继器
astralsorcery:blockwell, 聚星缸
astralsorcery:blockworldilluminator, 洞穴照明器
astralsorcery:blockfaketree, 
astralsorcery:blockstarlightinfuser, 星能注入器
astralsorcery:blockrituallink, 仪式锚
astralsorcery:blockportalnode, 
astralsorcery:blocktreebeacon, 树木信标
astralsorcery:blocktranslucentblock, 半透明方块
astralsorcery:blockmapdrawingtable, 群星映射台
astralsorcery:blockcelestialgateway, 天辉星门
astralsorcery:blockobservatory, 观星台
astralsorcery:blocklens, 透镜
astralsorcery:blockprism, 棱镜
astralsorcery:blockmarbleslab:0, 大理石台阶
astralsorcery:blockcustomore:0, 水晶石矿石
astralsorcery:blockcustomore:1, 星辉矿石
astralsorcery:blockcustomsandore:0, 海蓝宝石砂岩
astralsorcery:blockcustomflower:0, 微光苋
astralsorcery:blockmarble:0, 大理石
astralsorcery:blockmarble:1, 大理石砖
astralsorcery:blockmarble:2, 大理石柱
astralsorcery:blockmarble:3, 大理石横梁
astralsorcery:blockmarble:4, 錾制大理石
astralsorcery:blockmarble:5, 凹面大理石
astralsorcery:blockmarble:6, 精致大理石柱
astralsorcery:blockblackmarble:0, 炭黑大理石
astralsorcery:blockblackmarble:1, 炭黑大理石砖
astralsorcery:blockblackmarble:2, 炭黑大理石柱
astralsorcery:blockblackmarble:3, 炭黑大理石横梁
astralsorcery:blockblackmarble:4, 錾制炭黑大理石
astralsorcery:blockblackmarble:5, 凹面炭黑大理石
astralsorcery:blockblackmarble:6, 精致炭黑大理石
astralsorcery:blockinfusedwood:0, 注星木
astralsorcery:blockinfusedwood:1, 注星木板
astralsorcery:blockinfusedwood:2, 注星木柱
astralsorcery:blockinfusedwood:3, 注星木横梁
astralsorcery:blockinfusedwood:4, 凹面注星木
astralsorcery:blockinfusedwood:5, 刻纹注星木
astralsorcery:blockinfusedwood:6, 抛光注星木
astralsorcery:blockborehead:0, 纳耳狂曼引口
astralsorcery:blockborehead:1, 费萨利德引口
astralsorcery:blockmachine:0, 天文望远镜
astralsorcery:blockmachine:1, 砂轮
astralsorcery:blockcelestialcrystals:0, 天辉水晶簇
astralsorcery:blockcelestialcrystals:1, 天辉水晶簇
astralsorcery:blockcelestialcrystals:2, 天辉水晶簇
astralsorcery:blockcelestialcrystals:3, 天辉水晶簇
astralsorcery:blockcelestialcrystals:4, 天辉水晶簇
astralsorcery:blockgemcrystals:0, 宝石水晶簇
astralsorcery:blockgemcrystals:1, 宝石水晶簇
astralsorcery:blockgemcrystals:2, 宝石水晶簇
astralsorcery:blockgemcrystals:3, 宝石水晶簇
astralsorcery:blockgemcrystals:4, 宝石水晶簇
astralsorcery:blockstructural:0, 天文望远镜
astralsorcery:blockritualpedestal, 仪式基座
astralsorcery:blockaltar:0, 星辉合成台
astralsorcery:blockaltar:1, 星辉祭坛
astralsorcery:blockaltar:2, 天辉祭坛
astralsorcery:blockaltar:3, 五彩祭坛
astralsorcery:blockcollectorcrystal:0, 浮动水晶
astralsorcery:blockcollectorcrystal:0, 浮动水晶
astralsorcery:blockcollectorcrystal:0, 浮动水晶
astralsorcery:blockcollectorcrystal:0, 浮动水晶
astralsorcery:blockcollectorcrystal:0, 浮动水晶
astralsorcery:blockcollectorcrystal:0, 浮动水晶
astralsorcery:blockcollectorcrystal:0, 浮动水晶
astralsorcery:blockcollectorcrystal:0, 浮动水晶
astralsorcery:blockcollectorcrystal:0, 浮动水晶
astralsorcery:blockcollectorcrystal:0, 浮动水晶
astralsorcery:blockcollectorcrystal:0, 浮动水晶
astralsorcery:blockcollectorcrystal:0, 浮动水晶
astralsorcery:blockcelestialcollectorcrystal:0, 浮动水晶
astralsorcery:blockcelestialcollectorcrystal:0, 浮动水晶
astralsorcery:blockcelestialcollectorcrystal:0, 浮动水晶
astralsorcery:blockcelestialcollectorcrystal:0, 浮动水晶
astralsorcery:blockcelestialcollectorcrystal:0, 浮动水晶
astralsorcery:blockcelestialcollectorcrystal:0, 浮动水晶
astralsorcery:blockcelestialcollectorcrystal:0, 浮动水晶
astralsorcery:blockcelestialcollectorcrystal:0, 浮动水晶
astralsorcery:blockcelestialcollectorcrystal:0, 浮动水晶
astralsorcery:blockcelestialcollectorcrystal:0, 浮动水晶
astralsorcery:blockcelestialcollectorcrystal:0, 浮动水晶
astralsorcery:blockcelestialcollectorcrystal:0, 浮动水晶
avaritiaddons:extreme_auto_crafter:0, 梦魇工作台
avaritiaddons:avaritiaddons_chest:0, 压缩箱子
avaritiaddons:avaritiaddons_chest:1, 无尽箱子
avaritiaddons:infinity_compressor, tile.infinity_compressor.name
avaritiaddons:infinity_glass, 无尽玻璃
avaritiatweaks:enhancement_crystal, 增幅水晶
avaritiatweaks:gaia_block, 盖亚块
avaritiatweaks:infinitato, 无尽小土豆
base:wrench, 扳手
buildcraftbuilders:snapshot:2, 蓝图
buildcraftbuilders:snapshot:0, 模版
buildcraftbuilders:schematic_single:0, 单方块结构
buildcraftbuilders:filler_planner, 铺设规划器
buildcraftbuilders:filler, 填充机
buildcraftbuilders:builder, 建筑机器人
buildcraftbuilders:architect, 建筑工作台
buildcraftbuilders:library, 电子档案馆
buildcraftbuilders:replacer, tile.replacerBlock.name
buildcraftbuilders:frame, 框架
buildcraftbuilders:quarry, 采石场
buildcrafttransport:pipe_structure:0, 圆石建筑管道
buildcrafttransport:pipe_wood_item:0, 木物品管道
buildcrafttransport:pipe_cobble_item:0, 圆石物品管道
buildcrafttransport:pipe_stone_item:0, 石物品管道
buildcrafttransport:pipe_quartz_item:0, 石英物品管道
buildcrafttransport:pipe_iron_item:0, 铁物品管道
buildcrafttransport:pipe_gold_item:0, 金物品管道
buildcrafttransport:pipe_clay_item:0, 粘土物品管道
buildcrafttransport:pipe_sandstone_item:0, 砂岩物品管道
buildcrafttransport:pipe_void_item:0, 虚空物品管道
buildcrafttransport:pipe_obsidian_item:0, 黑曜石物品管道
buildcrafttransport:pipe_diamond_item:0, 钻石物品管道
buildcrafttransport:pipe_diamond_wood_item:0, 绿宝石物品管道
buildcrafttransport:pipe_lapis_item:0, 青金石物品管道
buildcrafttransport:pipe_daizuli_item:0, 靛金刚物品管道
buildcrafttransport:pipe_emzuli_item:0, 靛翡翠物品管道
buildcrafttransport:pipe_stripes_item:0, 条纹管道
buildcrafttransport:pipe_wood_fluid:0, 木流体管道
buildcrafttransport:pipe_cobble_fluid:0, 圆石流体管道
buildcrafttransport:pipe_stone_fluid:0, 石头流体管道
buildcrafttransport:pipe_quartz_fluid:0, 石英流体管道
buildcrafttransport:pipe_gold_fluid:0, 金流体管道
buildcrafttransport:pipe_iron_fluid:0, 铁流体管道
buildcrafttransport:pipe_clay_fluid:0, 粘土流体管道
buildcrafttransport:pipe_sandstone_fluid:0, 砂岩流体管道
buildcrafttransport:pipe_void_fluid:0, 虚空流体管道
buildcrafttransport:pipe_diamond_fluid:0, 钻石流体管道
buildcrafttransport:pipe_diamond_wood_fluid:0, 绿宝石流体管道
buildcrafttransport:pipe_wood_power:0, 木能量管道
buildcrafttransport:pipe_cobble_power:0, 圆石能量管道
buildcrafttransport:pipe_stone_power:0, 石能量管道
buildcrafttransport:pipe_quartz_power:0, 石英能量管道
buildcrafttransport:pipe_gold_power:0, 金能量管道
buildcrafttransport:pipe_sandstone_power:0, 砂岩能量管道
buildcraftcompat:pipe_item_propolis:0, 养蜂员管道
buildcrafttransport:filtered_buffer, 过滤缓存器
buildcrafttransport:waterproof, 管道密封剂
buildcrafttransport:plug_blocker, 管塞
buildcrafttransport:plug_power_adaptor, 能量接收器
buildcrafttransport:wire:0, §z§0§f白色§r 管线
buildcrafttransport:wire:1, §z§1§6橙色§r 管线
buildcrafttransport:wire:2, §z§2§d品红色§r 管线
buildcrafttransport:wire:3, §z§3§b淡蓝色§r 管线
buildcrafttransport:wire:4, §z§4§e黄色§r 管线
buildcrafttransport:wire:5, §z§5§a黄绿色§r 管线
buildcrafttransport:wire:6, §z§6§d粉红色§r 管线
buildcrafttransport:wire:7, §z§7§7灰色§r 管线
buildcrafttransport:wire:8, §z§8§7淡灰色§r 管线
buildcrafttransport:wire:9, §z§9§3青色§r 管线
buildcrafttransport:wire:10, §z§a§d紫色§r 管线
buildcrafttransport:wire:11, §9§9蓝色§r 管线
buildcrafttransport:wire:12, §z§c§6棕色§r 管线
buildcrafttransport:wire:13, §z§d§a绿色§r 管线
buildcrafttransport:wire:14, §z§e§c红色§r 管线
buildcrafttransport:wire:15, §0§7黑色§r 管线
buildcraftsilicon:laser, 镭射器
buildcraftsilicon:assembly_table, 装配台
buildcraftsilicon:advanced_crafting_table, 高级工作台
buildcraftsilicon:integration_table, 集成台
buildcraftsilicon:redstone_chipset:0, 红石芯片
buildcraftsilicon:redstone_chipset:1, 铁芯片
buildcraftsilicon:redstone_chipset:2, 金芯片
buildcraftsilicon:redstone_chipset:3, 石英芯片
buildcraftsilicon:redstone_chipset:4, 钻石芯片
buildcraftsilicon:gate_copier, 门设拷贝器
buildcraftsilicon:plug_gate, item.gate.name
buildcraftsilicon:plug_lens:0, §0§7黑色§r 透镜
buildcraftsilicon:plug_lens:1, §z§e§c红色§r 透镜
buildcraftsilicon:plug_lens:2, §z§d§a绿色§r 透镜
buildcraftsilicon:plug_lens:3, §z§c§6棕色§r 透镜
buildcraftsilicon:plug_lens:4, §9§9蓝色§r 透镜
buildcraftsilicon:plug_lens:5, §z§a§d紫色§r 透镜
buildcraftsilicon:plug_lens:6, §z§9§3青色§r 透镜
buildcraftsilicon:plug_lens:7, §z§8§7淡灰色§r 透镜
buildcraftsilicon:plug_lens:8, §z§7§7灰色§r 透镜
buildcraftsilicon:plug_lens:9, §z§6§d粉红色§r 透镜
buildcraftsilicon:plug_lens:10, §z§5§a黄绿色§r 透镜
buildcraftsilicon:plug_lens:11, §z§4§e黄色§r 透镜
buildcraftsilicon:plug_lens:12, §z§3§b淡蓝色§r 透镜
buildcraftsilicon:plug_lens:13, §z§2§d品红色§r 透镜
buildcraftsilicon:plug_lens:14, §z§1§6橙色§r 透镜
buildcraftsilicon:plug_lens:15, §z§0§f白色§r 透镜
buildcraftsilicon:plug_lens:16, §0§7黑色§r 滤镜
buildcraftsilicon:plug_lens:17, §z§e§c红色§r 滤镜
buildcraftsilicon:plug_lens:18, §z§d§a绿色§r 滤镜
buildcraftsilicon:plug_lens:19, §z§c§6棕色§r 滤镜
buildcraftsilicon:plug_lens:20, §9§9蓝色§r 滤镜
buildcraftsilicon:plug_lens:21, §z§a§d紫色§r 滤镜
buildcraftsilicon:plug_lens:22, §z§9§3青色§r 滤镜
buildcraftsilicon:plug_lens:23, §z§8§7淡灰色§r 滤镜
buildcraftsilicon:plug_lens:24, §z§7§7灰色§r 滤镜
buildcraftsilicon:plug_lens:25, §z§6§d粉红色§r 滤镜
buildcraftsilicon:plug_lens:26, §z§5§a黄绿色§r 滤镜
buildcraftsilicon:plug_lens:27, §z§4§e黄色§r 滤镜
buildcraftsilicon:plug_lens:28, §z§3§b淡蓝色§r 滤镜
buildcraftsilicon:plug_lens:29, §z§2§d品红色§r 滤镜
buildcraftsilicon:plug_lens:30, §z§1§6橙色§r 滤镜
buildcraftsilicon:plug_lens:31, §z§0§f白色§r 滤镜
buildcraftsilicon:plug_lens:32, 澄清 透镜
buildcraftsilicon:plug_lens:33, 澄清 滤镜
buildcraftsilicon:plug_pulsar, 管道脉冲器
buildcraftsilicon:plug_light_sensor, 光传感器
buildcraftfactory:autoworkbench_item, 自动合成台
buildcraftfactory:mining_well, 矿井
buildcraftfactory:pump, 液泵机器人
buildcraftfactory:flood_gate, 液闸
buildcraftfactory:tank, 储罐
buildcraftfactory:chute, 料斗
buildcraftfactory:distiller, 蒸馏器
buildcraftfactory:heat_exchange, 热交换器
buildcraftfactory:water_gel_spawn, 水胶化剂
buildcraftfactory:gel, 胶凝水
buildcraftrobotics:zone_planner, 区域规划
contenttweaker:xinghui_block:0, 星辉块
contenttweaker:star_coil:0, 恒星合金线圈
contenttweaker:infinity_coil:0, 无尽线圈
contenttweaker:dragon_coil:0, 觉醒龙线圈
contenttweaker:electrum_flux:0, §e红石琥珀金块
contenttweaker:memory_matrix:0, #50eaff-ff66ff-ff6633计算矩阵
contenttweaker:haipozhen_coil:0, 海珀珍线圈
contenttweaker:youzi_leaf:0, 柚子树叶
contenttweaker:youzi_charged_leaf:0, 充能柚子树叶
contenttweaker:oil_plate, 生物质基片
contenttweaker:life_core, 仿生生命核心
contenttweaker:jiban_moju, 一次性基片注模
contenttweaker:fenge_huizhang_unstable, 未激活的分割徽章
contenttweaker:fenge_huizhang, 分割徽章
contenttweaker:mobiwusi_ingot, 莫比乌斯“稳定/不稳定”锭
contenttweaker:weini_huizhang, 伪逆徽章
contenttweaker:infinity_guolv, #50eaff-ff66ff-ff6633中子约束-无尽滤网§r
contenttweaker:star_ingot, #50eaff-ff66ff-ff6633星光锭§r
contenttweaker:infinity_dianluban, #50eaff-ff66ff-ff6633无尽电路板§r
contenttweaker:ingot_electrum_flux, §e红石琥珀金锭
contenttweaker:nugget_electrum_flux, §e红石琥珀金粒
contenttweaker:crystal_dust, §b水晶石粉
contenttweaker:cir_blue, §b蓝色电路板  
contenttweaker:cir_green, §b绿色电路板  
contenttweaker:cir_red, §b红色电路板  
contenttweaker:cir_white, §b白色电路板  
contenttweaker:cir_gray, §b灰色电路板  
contenttweaker:cir_yellow, §b黄色电路板  
contenttweaker:cir_magenta, §b品红色电路板  
contenttweaker:cir_lime, §b黄绿色电路板  
contenttweaker:cir_black, §b黑色电路板  
contenttweaker:cir_brown, §b棕色电路板  
contenttweaker:cir_cyan, §b青色电路板  
contenttweaker:cir_purple, §b紫色电路板  
contenttweaker:cir_light_blue, §b淡蓝色电路板  
contenttweaker:cir_light_gray, §b淡灰色电路板  
contenttweaker:cir_pink, §b粉红色电路板  
contenttweaker:cir_orange, §b橙色电路板  
contenttweaker:cirs_blue, §e蓝色电路基板  
contenttweaker:cirs_green, §e绿色电路基板  
contenttweaker:cirs_red, §e红色电路基板  
contenttweaker:cirs_white, §e白色电路基板  
contenttweaker:cirs_gray, §e灰色电路基板  
contenttweaker:cirs_yellow, §e黄色电路基板  
contenttweaker:cirs_magenta, §e品红色电路基板  
contenttweaker:cirs_lime, §e黄绿色电路基板  
contenttweaker:cirs_black, §e黑色电路基板  
contenttweaker:cirs_brown, §e棕色电路基板  
contenttweaker:cirs_cyan, §e青色电路基板  
contenttweaker:cirs_purple, §e紫色电路基板  
contenttweaker:cirs_light_blue, §e淡蓝色电路基板  
contenttweaker:cirs_light_gray, §e淡灰色电路基板  
contenttweaker:cirs_pink, §e粉红色电路基板  
contenttweaker:cirs_orange, §e橙色电路基板  
contenttweaker:num_1, §e1
contenttweaker:num_2, §e2
contenttweaker:num_3, §e3
contenttweaker:num_4, §e4
contenttweaker:num_5, §e5
contenttweaker:num_6, §e6
contenttweaker:num_7, §e7
contenttweaker:num_8, §e8
contenttweaker:num_9, §e9
contenttweaker:num_10, §e10
contenttweaker:num_11, §e11
contenttweaker:num_12, §e12
contenttweaker:num_13, §e13
contenttweaker:num_14, §e14
contenttweaker:num_15, §e15
contenttweaker:num_16, §e16
contenttweaker:num_17, §e17
contenttweaker:num_18, §e18
contenttweaker:num_19, §e19
contenttweaker:num_20, §e20
contenttweaker:num_21, §e21
contenttweaker:num_22, §e22
contenttweaker:num_23, §e23
contenttweaker:num_24, §e24
contenttweaker:num_25, §e25
contenttweaker:num_26, §e26
contenttweaker:num_27, §e27
contenttweaker:num_28, §e28
contenttweaker:num_29, §e29
contenttweaker:num_30, §e30
contenttweaker:num_31, §e31
contenttweaker:num_32, §e32
contenttweaker:num_33, §e33
contenttweaker:num_34, §e34
contenttweaker:num_35, §e35
contenttweaker:num_36, §e36
contenttweaker:num_37, §e37
contenttweaker:num_38, §e38
contenttweaker:num_39, §e39
contenttweaker:num_40, §e40
contenttweaker:num_41, §e41
contenttweaker:num_42, §e42
contenttweaker:num_43, §e43
contenttweaker:num_44, §e44
contenttweaker:num_45, §e45
contenttweaker:num_46, §e46
contenttweaker:num_47, §e47
contenttweaker:num_48, §e48
contenttweaker:num_49, §e49
contenttweaker:num_50, §e50
contenttweaker:num_51, §e51
contenttweaker:num_52, §e52
contenttweaker:num_53, §e53
contenttweaker:num_54, §e54
contenttweaker:num_55, §e55
contenttweaker:num_56, §e56
contenttweaker:num_57, §e57
contenttweaker:num_58, §e58
contenttweaker:num_59, §e59
contenttweaker:num_60, §e60
contenttweaker:num_61, §e61
contenttweaker:num_62, §e62
contenttweaker:num_63, §e63
contenttweaker:num_64, §e64
contenttweaker:num_65, §e65
contenttweaker:num_66, §e66
contenttweaker:num_67, §e67
contenttweaker:num_68, §e68
contenttweaker:num_69, §e69
contenttweaker:num_70, §e70
contenttweaker:num_71, §e71
contenttweaker:num_72, §e72
contenttweaker:num_73, §e73
contenttweaker:num_74, §e74
contenttweaker:num_75, §e75
contenttweaker:num_76, §e76
contenttweaker:num_77, §e77
contenttweaker:num_78, §e78
contenttweaker:num_79, §e79
contenttweaker:num_80, §e80
contenttweaker:num_81, §e81
contenttweaker:num_82, §e82
contenttweaker:num_83, §e83
contenttweaker:num_84, §e84
contenttweaker:num_85, §e85
contenttweaker:num_86, §e86
contenttweaker:num_87, §e87
contenttweaker:num_88, §e88
contenttweaker:num_89, §e89
contenttweaker:num_90, §e90
contenttweaker:num_91, §e91
contenttweaker:num_92, §e92
contenttweaker:num_93, §e93
contenttweaker:num_94, §e94
contenttweaker:num_95, §e95
contenttweaker:num_96, §e96
contenttweaker:num_97, §e97
contenttweaker:num_98, §e98
contenttweaker:num_99, §e99
contenttweaker:jia, §e加
contenttweaker:jian, §e减
contenttweaker:cheng, §e乘
contenttweaker:chu, §e除
contenttweaker:chengfang, §e次幂
contenttweaker:kaifang, §e开平方
contenttweaker:quyu, §e取余
contenttweaker:gaia_heart, §a盖亚之心
contenttweaker:ke, §e磁约束容器
contenttweaker:zhizi_guan, §e约束质子
contenttweaker:zhongzi_guan, §e约束中子
contenttweaker:jiaozi_guan, §e约束胶子
contenttweaker:guangzi_guan, §e约束光子
contenttweaker:zhengdianzi_guan, §e约束正电子
contenttweaker:paijiezi+_guan, §e约束Π介子+
contenttweaker:fandaohe_guan, §e约束反氘核
contenttweaker:dragon_guan, §e约束觉醒龙
contenttweaker:haipozhen_ingot, §e海珀珍锭
contenttweaker:haipozhen_plate, §e海珀珍板
contenttweaker:haipozhen_gear, §e海珀珍齿轮
contenttweaker:wyvern_upgrade_device, 飞龙注入升级套件
contenttweaker:draconic_upgrade_device, 神龙注入升级套件
contenttweaker:draconic_conversion_device, 神龙注入转换套件
contenttweaker:chaotic_upgrade_device, 混沌注入升级套件
contenttweaker:chaotic_conversion_device, 混沌注入转换套件
contenttweaker:juzhen, 奇点矩阵
contenttweaker:youzi, 柚子
contenttweaker:youzi_charged, 充能柚子
contenttweaker:forest_bat, 森林蝙蝠
contenttweaker:wheat, 麦神诱饵
contenttweaker:real_wheat, 真正的小麦
patchouli:guide_book, 指南书
mcjtylib_ng:multipart, tile.mcjtylib_ng.multipart.name
valkyrielib:guide, 数字指南
valkyrielib:modifier_component, 强化部件核心
valkyrielib:modifier_speed, 速度强化部件
environmentaltech:litherite, 莱泽尔石
environmentaltech:litherite_paver, 莱泽尔石铺路石
environmentaltech:litherite_bricks, 莱泽尔石砖块
environmentaltech:litherite_tiles, 莱泽尔石瓷砖
environmentaltech:litherite_stairs, 莱泽尔石楼梯
environmentaltech:litherite_brick_stairs, 莱泽尔石砖楼梯
environmentaltech:litherite_tile_stairs, 莱泽尔瓷砖楼梯
environmentaltech:litherite_slab:0, 莱泽尔石台阶
environmentaltech:litherite_paver_slab:0, 莱泽尔铺路石台阶
environmentaltech:litherite_brick_slab:0, 莱泽尔石砖台阶
environmentaltech:litherite_tile_slab:0, 莱泽尔瓷砖台阶
environmentaltech:erodium, 艾洛蒂石
environmentaltech:erodium_paver, 艾洛蒂石铺路石
environmentaltech:erodium_bricks, 艾洛蒂石砖块
environmentaltech:erodium_tiles, 艾洛蒂石瓷砖
environmentaltech:erodium_stairs, 艾洛蒂石楼梯
environmentaltech:erodium_brick_stairs, 艾洛蒂石砖楼梯
environmentaltech:erodium_tile_stairs, 艾洛蒂瓷砖楼梯
environmentaltech:erodium_slab:0, 艾洛蒂石台阶
environmentaltech:erodium_paver_slab:0, 艾洛蒂铺路石台阶
environmentaltech:erodium_brick_slab:0, 艾洛蒂石砖台阶
environmentaltech:erodium_tile_slab:0, 艾洛蒂瓷砖台阶
environmentaltech:kyronite, 凯罗尼石
environmentaltech:kyronite_paver, 凯罗尼石铺路石
environmentaltech:kyronite_bricks, 凯罗尼石砖块
environmentaltech:kyronite_tiles, 凯罗尼石瓷砖
environmentaltech:kyronite_stairs, 凯罗尼石楼梯
environmentaltech:kyronite_brick_stairs, 凯罗尼石砖楼梯
environmentaltech:kyronite_tile_stairs, 凯罗尼瓷砖楼梯
environmentaltech:kyronite_slab:0, 凯罗尼石台阶
environmentaltech:kyronite_paver_slab:0, 凯罗尼铺路石台阶
environmentaltech:kyronite_brick_slab:0, 凯罗尼石砖台阶
environmentaltech:kyronite_tile_slab:0, 凯罗尼瓷砖台阶
environmentaltech:pladium, 普雷蒂石
environmentaltech:pladium_paver, 普雷蒂石铺路石
environmentaltech:pladium_bricks, 普雷蒂石砖块
environmentaltech:pladium_tiles, 普雷蒂石瓷砖
environmentaltech:pladium_stairs, 普雷蒂石楼梯
environmentaltech:pladium_brick_stairs, 普雷蒂石砖楼梯
environmentaltech:pladium_tile_stairs, 普雷蒂瓷砖楼梯
environmentaltech:pladium_slab:0, 普雷蒂石台阶
environmentaltech:pladium_paver_slab:0, 普雷蒂铺路石台阶
environmentaltech:pladium_brick_slab:0, 普雷蒂石砖台阶
environmentaltech:pladium_tile_slab:0, 普雷蒂瓷砖台阶
environmentaltech:ionite, 艾恩尼石
environmentaltech:ionite_paver, 艾恩尼石铺路石
environmentaltech:ionite_bricks, 艾恩尼石砖块
environmentaltech:ionite_tiles, 艾恩尼石瓷砖
environmentaltech:ionite_stairs, 艾恩尼石楼梯
environmentaltech:ionite_brick_stairs, 艾恩尼石砖楼梯
environmentaltech:ionite_tile_stairs, 艾恩尼瓷砖楼梯
environmentaltech:ionite_slab:0, 艾恩尼石台阶
environmentaltech:ionite_paver_slab:0, 艾恩尼铺路石台阶
environmentaltech:ionite_brick_slab:0, 艾恩尼石砖台阶
environmentaltech:ionite_tile_slab:0, 艾恩尼瓷砖台阶
environmentaltech:aethium, 以太石
environmentaltech:aethium_paver, 以太石铺路石
environmentaltech:aethium_bricks, 以太石砖块
environmentaltech:aethium_tiles, 以太石瓷砖
environmentaltech:aethium_stairs, 以太石楼梯
environmentaltech:aethium_brick_stairs, 以太石砖楼梯
environmentaltech:aethium_tile_stairs, 以太瓷砖楼梯
environmentaltech:aethium_slab:0, 以太石台阶
environmentaltech:aethium_paver_slab:0, 以太铺路石台阶
environmentaltech:aethium_brick_slab:0, 以太石砖台阶
environmentaltech:aethium_tile_slab:0, 以太瓷砖台阶
environmentaltech:lonsdaleite, 蓝丝黛尔石
environmentaltech:lonsdaleite_paver, 蓝丝黛尔铺路石
environmentaltech:lonsdaleite_bricks, 蓝丝黛尔石砖
environmentaltech:lonsdaleite_tiles, 蓝丝黛尔石瓷砖
environmentaltech:lonsdaleite_stairs, 蓝丝黛尔石楼梯
environmentaltech:lonsdaleite_brick_stairs, 蓝丝黛尔石砖楼梯
environmentaltech:lonsdaleite_tile_stairs, 蓝丝黛尔瓷砖楼梯
environmentaltech:lonsdaleite_slab:0, 蓝丝黛尔石台阶
environmentaltech:lonsdaleite_paver_slab:0, 蓝丝黛尔铺路石台阶
environmentaltech:lonsdaleite_brick_slab:0, 蓝丝黛尔石砖台阶
environmentaltech:lonsdaleite_tile_slab:0, 蓝丝黛尔瓷砖台阶
environmentaltech:mica, 云母
environmentaltech:litherite_crystal, 莱泽尔水晶
environmentaltech:erodium_crystal, 艾洛蒂水晶
environmentaltech:kyronite_crystal, 凯罗尼水晶
environmentaltech:pladium_crystal, 普雷蒂水晶
environmentaltech:ionite_crystal, 艾恩尼水晶
environmentaltech:aethium_crystal, 以太水晶
environmentaltech:lonsdaleite_crystal, 蓝丝黛尔水晶
environmentaltech:interconnect, 互联方块
environmentaltech:tool_multiblock_assembler, 装配杆
environmentaltech:connector, 连接器
environmentaltech:modifier_null, 无效果强化部件
environmentaltech:modifier_speed, 速度强化部件
environmentaltech:modifier_luck, 幸运强化部件
environmentaltech:structure_frame_1, 一级结构方块
environmentaltech:structure_frame_2, 二级结构方块
environmentaltech:structure_frame_3, 三级结构方块
environmentaltech:structure_frame_4, 四级结构方块
environmentaltech:structure_frame_5, 五级结构方块
environmentaltech:structure_frame_6, 六级结构方块
environmentaltech:structure_panel, 结构镶板
environmentaltech:structure_panel_clear, 澄澈结构镶板
environmentaltech:lightning_rod, 避雷针
environmentaltech:lightning_rod_insulated, 绝缘避雷针
environmentaltech:lightning_cont_1, 一级避雷针控制器
environmentaltech:lightning_cont_2, 二级避雷针控制器
environmentaltech:lightning_cont_3, 三级避雷针控制器
environmentaltech:lightning_cont_4, 四级避雷针控制器
environmentaltech:lightning_cont_5, 五级避雷针控制器
environmentaltech:lightning_cont_6, 六级避雷针控制器
environmentaltech:solar_cont_1, 一级太阳能发电机控制器
environmentaltech:solar_cont_2, 二级太阳能发电机控制器
environmentaltech:solar_cont_3, 三级太阳能发电机控制器
environmentaltech:solar_cont_4, 四级太阳能发电机控制器
environmentaltech:solar_cont_5, 五级太阳能发电机控制器
environmentaltech:solar_cont_6, 六级太阳能发电机控制器
environmentaltech:solar_cell_litherite, 莱泽尔太阳能板
environmentaltech:solar_cell_erodium, 艾洛蒂太阳能板
environmentaltech:solar_cell_kyronite, 凯罗尼太阳能板
environmentaltech:solar_cell_pladium, 普雷蒂太阳能板
environmentaltech:solar_cell_ionite, 艾恩尼太阳能板
environmentaltech:solar_cell_aethium, 以太太阳能板
environmentaltech:modifier_piezo, 压电强化部件
environmentaltech:photovoltaic_cell, 光电电池
environmentaltech:thermal_cell, 热力单元
environmentaltech:laser_core, 激光核心
environmentaltech:laser_lens, 澄清透镜
environmentaltech:laser_lens_crystal, 水晶透镜
environmentaltech:laser_lens_colored:0, 白色透镜
environmentaltech:laser_lens_colored:1, 橙色透镜
environmentaltech:laser_lens_colored:2, 品红色透镜
environmentaltech:laser_lens_colored:3, 淡蓝色透镜
environmentaltech:laser_lens_colored:4, 黄色透镜
environmentaltech:laser_lens_colored:5, 黄绿色透镜
environmentaltech:laser_lens_colored:6, 粉红色透镜
environmentaltech:laser_lens_colored:7, 灰色透镜
environmentaltech:laser_lens_colored:8, 淡灰色透镜
environmentaltech:laser_lens_colored:9, 青色透镜
environmentaltech:laser_lens_colored:10, 紫色透镜
environmentaltech:laser_lens_colored:11, 蓝色透镜
environmentaltech:laser_lens_colored:12, 棕色透镜
environmentaltech:laser_lens_colored:13, 绿色透镜
environmentaltech:laser_lens_colored:14, 红色透镜
environmentaltech:laser_lens_colored:15, 黑色透镜
environmentaltech:modifier_accuracy, 精度强化部件
environmentaltech:diode, 二极管
environmentaltech:void_ore_miner_cont_1, 一级虚空矿物采掘机控制器
environmentaltech:void_ore_miner_cont_2, 二级虚空矿物采掘机控制器
environmentaltech:void_ore_miner_cont_3, 三级虚空矿物采掘机控制器
environmentaltech:void_ore_miner_cont_4, 四级虚空矿物采掘机控制器
environmentaltech:void_ore_miner_cont_5, 五级虚空矿物采掘机控制器
environmentaltech:void_ore_miner_cont_6, 六级虚空矿物采掘机控制器
environmentaltech:void_res_miner_cont_1, 一级虚空资源采掘机控制器
environmentaltech:void_res_miner_cont_2, 二级虚空资源采掘机控制器
environmentaltech:void_res_miner_cont_3, 三级虚空资源采掘机控制器
environmentaltech:void_res_miner_cont_4, 四级虚空资源采掘机控制器
environmentaltech:void_res_miner_cont_5, 五级虚空资源采掘机控制器
environmentaltech:void_res_miner_cont_6, 六级虚空资源采掘机控制器
environmentaltech:void_botanic_miner_cont_1, 一级虚空植物采掘机控制器
environmentaltech:void_botanic_miner_cont_2, 二级虚空植物采掘机控制器
environmentaltech:void_botanic_miner_cont_3, 三级虚空植物采掘机控制器
environmentaltech:void_botanic_miner_cont_4, 四级虚空植物采掘机控制器
environmentaltech:void_botanic_miner_cont_5, 五级虚空植物采掘机控制器
environmentaltech:void_botanic_miner_cont_6, 六级虚空植物采掘机控制器
environmentaltech:modifier_creative_flight, 创造飞行强化部件
environmentaltech:modifier_flight_speed, 飞行速度强化部件
environmentaltech:modifier_haste, 急迫强化部件
environmentaltech:modifier_strength, 力量强化部件
environmentaltech:modifier_jump_boost, 跳跃提升强化部件
environmentaltech:modifier_regeneration, 再生强化部件
environmentaltech:modifier_resistance, 抗性强化部件
environmentaltech:modifier_fire_resistance, 火焰保护强化部件
environmentaltech:modifier_water_breathing, 水肺强化部件
environmentaltech:modifier_invisibility, 隐身强化部件
environmentaltech:modifier_night_vision, 夜视强化部件
environmentaltech:modifier_health_boost, 生命提升强化部件
environmentaltech:modifier_absorption, 伤害吸收强化部件
environmentaltech:modifier_saturation, 饱和强化部件
environmentaltech:modifier_glowing, 发光强化部件
environmentaltech:nano_cont_ranged_1, 一级远程纳米机器人信标
environmentaltech:nano_cont_ranged_2, 二级远程纳米机器人信标
environmentaltech:nano_cont_ranged_3, 三级远程纳米机器人信标
environmentaltech:nano_cont_ranged_4, 四级远程纳米机器人信标
environmentaltech:nano_cont_ranged_5, 五级远程纳米机器人信标
environmentaltech:nano_cont_ranged_6, 六级远程纳米机器人信标
environmentaltech:nano_cont_personal_1, 一级个人纳米机器人信标
environmentaltech:nano_cont_personal_2, 二级个人纳米机器人信标
environmentaltech:nano_cont_personal_3, 三级个人纳米机器人信标
environmentaltech:nano_cont_personal_4, 四级个人纳米机器人信标
environmentaltech:nano_cont_personal_5, 五级个人纳米机器人信标
environmentaltech:nano_cont_personal_6, 六级个人纳米机器人信标
extendedae:infinity_cell, ME Infinity %s Cell
incorporeal:ticket_conjurer, 请求券咒写石
incorporeal:corporea_ticket, 多媒体请求券（空白）
incorporeal:fractured_space_rod, 裂空法杖
incorporeal:corporea_inhibitor, 多媒体阻隔器
incorporeal:corporea_solidifier, 多媒体固化器
incorporeal:corporea_spark_tinkerer, 多媒体火花工匠台
incorporeal:corporea_retainer_decrementer, 多媒体固定器蒸发箱
incorporeal:frame_tinkerer, 展示框工匠台
incorporeal:frame_screw, Frame Screw
incorporeal:red_string_liar, Red String Liar
incorporeal:cygnus_word_card, Cygnus Word Pattern: %s
incorporeal:cygnus_crystal_cube_card, Cygnus Crystal Cube Pattern: %s
incorporeal:master_cygnus_spark, Master Cygnus Spark
incorporeal:cygnus_spark, Cygnus Spark
incorporeal:cygnus_ticket, Cygnus Ticket
incorporeal:cygnus_word, Cygnus Word
incorporeal:cygnus_crystal_cube, Cygnus Crystal Cube
incorporeal:cygnus_funnel, Cygnus Funnel
incorporeal:cygnus_retainer, Cygnus Retainer
incorporeal:unstable_cube:0, White Unstable Cube
incorporeal:unstable_cube:1, Orange Unstable Cube
incorporeal:unstable_cube:2, Magenta Unstable Cube
incorporeal:unstable_cube:3, Light Blue Unstable Cube
incorporeal:unstable_cube:4, Yellow Unstable Cube
incorporeal:unstable_cube:5, Lime Unstable Cube
incorporeal:unstable_cube:6, Pink Unstable Cube
incorporeal:unstable_cube:7, Gray Unstable Cube
incorporeal:unstable_cube:8, Light Gray Unstable Cube
incorporeal:unstable_cube:9, Cyan Unstable Cube
incorporeal:unstable_cube:10, Purple Unstable Cube
incorporeal:unstable_cube:11, Blue Unstable Cube
incorporeal:unstable_cube:12, Brown Unstable Cube
incorporeal:unstable_cube:13, Green Unstable Cube
incorporeal:unstable_cube:14, Red Unstable Cube
incorporeal:unstable_cube:15, Black Unstable Cube
incorporeal:red_string_deco, Red String Tile
incorporeal:corporea_deco, Corporea Tile
incorporeal:red_string_frost_deco, Frosted Red String
incorporeal:corporea_brick_deco, Corporea Bricks
incorporeal:forgotten_shrine, Forgotten Shrine
incorporeal:lokiw, LokiW
incorporeal:red_string_deco_stairs, Red String Tile Stairs
incorporeal:red_string_deco_wall, Red String Tile Wall
incorporeal:red_string_deco_slab:0, Red String Tile Slab
incorporeal:corporea_brick_deco_stairs, Corporea Brick Stairs
incorporeal:corporea_brick_deco_wall, Corporea Brick Wall
incorporeal:corporea_brick_deco_slab:0, Corporea Brick Slab
incorporeal:corporea_deco_stairs, Corporea Tile Stairs
incorporeal:corporea_deco_slab:0, Corporea Tile Slab
incorporeal:lokiw_stairs, LokiW Stairs
incorporeal:lokiw_fence, LokiW Fence
incorporeal:lokiw_fence_gate, LokiW Fence Gate
incorporeal:lokiw_wall, LokiW Wall
incorporeal:lokiw_slab:0, LokiW Slab
incorporeal:natural_repeater, 自然中继器
incorporeal:natural_comparator, 自然比较器
incorporeal:soul_core_frame, 灵魂核心框架
incorporeal:ender_soul_core, 末影灵魂核心
incorporeal:corporea_soul_core, 多媒体灵魂核心
incorporeal:potion_soul_core, Blood Soul Core
industrialforegoing:petrified_fuel_generator, 火力发电机
industrialforegoing:enchantment_refiner, 附魔物品分拣机
industrialforegoing:enchantment_extractor, 附魔提取机
industrialforegoing:enchantment_aplicator, 自动型铁砧
industrialforegoing:mob_relocator, 屠宰机
industrialforegoing:potion_enervator, 自动炼药机
industrialforegoing:animal_independence_selector, 幼仔分管机
industrialforegoing:animal_stock_increaser, 饲育机
industrialforegoing:crop_sower, 播种机
industrialforegoing:crop_enrich_material_injector, 施肥机
industrialforegoing:crop_recolector, 收割机
industrialforegoing:black_hole_unit, 黑洞存储器
industrialforegoing:water_condensator, 蓄水器
industrialforegoing:water_resources_collector, 钓鱼机
industrialforegoing:animal_resource_harvester, 动物资源收获机
industrialforegoing:mob_slaughter_factory, 屠宰场
industrialforegoing:mob_duplicator, 自动刷怪机
industrialforegoing:block_destroyer, 方块破坏器
industrialforegoing:block_placer, 方块放置器
industrialforegoing:tree_fluid_extractor, 树液提取器
industrialforegoing:latex_processing_unit, 胶乳加工机
industrialforegoing:sewage_composter_solidifier, 污水堆肥机
industrialforegoing:animal_byproduct_recolector, 动物排污器
industrialforegoing:sludge_refiner, 污泥精炼机
industrialforegoing:mob_detector, 生物探测器
industrialforegoing:lava_fabricator, 熔岩制造机
industrialforegoing:bioreactor, 生物质炉
industrialforegoing:biofuel_generator, 生物燃油发电机
industrialforegoing:laser_base, 镭射钻基座
industrialforegoing:laser_drill, 镭射钻
industrialforegoing:ore_processor, 矿石处理机
industrialforegoing:black_hole_controller, 黑洞存储控制器（弃用）
industrialforegoing:black_hole_controller_reworked, 黑洞存储控制器 v2.0
industrialforegoing:dye_mixer, 颜料调色器
industrialforegoing:enchantment_invoker, 自动附魔台
industrialforegoing:spores_recreator, 蘑菇孢子繁殖器
industrialforegoing:animal_growth_increaser, 动物生长加速器
industrialforegoing:material_stonework_factory, 造石加工机
industrialforegoing:black_hole_tank, 黑洞储液罐
industrialforegoing:resourceful_furnace, 高级熔炉
industrialforegoing:villager_trade_exchanger, 村民贸易交换机
industrialforegoing:energy_field_provider, 远程充能站
industrialforegoing:oredictionary_converter, 矿物词典转换器
industrialforegoing:protein_reactor, 蛋白质反应器
industrialforegoing:protein_generator, 蛋白质发电机
industrialforegoing:hydrator, 水化器
industrialforegoing:wither_builder, 凋灵生成器
industrialforegoing:fluid_pump, 流体泵
industrialforegoing:fluid_crafter, 流体合成台
industrialforegoing:plant_interactor, 植物收获器
industrialforegoing:item_splitter, 物品分配器
industrialforegoing:fluiddictionary_converter, 流体辞典转换器
industrialforegoing:froster, 速冻机
industrialforegoing:ore_washer, 洗矿厂
industrialforegoing:ore_fermenter, 发酵站
industrialforegoing:ore_sieve, 流体筛分机
industrialforegoing:pitiful_fuel_generator, 木质燃料发电机
industrialforegoing:tinydryrubber, 小块干橡胶
industrialforegoing:dryrubber, 干橡胶
industrialforegoing:plastic, 塑料片
industrialforegoing:fertilizer, 肥料
industrialforegoing:meat_feeder, 肉汤注射器
industrialforegoing:mob_imprisonment_tool, 生物捕捉工具
industrialforegoing:laser_lens:0, 白色§r 镭射聚焦透镜
industrialforegoing:laser_lens:1, 橙色§r 镭射聚焦透镜
industrialforegoing:laser_lens:2, 品红色§r 镭射聚焦透镜
industrialforegoing:laser_lens:3, 淡蓝色§r 镭射聚焦透镜
industrialforegoing:laser_lens:4, 黄色§r 镭射聚焦透镜
industrialforegoing:laser_lens:5, 黄绿色§r 镭射聚焦透镜
industrialforegoing:laser_lens:6, 粉红色§r 镭射聚焦透镜
industrialforegoing:laser_lens:7, 灰色§r 镭射聚焦透镜
industrialforegoing:laser_lens:8, 淡灰色§r 镭射聚焦透镜
industrialforegoing:laser_lens:9, 青色§r 镭射聚焦透镜
industrialforegoing:laser_lens:10, 紫色§r 镭射聚焦透镜
industrialforegoing:laser_lens:11, 蓝色§r 镭射聚焦透镜
industrialforegoing:laser_lens:12, 棕色§r 镭射聚焦透镜
industrialforegoing:laser_lens:13, 绿色§r 镭射聚焦透镜
industrialforegoing:laser_lens:14, 红色§r 镭射聚焦透镜
industrialforegoing:laser_lens:15, 黑色§r 镭射聚焦透镜
industrialforegoing:laser_lens_inverted:0, 白色§r 镭射聚焦透镜（反向）
industrialforegoing:laser_lens_inverted:1, 橙色§r 镭射聚焦透镜（反向）
industrialforegoing:laser_lens_inverted:2, 品红色§r 镭射聚焦透镜（反向）
industrialforegoing:laser_lens_inverted:3, 淡蓝色§r 镭射聚焦透镜（反向）
industrialforegoing:laser_lens_inverted:4, 黄色§r 镭射聚焦透镜（反向）
industrialforegoing:laser_lens_inverted:5, 黄绿色§r 镭射聚焦透镜（反向）
industrialforegoing:laser_lens_inverted:6, 粉红色§r 镭射聚焦透镜（反向）
industrialforegoing:laser_lens_inverted:7, 灰色§r 镭射聚焦透镜（反向）
industrialforegoing:laser_lens_inverted:8, 淡灰色§r 镭射聚焦透镜（反向）
industrialforegoing:laser_lens_inverted:9, 青色§r 镭射聚焦透镜（反向）
industrialforegoing:laser_lens_inverted:10, 紫色§r 镭射聚焦透镜（反向）
industrialforegoing:laser_lens_inverted:11, 蓝色§r 镭射聚焦透镜（反向）
industrialforegoing:laser_lens_inverted:12, 棕色§r 镭射聚焦透镜（反向）
industrialforegoing:laser_lens_inverted:13, 绿色§r 镭射聚焦透镜（反向）
industrialforegoing:laser_lens_inverted:14, 红色§r 镭射聚焦透镜（反向）
industrialforegoing:laser_lens_inverted:15, 黑色§r 镭射聚焦透镜（反向）
industrialforegoing:straw, 吸管
industrialforegoing:conveyor_upgrade:0, 传送带提取升级
industrialforegoing:conveyor_upgrade:1, 传送带输入升级
industrialforegoing:conveyor_upgrade:2, 传送带检测升级
industrialforegoing:conveyor_upgrade:3, 传送带弹射升级
industrialforegoing:conveyor_upgrade:4, 传送带投下升级
industrialforegoing:conveyor_upgrade:5, 传送带闪烁传送升级
industrialforegoing:conveyor_upgrade:6, 传送带叉分升级
industrialforegoing:pink_slime, 粉红粘液球
industrialforegoing:book_manual, 工业先锋手册
industrialforegoing:pink_slime_ingot, 粉红史莱姆锭
industrialforegoing:infinity_drill:0, 无限钻头
industrialforegoing:infinity_drill:0, 无限钻头
industrialforegoing:infinity_drill:0, 无限钻头
industrialforegoing:infinity_drill:0, 无限钻头
industrialforegoing:infinity_drill:0, 无限钻头
industrialforegoing:infinity_drill:0, 无限钻头
industrialforegoing:infinity_drill:0, 无限钻头
industrialforegoing:infinity_drill:0, 无限钻头
industrialforegoing:adult_filter, 成年生物过滤插件
industrialforegoing:range_addon:0, 范围升级插件
industrialforegoing:range_addon:1, 范围升级插件
industrialforegoing:range_addon:2, 范围升级插件
industrialforegoing:range_addon:3, 范围升级插件
industrialforegoing:range_addon:4, 范围升级插件
industrialforegoing:range_addon:5, 范围升级插件
industrialforegoing:range_addon:6, 范围升级插件
industrialforegoing:range_addon:7, 范围升级插件
industrialforegoing:range_addon:8, 范围升级插件
industrialforegoing:range_addon:9, 范围升级插件
industrialforegoing:range_addon:10, 范围升级插件
industrialforegoing:range_addon:11, 范围升级插件
industrialforegoing:energy_field_addon, 远程充能附加插件
industrialforegoing:leaf_shearing, 叶片剪切插件
industrialforegoing:itemstack_transfer_addon_pull:0, 物品传输插件 (吸入/下)
industrialforegoing:itemstack_transfer_addon_push:0, 物品传输插件 (输出/下)
industrialforegoing:fluid_transfer_addon_pull:0, 流体传输插件 (吸入/下)
industrialforegoing:fluid_transfer_addon_push:0, 流体传输插件 (输出/下)
industrialforegoing:fortune_addon, 时运插件
industrialforegoing:artificial_dye:0, 白色§r 人造染料
industrialforegoing:artificial_dye:1, 橙色§r 人造染料
industrialforegoing:artificial_dye:2, 品红色§r 人造染料
industrialforegoing:artificial_dye:3, 淡蓝色§r 人造染料
industrialforegoing:artificial_dye:4, 黄色§r 人造染料
industrialforegoing:artificial_dye:5, 黄绿色§r 人造染料
industrialforegoing:artificial_dye:6, 粉红色§r 人造染料
industrialforegoing:artificial_dye:7, 灰色§r 人造染料
industrialforegoing:artificial_dye:8, 淡灰色§r 人造染料
industrialforegoing:artificial_dye:9, 青色§r 人造染料
industrialforegoing:artificial_dye:10, 紫色§r 人造染料
industrialforegoing:artificial_dye:11, 蓝色§r 人造染料
industrialforegoing:artificial_dye:12, 棕色§r 人造染料
industrialforegoing:artificial_dye:13, 绿色§r 人造染料
industrialforegoing:artificial_dye:14, 红色§r 人造染料
industrialforegoing:artificial_dye:15, 黑色§r 人造染料
industrialforegoing:conveyor:0, 白色§r 传送带
industrialforegoing:conveyor:1, 橙色§r 传送带
industrialforegoing:conveyor:2, 品红色§r 传送带
industrialforegoing:conveyor:3, 淡蓝色§r 传送带
industrialforegoing:conveyor:4, 黄色§r 传送带
industrialforegoing:conveyor:5, 黄绿色§r 传送带
industrialforegoing:conveyor:6, 粉红色§r 传送带
industrialforegoing:conveyor:7, 灰色§r 传送带
industrialforegoing:conveyor:8, 淡灰色§r 传送带
industrialforegoing:conveyor:9, 青色§r 传送带
industrialforegoing:conveyor:10, 紫色§r 传送带
industrialforegoing:conveyor:11, 蓝色§r 传送带
industrialforegoing:conveyor:12, 棕色§r 传送带
industrialforegoing:conveyor:13, 绿色§r 传送带
industrialforegoing:conveyor:14, 红色§r 传送带
industrialforegoing:conveyor:15, 黑色§r 传送带
industrialforegoing:black_hole_label, 黑洞标签
jrftl:prepared_flesh, 预制腐肉
psicosts:psi_cell:0, PSI 单元
psicosts:psi_cell:0, PSI 单元
psicosts:psi_cell:1, PSI-O单元
psicosts:psi_cell:1, PSI-O单元
psicosts:psi_cell:2, PSI-达因单元
psicosts:psi_cell:2, PSI-达因单元
psicosts:psi_cell:3, PSI-力单元
psicosts:psi_cell:3, PSI-力单元
psicosts:creative_cell, PSI 之星
psicosts:psi_hypostim, PSI 刺激器
threng:material:0, 福鲁伊克斯钢锭
threng:material:1, 含碳福鲁伊克斯复合物
threng:material:2, 福鲁伊克斯镀层铁锭
threng:material:3, 煤粉
threng:material:4, 福鲁伊克斯逻辑单元
threng:material:5, 共振水晶
threng:material:6, 大规模并行处理器
threng:material:7, 推测核心(1x)
threng:material:8, 推测核心(2x)
threng:material:9, 推测核心(4x)
threng:material:10, 推测核心(8x)
threng:material:11, 推测核心(16x)
threng:material:12, 推测核心(32x)
threng:material:13, 推测核心(64x)
threng:material:14, 推测处理器
psicaster:caster, 自动演算机
threng:machine:0, 福鲁伊克斯聚合器
threng:machine:1, 脉冲离心机
threng:machine:2, ME电路板蚀刻器
threng:machine:3, 优先装配单元
threng:machine:4, ME缓存指令器
threng:machine:5, 晶体充能器
threng:big_assembler:0, 大型分子装配室框架
threng:big_assembler:1, 大型分子装配室外壁
threng:big_assembler:2, 大型分子装配室控制器
threng:big_assembler:3, 大型分子装配室样板核心
threng:big_assembler:4, 大型分子装配室处理核心
threng:big_assembler:5, 大型分子装配室IO端口
psicosts:material_glassy:0, PSI 玻璃
psicosts:flux_resonator, 通量共振器
psicosts:essentia_resonator, 能量源质转换器
psicosts:mana_resonator, PSI 能棱镜基座
psicosts:starlight_resonator, 寒光投射器
psicosts:blood_resonator, 血红 PSI 装置
psicosts:ember_resonator, PSI 能感应笼
lightningcraft:metal_block:0, 雷电块
lightningcraft:metal_block:1, 天域块
lightningcraft:metal_block:2, 神秘块
lightningcraft:stone_block:0, 雷石
lightningcraft:stone_block:1, 雷石砖块
lightningcraft:stone_block:2, 錾制雷石砖块
lightningcraft:stone_block:3, 恶魔石
lightningcraft:stone_block:4, 恶魔石砖块
lightningcraft:stone_block:5, 錾制恶魔石砖块
lightningcraft:stone_block:6, 冥界石
lightningcraft:stone_block:7, 冥界石砖块
lightningcraft:stone_block:8, 錾制冥界石砖块
lightningcraft:stone_block:9, 幻想雷石砖块
lightningcraft:stone_block:10, 幻想恶魔石砖块
lightningcraft:stone_block:11, 幻想冥界石砖块
lightningcraft:stone_block:12, 雷石铺路砖
lightningcraft:stone_block:13, 恶魔石铺路砖
lightningcraft:stone_block:14, 冥界石铺路砖
lightningcraft:wood_log, 幽冥原木
lightningcraft:wood_plank, 幽冥木木板
lightningcraft:slab_block:0, 雷石台阶
lightningcraft:slab_block:1, 恶魔石台阶
lightningcraft:slab_block:2, 冥界石台阶
lightningcraft:slab_block:3, 幽冥木台阶
lightningcraft:thunder_stairs, 雷石楼梯
lightningcraft:demon_stairs, 恶魔石楼梯
lightningcraft:under_stairs, 冥界石楼梯
lightningcraft:under_plank_stairs, 幽冥木楼梯
lightningcraft:air_terminal:0, 铁质引雷针
lightningcraft:air_terminal:1, 钢质引雷针
lightningcraft:air_terminal:2, 铅质引雷针
lightningcraft:air_terminal:3, 锡质引雷针
lightningcraft:air_terminal:4, 铝质引雷针
lightningcraft:air_terminal:5, 金质引雷针
lightningcraft:air_terminal:6, 铜质引雷针
lightningcraft:air_terminal:7, 雷电引雷针
lightningcraft:air_terminal:8, 天域引雷针
lightningcraft:air_terminal:9, 神秘引雷针
lightningcraft:lightning_cell:0, LE 能量单元
lightningcraft:lightning_cell:1, 进阶 LE 能量单元
lightningcraft:lightning_cell:2, 神秘 LE 能量单元
lightningcraft:lightning_cell:3, 创造 LE 能量单元
lightningcraft:lightning_furnace, LE 熔炉
lightningcraft:lightning_crusher, LE 粉碎机
lightningcraft:lightning_infuser, LE 灌注器
lightningcraft:lightning_breaker, LE 方块破坏机
lightningcraft:lightning_miner, LE 采矿机
lightningcraft:static_generator, 静电发电机
lightningcraft:wireless_block:0, LE 发讯器（一阶）
lightningcraft:wireless_block:1, LE 发讯器（二阶）
lightningcraft:wireless_block:2, LE 发讯器（三阶）
lightningcraft:wireless_block:3, LE 接收器（一阶）
lightningcraft:wireless_block:4, LE 接收器（二阶）
lightningcraft:wireless_block:5, LE 接收器（三阶）
lightningcraft:charging_plate, LE 充能台
lightningcraft:ench_reallocator, 附魔再分配器
lightningcraft:under_sand, 幽冥沙
lightningcraft:corrupt_stone, 腐化石墙
lightningcraft:wall_block, 腐化石墙
lightningcraft:light_block:0, 冥界灯笼
lightningcraft:light_block:1, 幽冥灯
lightningcraft:light_block:2, 幻想幽冥灯
lightningcraft:light_block:3, 幻想幽冥灯
lightningcraft:light_block:4, 幻想幽冥灯
lightningcraft:ore_block:0, 冥界铁矿石
lightningcraft:ore_block:1, 冥界金矿石
lightningcraft:ore_block:2, 冥界钻石矿石
lightningcraft:ore_block:3, 冥界绿宝石矿石
lightningcraft:under_tnt:0, 堡垒 TNT
lightningcraft:under_tnt:1, 雷电 TNT
lightningcraft:under_tnt:2, 神秘 TNT
lightningcraft:lightning_cannon:0, 冥界雷电加农炮
lightningcraft:lightning_cannon:1, 雷电加农炮
lightningcraft:lightning_cannon:2, 精英雷电加农炮
lightningcraft:rf_provider, LE&RF能源转换机
lightningcraft:rf_receiver, RF雷电发电机
lightningcraft:guide:0, 雷电工艺手册
lightningcraft:golf_club, 高尔夫球杆
lightningcraft:golf_club_gold, 金质高尔夫球杆
lightningcraft:ingot:0, 雷电锭
lightningcraft:ingot:1, 天域锭
lightningcraft:ingot:2, 神秘锭
lightningcraft:nugget:0, 雷电粒
lightningcraft:nugget:1, 天域粒
lightningcraft:nugget:2, 神秘粒
lightningcraft:dust:0, 雷电粉
lightningcraft:dust:1, 天域粉
lightningcraft:dust:2, 神秘粉
lightningcraft:rod:0, 铁杆
lightningcraft:rod:1, 钢杆
lightningcraft:rod:2, 铅杆
lightningcraft:rod:3, 锡杆
lightningcraft:rod:4, 铝杆
lightningcraft:rod:5, 金杆
lightningcraft:rod:6, 铜杆
lightningcraft:rod:7, 雷电杆
lightningcraft:rod:8, 天域杆
lightningcraft:rod:9, 神秘杆
lightningcraft:plate:0, 铁板
lightningcraft:plate:1, 钢板
lightningcraft:plate:2, 铅板
lightningcraft:plate:3, 锡板
lightningcraft:plate:4, 铝板
lightningcraft:plate:5, 金板
lightningcraft:plate:6, 铜板
lightningcraft:plate:7, 雷电板
lightningcraft:plate:8, 天域板
lightningcraft:plate:9, 神秘板
lightningcraft:material:0, 下界之星粒
lightningcraft:material:1, 钻石粉
lightningcraft:material:2, 绿宝石粉
lightningcraft:material:3, 石英粉
lightningcraft:material:4, 雷电升级
lightningcraft:material:5, 恶魔之血
lightningcraft:material:6, 幽冥弹
lightningcraft:material:7, 守卫者之骨
lightningcraft:material:8, 守卫者骨粉
lightningcraft:material:9, 迷惑核心
lightningcraft:material:10, 加农炮核心
lightningcraft:material:11, 灵液
lightningcraft:material:12, 幽冥火药
lightningcraft:material:13, 脉冲幽冥火药
lightningcraft:material:14, 神圣幽冥火药
lightningcraft:battery:0, LE 电池（一阶）
lightningcraft:battery:0, LE 电池（一阶）
lightningcraft:battery:1, LE 电池（二阶）
lightningcraft:battery:1, LE 电池（二阶）
lightningcraft:battery:2, LE 电池（三阶）
lightningcraft:battery:2, LE 电池（三阶）
lightningcraft:item_magnet:0, 物品磁铁（一阶）
lightningcraft:item_magnet:1, 物品磁铁（二阶）
lightningcraft:item_magnet:2, 物品磁铁（三阶）
lightningcraft:item_magnet:3, 物品磁铁（四阶）
lightningcraft:wireless_marker, 发讯器/接收器链接标签
lightningcraft:elec_hammer, 雷电锤
lightningcraft:elec_sword, 雷电剑
lightningcraft:elec_pick, 雷电镐
lightningcraft:elec_axe, 雷电斧
lightningcraft:elec_shovel, 雷电锹
lightningcraft:elec_hoe, 雷电锄
lightningcraft:elec_helm, 雷电头盔
lightningcraft:elec_chest, 雷电胸甲
lightningcraft:elec_legs, 雷电护腿
lightningcraft:elec_boots, 雷电靴子
lightningcraft:soul_sword, 灵魂之剑
lightningcraft:zombie_sword, 亡灵之剑
lightningcraft:feather_sword, 飓风之剑
lightningcraft:ender_sword, 末影之剑
lightningcraft:blaze_sword, 灼炎之剑
lightningcraft:ice_sword, 冰河之剑
lightningcraft:sky_hammer, 天域锤
lightningcraft:sky_sword, 天域剑
lightningcraft:sky_pick, 天域镐
lightningcraft:sky_axe, 天域斧
lightningcraft:sky_shovel, 天域锹
lightningcraft:sky_hoe, 天域锄
lightningcraft:sky_helm, 天域头盔
lightningcraft:sky_chest, 天域胸甲
lightningcraft:sky_legs, 天域护腿
lightningcraft:sky_boots, 天域靴子
lightningcraft:kinetic_sword, 动能剑
lightningcraft:kinetic_pick, 动能镐
lightningcraft:kinetic_axe, 动能斧
lightningcraft:kinetic_shovel, 动能锹
lightningcraft:kinetic_helm, 动能头盔
lightningcraft:kinetic_chest, 动能胸甲
lightningcraft:kinetic_legs, 动能护腿
lightningcraft:kinetic_boots, 动能靴子
lightningcraft:mystic_hammer, 神秘锤
lightningcraft:mystic_sword, 神秘剑
lightningcraft:mystic_pick, 神秘镐
lightningcraft:mystic_axe, 神秘斧
lightningcraft:mystic_shovel, 神秘锹
lightningcraft:mystic_hoe, 神秘锄
lightningcraft:mystic_helm, 神秘头盔
lightningcraft:mystic_chest, 神秘胸甲
lightningcraft:mystic_legs, 神秘护腿
lightningcraft:mystic_boots, 神秘靴子
magicbees:beecomb:0, 平凡蜂窝
magicbees:beecomb:1, 熔融蜂窝
magicbees:beecomb:2, 神秘蜂窝
magicbees:beecomb:3, 异域蜂窝
magicbees:beecomb:4, 蜕变蜂窝
magicbees:beecomb:5, 纸质蜂巢
magicbees:beecomb:6, 灵魂蜂窝
magicbees:drop:0, 蕴魔液滴
magicbees:drop:1, 智慧液滴
magicbees:drop:2, 不稳定液滴
magicbees:drop:3, 煤炭液滴
magicbees:drop:4, 流明液滴
magicbees:drop:5, 可爱液滴
magicbees:pollen:0, 罕见花粉
magicbees:pollen:1, 相位花粉
magicbees:propolis:0, 不稳定蜂胶
magicbees:propolis:1, 和风蜂胶
magicbees:propolis:2, 炽热蜂胶
magicbees:propolis:3, 奔流蜂胶
magicbees:propolis:4, 石化蜂胶
magicbees:propolis:5, 秩序蜂胶
magicbees:propolis:6, 熵变蜂胶
magicbees:wax:0, 魔力蜜蜡
magicbees:wax:1, 灵魂蜜蜡
magicbees:wax:2, 遗忘蜜蜡
magicbees:resource:0, 卷章碎片
magicbees:resource:1, 芬芳块
magicbees:resource:2, 浓缩复合物
magicbees:resource:3, 凋灵骷髅骨片
magicbees:resource:4, 凋灵骷髅头骨碎片
magicbees:resource:5, 龙之尘
magicbees:resource:6, 龙之块
magicbees:resource:7, 虚假之命源质
magicbees:resource:8, 暗影之墓源质
magicbees:resource:9, 迷失之时源质
magicbees:resource:10, 恒久不灭源质
magicbees:resource:11, 无尽漠视源质
magicbees:resource:12, 变换不定源质
magicbees:resource:13, 奇异维度
magicbees:orepart:0, 钻石碎片
magicbees:orepart:1, 绿宝石碎片
magicbees:orepart:2, 磷灰石碎片
magicbees:orepart:3, 铜粒
magicbees:orepart:4, 锡粒
magicbees:orepart:5, 青铜粒
magicbees:mysteriousmagnet:0, 神秘磁铁
magicbees:mysteriousmagnet:2, 神秘磁铁
magicbees:mysteriousmagnet:4, 神秘磁铁
magicbees:mysteriousmagnet:6, 神秘磁铁
magicbees:mysteriousmagnet:8, 神秘磁铁
magicbees:mysteriousmagnet:10, 神秘磁铁
magicbees:mysteriousmagnet:12, 神秘磁铁
magicbees:mysteriousmagnet:14, 神秘磁铁
magicbees:mysteriousmagnet:16, 神秘磁铁
magicbees:mysteriousmagnet:18, 神秘磁铁
magicbees:moondial, 翡翠色月相盘
magicbees:manasteelgrafter, 魔力钢剪枝器
magicbees:manasteelscoop, 魔力钢捕虫网
magicbees:backpack_thaumaturge_t1, 神秘使背包
magicbees:backpack_thaumaturge_t2, 神秘使编织背包
magicbees:jelly_babies, 胶糖娃娃
magicbees:frames.temporal, 瞬息框架
magicbees:frames.necrotic, 坏死框架
magicbees:frames.magic, 魔法框架
magicbees:frames.resilient, 弹力框架
magicbees:frames.gentle, 柔性框架
magicbees:frames.oblivion, 湮灭框架
magicbees:frames.metabolic, 代谢框架
magicbees:hiveblock:0, 好奇蜂巢
magicbees:hiveblock:1, 非凡蜂巢
magicbees:hiveblock:2, 共鸣蜂巢
magicbees:hiveblock:3, 深度蜂巢
magicbees:hiveblock:4, 地狱蜂巢
magicbees:hiveblock:5, 湮没蜂巢
magicbees:effectjar, 蜜蜂收集者的罐子
magicbees:enchanted_earth, 蕴魔之土
magneticraft:ingots:2, 铜锭
magneticraft:ingots:3, 铅锭
magneticraft:ingots:4, 钴锭
magneticraft:ingots:5, 钨锭
magneticraft:ingots:6, 钢锭
magneticraft:ingots:7, 铝锭
magneticraft:ingots:9, 秘银锭
magneticraft:ingots:10, 镍锭
magneticraft:ingots:11, 锇锭
magneticraft:ingots:12, 银锭
magneticraft:ingots:13, 锡锭
magneticraft:ingots:14, 锌锭
magneticraft:light_plates:0, 轻薄铁板
magneticraft:light_plates:1, 轻薄金版
magneticraft:light_plates:2, 轻薄铜板
magneticraft:light_plates:3, 轻薄铅板
magneticraft:light_plates:5, 轻薄钨板
magneticraft:light_plates:6, 轻薄钢板
magneticraft:heavy_plates:0, 厚重铁板
magneticraft:heavy_plates:1, 厚重金板
magneticraft:heavy_plates:2, 厚重铜板
magneticraft:heavy_plates:3, 厚重铅板
magneticraft:heavy_plates:5, 厚重钨板
magneticraft:heavy_plates:6, 厚重钢板
magneticraft:nuggets:2, 铜粒
magneticraft:nuggets:3, 铅粒
magneticraft:nuggets:4, 钴粒
magneticraft:nuggets:5, 钨粒
magneticraft:nuggets:6, 钢粒
magneticraft:nuggets:7, 铝粒
magneticraft:nuggets:9, 秘银粒
magneticraft:nuggets:10, 镍粒
magneticraft:nuggets:11, 锇粒
magneticraft:nuggets:12, 银粒
magneticraft:nuggets:13, 锡粒
magneticraft:nuggets:14, 锌粒
magneticraft:chunks:0, 细块铁矿
magneticraft:chunks:1, 细块金矿
magneticraft:chunks:2, 铜矿细块
magneticraft:chunks:3, 细块铅矿
magneticraft:chunks:4, 细块钴矿
magneticraft:chunks:5, 细块钨矿
magneticraft:chunks:7, 细块铝矿
magneticraft:chunks:9, 细块秘银矿
magneticraft:chunks:10, 细块镍矿
magneticraft:chunks:11, 细块锇矿
magneticraft:chunks:12, 细块银矿
magneticraft:chunks:13, 细块锡矿
magneticraft:chunks:14, 细块锌矿
magneticraft:dusts:0, 铁粉
magneticraft:dusts:1, 金粉
magneticraft:dusts:2, 铜粉
magneticraft:dusts:3, 铅粉
magneticraft:dusts:4, 钴粉
magneticraft:dusts:5, 钨粉
magneticraft:dusts:6, 钢粉
magneticraft:dusts:7, 铝粉
magneticraft:dusts:9, 秘银粉
magneticraft:dusts:10, 镍粉
magneticraft:dusts:11, 锇粉
magneticraft:dusts:12, 银粉
magneticraft:dusts:13, 锡粉
magneticraft:dusts:14, 锌粉
magneticraft:rocky_chunks:0, 铁砾岩
magneticraft:rocky_chunks:1, 金砾岩
magneticraft:rocky_chunks:2, 铜砾岩
magneticraft:rocky_chunks:3, 铅砾岩
magneticraft:rocky_chunks:4, 钴砾岩
magneticraft:rocky_chunks:5, 钨砾岩
magneticraft:rocky_chunks:7, 铝砾岩
magneticraft:rocky_chunks:8, 方铅砾岩
magneticraft:rocky_chunks:9, 秘银砾岩
magneticraft:rocky_chunks:10, 镍砾岩
magneticraft:rocky_chunks:11, 锇砾岩
magneticraft:rocky_chunks:12, 银砾岩
magneticraft:rocky_chunks:13, 锡砾岩
magneticraft:rocky_chunks:14, 锌砾岩
magneticraft:stone_hammer, item.magneticraft.stone_hammer.name
magneticraft:iron_hammer, item.magneticraft.iron_hammer.name
magneticraft:steel_hammer, item.magneticraft.steel_hammer.name
magneticraft:copper_coil, item.magneticraft.copper_coil.name
magneticraft:voltmeter, item.magneticraft.voltmeter.name
magneticraft:thermometer, item.magneticraft.thermometer.name
magneticraft:wrench, item.magneticraft.wrench.name
magneticraft:battery_item_low, item.magneticraft.battery_item_low.name
magneticraft:battery_item_medium, item.magneticraft.battery_item_medium.name
magneticraft:electric_drill, item.magneticraft.electric_drill.name
magneticraft:electric_chainsaw, item.magneticraft.electric_chainsaw.name
magneticraft:electric_piston, item.magneticraft.electric_piston.name
magneticraft:crafting:0, 硫磺
magneticraft:crafting:1, 交流发电机
magneticraft:crafting:2, 马达
magneticraft:crafting:3, 小型铜线圈
magneticraft:crafting:4, 磁铁
magneticraft:crafting:5, 铁网
magneticraft:crafting:6, 线网
magneticraft:guide_book, item.magneticraft.guide_book.name
magneticraft:floppy_disk:0, 软盘
magneticraft:floppy_disk:1, 软盘（Lisp）
magneticraft:floppy_disk:2, 软盘（FORTH）
magneticraft:floppy_disk:3, 软盘（Shell）
magneticraft:floppy_disk:4, 软盘（BASIC WIP）
magneticraft:floppy_disk:5, 软盘（Editor）
magneticraft:floppy_disk:6, 软盘（ASM WIP）
magneticraft:iron_gear, item.magneticraft.iron_gear.name
magneticraft:broken_gear, item.magneticraft.broken_gear.name
magneticraft:steel_gear, item.magneticraft.steel_gear.name
magneticraft:tungsten_gear, item.magneticraft.tungsten_gear.name
magneticraft:inserter_upgrade:0, 机械臂升级：速度
magneticraft:inserter_upgrade:1, 机械臂升级：堆叠
magneticraft:combustion_chamber:0, 燃烧室
magneticraft:steam_boiler:0, 锅炉
magneticraft:heat_pipe:0, 热能管道
magneticraft:insulated_heat_pipe:0, 绝缘热能管道
magneticraft:heat_sink:0, 散热片
magneticraft:gasification_unit:0, 气化器
magneticraft:brick_furnace:0, 砖窑
magneticraft:box:0, 木箱
magneticraft:crushing_table:0, 粉碎台
magneticraft:sluice_box:0, 洗矿槽
magneticraft:fabricator:0, 制造器
magneticraft:multiblock_parts:0, 机座方块
magneticraft:multiblock_parts:1, 电池机座方块
magneticraft:multiblock_parts:2, 铁格栅机座方块
magneticraft:multiblock_parts:3, 条纹机座方块
magneticraft:multiblock_parts:4, 铜线圈机座方块
magneticraft:multiblock_parts:5, 波纹铁制机座方块
magneticraft:multiblock_column:0, 机械支撑柱
magneticraft:pumpjack_drill:0, 石油泵
magneticraft:computer:0, 电脑
magneticraft:mining_robot:0, 采矿机器人
magneticraft:connector:0, 电线接线器
magneticraft:electric_pole:0, 电线杆
magneticraft:electric_cable:0, 电缆
magneticraft:tesla_tower:0, 特斯拉线圈
magneticraft:energy_receiver:0, 能量接收器
magneticraft:electric_pole_transformer:0, 电线杆变压器
magneticraft:limestone:0, 石灰石
magneticraft:limestone:1, 石灰石砖
magneticraft:limestone:2, 碎石灰石
magneticraft:burnt_limestone:0, 焦灰石灰石
magneticraft:burnt_limestone:1, 焦灰石灰石砖
magneticraft:burnt_limestone:2, 焦灰碎石灰石
magneticraft:tile_limestone:0, 方石灰石
magneticraft:tile_limestone:1, 反向花纹石灰石砖
magneticraft:tube_light:0, 灯管
magneticraft:solar_panel:0, 太阳能板
magneticraft:shelving_unit:0, 货架
magneticraft:steam_engine:0, 蒸汽机
magneticraft:grinder:0, 粉碎机
magneticraft:sieve:0, 电动滤筛台
magneticraft:solar_tower:0, 太阳能塔
magneticraft:solar_mirror:0, 太阳能反光镜
magneticraft:container:0, 集装箱
magneticraft:pumpjack:0, 石油钻井
magneticraft:hydraulic_press:0, 液压机
magneticraft:oil_heater:0, 原油加热器
magneticraft:refinery:0, 炼油厂
magneticraft:big_combustion_chamber:0, 大型燃烧室
magneticraft:big_steam_boiler:0, 大型蒸汽锅炉
magneticraft:steam_turbine:0, 蒸汽涡轮
magneticraft:big_electric_furnace:0, 大型电炉
magneticraft:battery:0, 电池块
magneticraft:electric_furnace:0, 电炉
magneticraft:infinite_energy:0, 无限能源
magneticraft:air_bubble:0, 气泡
magneticraft:airlock:0, 气锁
magneticraft:thermopile:0, 温差电堆
magneticraft:wind_turbine:0, 风力涡轮机
magneticraft:electric_heater:0, 电力加热器
magneticraft:rf_heater:0, RF加热器
magneticraft:rf_transformer:0, RF转换机
magneticraft:electric_engine:0, 电力引擎
magneticraft:conveyor_belt:0, 传送带
magneticraft:inserter:0, 机械臂
magneticraft:water_generator:0, 无限水源方块
magneticraft:feeding_trough:0, 木制饲料槽
magneticraft:pneumatic_tube:0, 气动管道
magneticraft:pneumatic_restriction_tube:0, 约束气动管道
magneticraft:relay:0, 中继器
magneticraft:filter:0, 过滤器
magneticraft:transposer:0, 换位器
magneticraft:ores:0, 黄铜矿石
magneticraft:ores:1, 方铅矿石
magneticraft:ores:2, 钴矿石
magneticraft:ores:3, 黑钨矿石
magneticraft:ores:4, 黄铁矿石
magneticraft:oil_source:0, 含油地层（满）
magneticraft:oil_source:10, 含油地层（空）
magneticraft:storage_blocks:0, 铜块
magneticraft:storage_blocks:1, 铅块
magneticraft:storage_blocks:2, 钴块
magneticraft:storage_blocks:3, 钨块
magneticraft:storage_blocks:4, 硫酸块
magneticraft:small_tank:0, 小型储罐
magneticraft:iron_pipe:0, 铁制管道
treetweaker:youzi:0, 柚子树苗
treetweaker:youzi_charged:0, 充能柚子树苗
roots:roots_guide, 荒野魔法
roots:moonglow_seed, 萤月种子
roots:moonglow_leaf, 萤月之叶
roots:pereskia_bulb, 木麒麟鳞茎
roots:pereskia, 木麒麟
roots:terra_moss, 大地苔藓
roots:spirit_herb_seed, 灵魂草种子
roots:spirit_herb, 灵魂草
roots:wildroot, 野根
roots:wildewheet, 野麦
roots:wildewheet_seed, 野麦种子
roots:cloud_berry, 云莓
roots:infernal_bulb, 地狱鳞茎
roots:dewgonia, 露海棠
roots:stalicripe, 石笋
roots:terra_spores, 大地孢子
roots:petals, 花瓣
roots:runic_dust, 符文尘
roots:bark_oak, 橡树皮
roots:bark_spruce, 云杉树皮
roots:bark_birch, 白桦树皮
roots:bark_jungle, 丛林树皮
roots:bark_dark_oak, 深色橡树皮
roots:bark_acacia, 金合欢树皮
roots:bark_wildwood, 野木树皮
roots:fey_leather, 精灵皮革
roots:mystic_feather, 神秘羽毛
roots:strange_ooze, 奇异软泥
roots:salmon_of_knowledge, 鲑鱼之知
roots:pestle, 研杵
roots:herb_pouch, 药草袋
roots:component_pouch, 药草袋
roots:creative_pouch, 创造药草袋
roots:apothecary_pouch, 药师袋
roots:fey_pouch, Fey Leather Pouch
roots:spell_dust:0, 咒术尘
roots:spell_dust:0, 咒术尘
roots:spell_dust:0, 咒术尘
roots:spell_dust:0, 咒术尘
roots:spell_dust:0, 咒术尘
roots:spell_dust:0, 咒术尘
roots:spell_dust:0, 咒术尘
roots:spell_dust:0, 咒术尘
roots:spell_dust:0, 咒术尘
roots:spell_dust:0, 咒术尘
roots:spell_dust:0, 咒术尘
roots:spell_dust:0, 咒术尘
roots:spell_dust:0, 咒术尘
roots:spell_dust:0, 咒术尘
roots:spell_dust:0, 咒术尘
roots:spell_dust:0, 咒术尘
roots:spell_dust:0, 咒术尘
roots:spell_dust:0, 咒术尘
roots:spell_dust:0, 咒术尘
roots:spell_dust:0, 咒术尘
roots:spell_dust:0, 咒术尘
roots:spell_dust:0, 咒术尘
roots:spell_dust:0, 咒术尘
roots:flour, 面粉
roots:staff:0, 守门者之杖
roots:staff:0, 守门者之杖
roots:staff:0, 守门者之杖
roots:staff:0, 守门者之杖
roots:staff:0, 守门者之杖
roots:staff:0, 守门者之杖
roots:staff:0, 守门者之杖
roots:staff:0, 守门者之杖
roots:staff:0, 守门者之杖
roots:staff:0, 守门者之杖
roots:staff:0, 守门者之杖
roots:staff:0, 守门者之杖
roots:staff:0, 守门者之杖
roots:staff:0, 守门者之杖
roots:staff:0, 守门者之杖
roots:staff:0, 守门者之杖
roots:staff:0, 守门者之杖
roots:staff:0, 守门者之杖
roots:staff:0, 守门者之杖
roots:staff:0, 守门者之杖
roots:staff:0, 守门者之杖
roots:staff:0, 守门者之杖
roots:staff:0, 守门者之杖
roots:staff:0, 守门者之杖
roots:gramary, 森之古术
roots:spirit_bag, Spirit Bag
roots:reliquary, 圣物
roots:runed_pickaxe, 符刻粉碎者
roots:runed_axe, 符刻重斧
roots:runed_shovel, 符刻开掘铲
roots:runed_hoe, 符刻犁
roots:runed_sword, 符刻双刃剑
roots:runed_dagger, 符刻匕首
roots:terrastone_pickaxe, 地韵石镐
roots:terrastone_axe, 地韵石斧
roots:terrastone_shovel, 地韵石锹
roots:terrastone_hoe, 地韵石锄
roots:terrastone_sword, 地韵石剑
roots:living_pickaxe, 蕴生之镐
roots:living_axe, 蕴生之斧
roots:living_shovel, 蕴生之锹
roots:living_hoe, 蕴生之锄
roots:living_sword, 蕴生之剑
roots:living_arrow, 蕴生箭矢
roots:wooden_shears, 木剪
roots:fire_starter, 点火器
roots:wildwood_quiver, 野木箭袋
roots:wildwood_bow, 原始森林之弓
roots:sylvan_helmet, 繁森头盔
roots:sylvan_chestplate, 繁森胸甲
roots:sylvan_leggings, 繁森护腿
roots:sylvan_boots, 繁森靴子
roots:wildwood_helmet, 原始森林头盔
roots:wildwood_chestplate, 原始森林胸甲
roots:wildwood_leggings, 原始森林护腿
roots:wildwood_boots, 原始森林靴子
roots:runic_shears, 符文剪刀
roots:wood_knife, 木小刀
roots:stone_knife, 石匕首
roots:iron_knife, 铁匕首
roots:diamond_knife, 钻石匕首
roots:gold_knife, 金小刀
roots:cooked_pereskia, 烤熟的木麒麟
roots:wildroot_stew, Wildroot Stew
roots:wildewheet_bread, 野麦面包
roots:life_essence, 未知生命精华
roots:glass_eye, 玻璃之眼
roots:ritual_healing_aura, 仪式：治疗光环
roots:ritual_heavy_storms, 仪式：暴风雨
roots:ritual_divine_protection, 仪式：神圣庇佑
roots:ritual_fire_storm, 仪式：火焰风暴
roots:ritual_spreading_forest, 仪式：绵延青森
roots:ritual_windwall, 仪式：风之墙
roots:ritual_warding_protection, 仪式：结界庇护
roots:ritual_germination, 仪式：自然萌芽
roots:ritual_purity, 仪式：净化
roots:ritual_frost_lands, 仪式：霜冻之地
roots:ritual_animal_harvest, 仪式：动物采收
roots:ritual_summon_creatures, 仪式：召唤生物
roots:ritual_wildroot_growth, 仪式：野性涌动
roots:ritual_overgrowth, 仪式：过度生长
roots:ritual_flower_growth, 仪式：繁花争艳
roots:ritual_transmutation, 仪式：自然嬗变
roots:ritual_gathering, 仪式：集聚
roots:ritual_grove_supplication, 仪式：森流祈愿
roots:spell_icon:0, 誓约
roots:spell_icon:0, 玫瑰荆棘
roots:spell_icon:0, 水泡
roots:spell_icon:0, 缴械
roots:spell_icon:0, 神圣领域
roots:spell_icon:0, 时间停止
roots:spell_icon:0, 生机灌注
roots:spell_icon:0, 澄空漫游
roots:spell_icon:0, 饱腹
roots:spell_icon:0, 野火
roots:spell_icon:0, 自然之镰
roots:spell_icon:0, 粉碎
roots:spell_icon:0, 酸云
roots:spell_icon:0, 阳炎射线
roots:spell_icon:0, 精灵微光
roots:spell_icon:0, 饱和消耗
roots:spell_icon:0, 生命汲取
roots:spell_icon:0, Extension
roots:spell_icon:0, 增强
roots:spell_icon:0, 风暴之云
roots:spell_icon:0, 蒲公英之风
roots:spell_icon:0, 收获
roots:spell_icon:0, 花仙盾
roots:spell_icon:0, 炼金嬗变
roots:spell_modifier:0, 反应：火焰
roots:spell_modifier:0, React：Weakness
roots:spell_modifier:0, 不洁征服者
roots:spell_modifier:0, 绿焰
roots:spell_modifier:0, Void
roots:spell_modifier:0, Sense Spawners
roots:spell_modifier:0, 过量：石肤
roots:spell_modifier:0, 忠诚共享
roots:spell_modifier:0, 蜘蛛没人权
roots:spell_modifier:0, 皎月泡泡
roots:spell_modifier:0, 树叶采收
roots:spell_modifier:0, 明黄微光
roots:spell_modifier:0, 炼狱
roots:spell_modifier:0, 治疗光束
roots:spell_modifier:0, 剧毒之手
roots:spell_modifier:0, 影响物品
roots:spell_modifier:0, Icicles
roots:spell_modifier:0, 平和之火
roots:spell_modifier:0, Haste
roots:spell_modifier:0, 解网
roots:spell_modifier:0, 毒性防护
roots:spell_modifier:0, 缴械增强
roots:spell_modifier:0, 狂风
roots:spell_modifier:0, 过量：治疗
roots:spell_modifier:0, 剧毒陷阱
roots:spell_modifier:0, Sense Containers
roots:spell_modifier:0, 精准采集
roots:spell_modifier:0, 火焰陷阱
roots:spell_modifier:0, 大型陷阱
roots:spell_modifier:0, 火云
roots:spell_modifier:0, Embiggening
roots:spell_modifier:0, 击退陷阱
roots:spell_modifier:0, Strength of Flame
roots:spell_modifier:0, 再生长
roots:spell_modifier:0, Sense Animals
roots:spell_modifier:0, Taller Third
roots:spell_modifier:0, 单个采收
roots:spell_modifier:0, 紫炎
roots:spell_modifier:0, 友善路人甲
roots:spell_modifier:0, 力竭之止
roots:spell_modifier:0, False Night
roots:spell_modifier:0, Fortunate
roots:spell_modifier:0, 毒焰
roots:spell_modifier:0, 反应：迟缓
roots:spell_modifier:0, 迅捷
roots:spell_modifier:0, 抗毒
roots:spell_modifier:0, 次级时停
roots:spell_modifier:0, 求爱欲望
roots:spell_modifier:0, 矿石灌注
roots:spell_modifier:0, 陷阱注能
roots:spell_modifier:0, 冰霜纪元
roots:spell_modifier:0, Thoughtful Consumption
roots:spell_modifier:0, 侦测回避
roots:spell_modifier:0, 地狱灼烧
roots:spell_modifier:0, 半径增加
roots:spell_modifier:0, 护甲
roots:spell_modifier:0, 硬木皮肤
roots:spell_modifier:0, Jaunt
roots:spell_modifier:0, 研磨
roots:spell_modifier:0, Slowing Cloud
roots:spell_modifier:0, 磁力采收
roots:spell_modifier:0, Additional Target
roots:spell_modifier:0, 过量：伤害
roots:spell_modifier:0, Additional Target
roots:spell_modifier:0, Eternal Flame
roots:spell_modifier:0, 朴棕微光
roots:spell_modifier:0, 加宽光束
roots:spell_modifier:0, 锁定汲取
roots:spell_modifier:0, Reach
roots:spell_modifier:0, 隐光
roots:spell_modifier:0, 治疗放大
roots:spell_modifier:0, 磁暴
roots:spell_modifier:0, 友善陷阱
roots:spell_modifier:0, 熊熊焰流
roots:spell_modifier:0, 平和射线
roots:spell_modifier:0, 幽灵陷阱
roots:spell_modifier:0, 毒性采收
roots:spell_modifier:0, 迟缓光束
roots:spell_modifier:0, 击退泡泡
roots:spell_modifier:0, 煮熟食物
roots:spell_modifier:0, 抽吸
roots:spell_modifier:0, Weakening Trap
roots:spell_modifier:0, 自然拒斥
roots:spell_modifier:0, Voiding
roots:spell_modifier:0, 蔓延
roots:spell_modifier:0, 蘑菇采收
roots:spell_modifier:0, 亡灵拒斥
roots:spell_modifier:0, 碧绿微光
roots:spell_modifier:0, 水流击退
roots:spell_modifier:0, 灼烧光束
roots:spell_modifier:0, 倒转
roots:spell_modifier:0, Sense Hostiles
roots:spell_modifier:0, 时间滑移
roots:spell_modifier:0, 凋零
roots:spell_modifier:0, 鲜花采收
roots:spell_modifier:0, 避木行进
roots:spell_modifier:0, 轻装上阵
roots:spell_modifier:0, 水下增强
roots:spell_modifier:0, 冻雨
roots:spell_modifier:0, Weakening
roots:spell_modifier:0, 疫病光束
roots:spell_modifier:0, 伤害吸收
roots:spell_modifier:0, Sense Ores
roots:spell_modifier:0, 浮沉余烬
roots:spell_modifier:0, 爆发冲刺
roots:spell_modifier:0, Excess healing purifies you over negative potion effects.
roots:spell_modifier:0, 亡灵之礼
roots:spell_modifier:0, Slow Fire
roots:spell_modifier:0, Weakness
roots:spell_modifier:0, 反应：漂移
roots:spell_modifier:0, Rampant Growth
roots:spell_modifier:0, 定点微光
roots:spell_modifier:0, 散落食物
roots:spell_modifier:0, 姹紫微光
roots:spell_modifier:0, Chthonic
roots:spell_modifier:0, 毒性气流
roots:spell_modifier:0, 灵魂汲取
roots:spell_modifier:0, 烟痕轨迹
roots:spell_modifier:0, Rampant Growth
roots:spell_modifier:0, 治疗云雾
roots:spell_modifier:0, Reactive Jolt
roots:spell_modifier:0, 半径
roots:spell_modifier:0, 平和之雨
roots:spell_modifier:0, 熔炼采收
roots:spell_modifier:0, 瓶装食物
roots:spell_modifier:0, 焦灼泡泡
roots:spell_modifier:0, 逃跑加速
roots:spell_modifier:0, Animal Savior
roots:spell_modifier:0, 红粉辉光
roots:spell_modifier:0, 凋零射线
roots:spell_modifier:0, 崩坏
roots:spell_modifier:0, 缓落
roots:spell_modifier:0, 风之圈
roots:spell_modifier:0, 滑行
roots:spell_modifier:0, 亵渎之令
roots:spell_modifier:0, Magnetic Harvester
roots:spell_modifier:0, Sense Liquid
roots:spell_modifier:0, Bitter Luck
roots:spell_modifier:0, 火成碎屑云
roots:spell_modifier:0, 过量：伤害吸收
roots:spell_modifier:0, 火 & 冰
roots:spell_modifier:0, 和平汲取
roots:spell_modifier:0, 接地之风
roots:spell_modifier:0, 铁元素过量
roots:spell_modifier:0, Magnetism
roots:spell_modifier:0, 微光射线
roots:spell_modifier:0, 反射泡泡
roots:spell_modifier:0, 反应：中毒
roots:spell_modifier:0, 孵化
roots:spell_modifier:0, Spiritual Duality
roots:spell_modifier:0, Weakening
roots:spell_modifier:0, 分布恢复
roots:spell_modifier:0, Weakening Thorns
roots:spell_modifier:0, 扩大采收
roots:spell_modifier:0, 水合
roots:spell_modifier:0, 坚石皮肤
roots:spell_modifier:0, 嫣红微光
roots:spell_modifier:0, 垂直
roots:spell_modifier:0, Ignification
roots:spell_modifier:0, 烈焰
roots:spell_modifier:0, 水流冲击
roots:spell_modifier:0, 治疗之雨
roots:spell_modifier:0, 小花童
roots:spell_modifier:0, 护甲
roots:spell_modifier:0, 雷电打击
roots:spell_modifier:0, 和平之舞
roots:spell_modifier:0, 精准采集
roots:spell_modifier:0, 瀑流
roots:spell_modifier:0, 锁定采收
roots:spell_modifier:0, 落月
roots:spell_modifier:0, 延时
roots:spell_modifier:0, 回生之空
roots:spell_modifier:0, Amplification
roots:spell_modifier:0, 反应：藏匕
roots:spell_modifier:0, 磁性射线
roots:spell_modifier:0, 你自由了，伙伴
roots:spell_modifier:0, 生鲜，我的最爱
roots:spell_modifier:0, Extinguishes flames in the direction that you're facing.
roots:spell_modifier:0, Reacant：Radiance
roots:spell_modifier:0, 苔藓采收
roots:spell_modifier:0, 延长誓约
roots:spell_modifier:0, 硫磺
roots:spell_modifier:0, Floral Reproduction
roots:spell_modifier:0, 剧毒风暴
roots:spell_modifier:0, 缓落
roots:spell_modifier:0, 湛蓝微光
roots:spell_modifier:0, 过量：悬浮
roots:spell_modifier:0, 友善大地
roots:spell_modifier:0, 动力
roots:spell_modifier:0, 缓落
roots:spell_modifier:0, 漂浮泡泡
roots:spell_modifier:0, 磁力光束
roots:spell_modifier:0, 击退
roots:spell_modifier:0, 苍苔绿叶
roots:spell_modifier:0, 灵魂泡泡
roots:spell_modifier:0, 平和之风
roots:spell_modifier:0, 消逝光芒
roots:spell_modifier:0, 铁胃
roots:spell_modifier:0, Sense Time
roots:spell_modifier:0, Fortune
roots:spell_modifier:0, Grass Harvest
roots:spell_modifier:0, 大腹便便
roots:spell_modifier:0, 平和之云
roots:spell_modifier:0, 冶炼光束
roots:spell_modifier:0, 花舞飞扬
roots:spell_modifier:0, 拓深
roots:spell_modifier:0, Sense Home
roots:spell_modifier:0, 拓宽
roots:spell_modifier:0, Sense Plants
roots:spell_modifier:0, 倍率增大
roots:spell_modifier:0, 二人效果
roots:spell_modifier:0, Rampant Growth
roots:spell_modifier:0, 超然游魄
roots:spell_modifier:0, 过量：生长
roots:spell_modifier:0, Second Wind
roots:spell_modifier:0, 弹射陷阱
roots:spell_modifier:0, Slowing Drain
roots:spell_modifier:0, 加速
roots:spell_modifier:0, Slowing Trap
roots:spell_modifier:0, 精准采集
roots:fey_fire, 精灵之火
mysticalworld:copper_ingot, 铜锭
mysticalworld:copper_nugget, 铜粒
mysticalworld:copper_dust, 铜粉
mysticalworld:copper_dust_tiny, 小堆铜粉
mysticalworld:silver_ingot, 银锭
mysticalworld:silver_nugget, 银粒
mysticalworld:silver_dust, 亮灰荧石粉
mysticalworld:silver_dust_tiny, 小堆银粉
mysticalworld:amethyst_gem, 紫水晶
mysticalworld:copper_helmet, 铜头盔
mysticalworld:copper_chestplate, 铜胸甲
mysticalworld:copper_leggings, 铜护腿
mysticalworld:copper_boots, 铜靴子
mysticalworld:silver_helmet, 银头盔
mysticalworld:silver_chestplate, 银胸甲
mysticalworld:silver_leggings, 银护腿
mysticalworld:silver_boots, 银靴子
mysticalworld:antler_hat, 鹿角帽
mysticalworld:beetle_mask, 甲虫面具
mysticalworld:carapace, 甲壳
mysticalworld:pelt, 毛皮
mysticalworld:iron_dust, 铁粉
mysticalworld:iron_dust_tiny, 小堆铁粉
mysticalworld:gold_dust, 金粉
mysticalworld:gold_dust_tiny, 小堆金粉
mysticalworld:antlers, 鹿角
mysticalworld:venison, 鹿肉
mysticalworld:raw_squid, 生鱿鱼
mysticalworld:cooked_venison, 熟鹿肉
mysticalworld:cooked_squid, 熟鱿鱼
mysticalworld:epic_squid, 史诗鱿鱼
mysticalworld:fish_and_chips, 炸鱼薯条
mysticalworld:cooked_beetroot, 烤甜菜根
mysticalworld:cooked_carrot, 烤胡萝卜
mysticalworld:beetroot_salad, 甜菜根沙拉
mysticalworld:cactus_dandelion_salad, 仙人掌蒲公英沙拉
mysticalworld:aubergine_salad, 茄子沙拉
mysticalworld:stewed_eggplant, 熟茄子和腌鱼炖菜
mysticalworld:ink_bottle, 墨水瓶
mysticalworld:unripe_pearl, 未成熟的末影珍珠
mysticalworld:pearl, 珍珠
mysticalworld:pearleporter, 珍珠提取器
mysticalworld:assorted_seeds, 混合种子
mysticalworld:cooked_seeds, 烤种子
mysticalworld:amethyst_knife, 紫水晶匕首
mysticalworld:copper_knife, 铜匕首
mysticalworld:silver_knife, 银匕首
mysticalworld:aubergine_seed, 茄子种子
mysticalworld:aubergine, 茄子
mysticalworld:cooked_aubergine, 烤茄子
mysticalworld:stuffed_aubergine, 酿茄子
mysticalworld:silk_cocoon, 蚕茧
mysticalworld:silk_thread, 丝线
mysticalworld:spindle, 栏杆柱
mysticalworld:silkworm_egg, 蚕卵
mysticalworld:gall_apple, 虫瘿苹果
mysticalworld:wasp_attractant, 黄蜂引诱剂
mysticalworld:tannins, 鞣酸
mysticalworld:copper_axe, 铜斧
mysticalworld:copper_hoe, 铜锄
mysticalworld:copper_pickaxe, 铜镐
mysticalworld:copper_shovel, 铜锹
mysticalworld:copper_sword, 铜剑
mysticalworld:silver_axe, Silver axe
mysticalworld:silver_hoe, Silver hoe
mysticalworld:silver_pickaxe, Silver pickaxe
mysticalworld:silver_shovel, Silver shovel
mysticalworld:silver_sword, Silver sword
mysticalworld:amethyst_axe, §d紫晶斧
mysticalworld:amethyst_hoe, §d紫晶锄
mysticalworld:amethyst_pickaxe, §d紫晶镐
mysticalworld:amethyst_shovel, §d紫晶锹
mysticalworld:amethyst_sword, §d紫晶剑
roots:baffle_cap_huge_stem, 巨大的困惑蘑菇茎干
roots:baffle_cap_huge_top, 巨大的困惑蘑菇顶部
roots:baffle_cap_mushroom, 困惑蘑菇
roots:elemental_soil, 元素土
roots:elemental_soil_air, 风素土
roots:elemental_soil_water, 水素土
roots:elemental_soil_fire, 火素土
roots:elemental_soil_earth, 地素土
roots:runestone, 符文石
roots:runestone_brick, 符文石砖
roots:runestone_brick_alt, 符文石砖
roots:chiseled_runestone, 雕刻的符文石
roots:runed_obsidian, 符刻黑曜石
roots:runed_obsidian_brick, 符刻黑曜石砖
roots:runed_obsidian_brick_alt, 符刻黑曜石砖
roots:chiseled_runed_obsidian, 錾制符刻黑曜石
roots:runestone_trample, 稳脚石
roots:runed_acacia, 符文金合欢木
roots:runed_dark_oak, 符文深色橡木
roots:runed_oak, 符文橡木
roots:runed_birch, 符文白桦木
roots:runed_jungle, 符文丛林木
roots:runed_spruce, 符文云杉木
roots:runed_wildwood, 符文野木
roots:wildwood_leaves, 原始森林树叶
roots:wildwood_log, 原始森林原木
roots:wildwood_planks, 原始森林木板
roots:wildwood_sapling, 原始森林树苗
roots:wildwood_door, 野木门
roots:wildwood_trapdoor, 野木陷阱门
roots:wildwood_fence, 野木栅栏
roots:wildwood_fence_gate, 野木栅栏门
roots:wildwood_ladder, 野木楼梯
roots:wildwood_slab, 原始森林木台阶
roots:wildwood_stairs, 原始森林木楼梯
roots:wildwood_wall, 野木墙
roots:wildwood_button, 野木按钮
roots:wildwood_pressure_plate, 野木压力板
roots:runestone_slab, 符文石台阶
roots:runestone_stairs, 符文石楼梯
roots:runestone_wall, 符文石墙
roots:runestone_button, 符文石按钮
roots:runestone_pressure_plate, 符文石压力板
roots:runestone_brick_slab, 符文石砖台阶
roots:runestone_brick_stairs, 符文石砖楼梯
roots:runestone_brick_wall, 符文石砖墙
roots:runestone_brick_button, 符文石砖按钮
roots:runestone_brick_pressure_plate, 符文石砖压力板
roots:runestone_brick_alt_slab, 符文石砖台阶
roots:runestone_brick_alt_stairs, 符文石砖楼梯
roots:runestone_brick_alt_wall, 符文石砖墙
roots:runestone_brick_alt_button, 符文石砖按钮
roots:runestone_brick_alt_pressure_plate, 符文石砖压力板
roots:runed_obsidian_slab, 符刻黑曜石台阶
roots:runed_obsidian_stairs, 符刻黑曜石楼梯
roots:runed_obsidian_wall, 符刻黑曜石墙
roots:runed_obsidian_button, 符刻黑曜石按钮
roots:runed_obsidian_pressure_plate, 符刻黑曜石压力板
roots:runed_obsidian_brick_slab, 符刻黑曜石砖台阶
roots:runed_obsidian_brick_stairs, 符刻黑曜石砖楼梯
roots:runed_obsidian_brick_wall, 符刻黑曜石砖墙
roots:runed_obsidian_brick_button, 符刻黑曜石砖按钮
roots:runed_obsidian_brick_pressure_plate, 符刻黑曜石砖压力板
roots:runed_obsidian_brick_alt_slab, 符刻黑曜石砖台阶
roots:runed_obsidian_brick_alt_stairs, 符刻黑曜石砖楼梯
roots:runed_obsidian_brick_alt_wall, 符刻黑曜石砖墙
roots:runed_obsidian_brick_alt_button, 符刻黑曜石砖按钮
roots:runed_obsidian_brick_alt_pressure_plate, 符刻黑曜石砖压力板
roots:mortar, 研钵
roots:pyre, 柴堆
roots:reinforced_pyre, 强化柴堆
roots:decorative_pyre, 装饰性柴堆
roots:imbuer, 注造器
roots:imposer, 注法台
roots:catalyst_plate, 触媒盘
roots:reinforced_catalyst_plate, 强化触媒盘
roots:unending_bowl, 无尽碗
roots:wildroot_rune, 野木符文
roots:grove_stone, 森流之石
roots:fey_crafter, 精灵工匠台
roots:runic_crafter, Runic Crafter
mysticalworld:thatch, 茅草
mysticalworld:thatch_slab, 茅草台阶
mysticalworld:thatch_stairs, 茅草楼梯
mysticalworld:thatch_wall, 茅草墙
mysticalworld:charred_log, 烧焦的原木
mysticalworld:charred_planks, 烧焦的木板
mysticalworld:charred_slab, 烧焦的台阶
mysticalworld:charred_stairs, 烧焦的楼梯
mysticalworld:charred_wall, 烧焦的墙
mysticalworld:charred_button, 烧焦的按钮
mysticalworld:charred_pressure_plate, 烧焦的压力板
mysticalworld:charred_fence, 烧焦的栅栏
mysticalworld:charred_fence_gate, 烧焦的栅栏门
mysticalworld:mud_block, 泥块
mysticalworld:mud_brick, 泥砖
mysticalworld:wet_mud_block, 湿润的泥块
mysticalworld:wet_mud_brick, 湿润的泥砖
mysticalworld:mud_block_slab, 泥块台阶
mysticalworld:mud_block_stairs, 泥块楼梯
mysticalworld:mud_block_wall, 泥块墙
mysticalworld:mud_block_button, 泥块按钮
mysticalworld:mud_block_pressure_plate, 泥块压力板
mysticalworld:mud_block_fence, 泥块栅栏
mysticalworld:mud_block_fence_gate, 泥块栅栏门
mysticalworld:mud_brick_slab, 泥砖台阶
mysticalworld:mud_brick_stairs, 泥砖楼梯
mysticalworld:mud_brick_wall, 泥砖墙
mysticalworld:mud_brick_button, 泥砖按钮
mysticalworld:mud_brick_pressure_plate, 泥砖压力板
mysticalworld:mud_brick_fence, 泥砖栅栏
mysticalworld:mud_brick_fence_gate, 泥砖栅栏门
mysticalworld:pearl_block, 珍珠块
mysticalworld:pearl_slab, 珍珠台阶
mysticalworld:pearl_stairs, 珍珠楼梯
mysticalworld:pearl_wall, 珍珠墙
mysticalworld:pearl_button, 珍珠按钮
mysticalworld:pearl_pressure_plate, 珍珠压力板
mysticalworld:pearl_fence, 珍珠栅栏
mysticalworld:pearl_fence_gate, 珍珠栅栏门
mysticalworld:copper_block, 铜块
mysticalworld:copper_ore, 铜矿石
mysticalworld:silver_block, Block of Silver
mysticalworld:silver_ore, Silver Ore
mysticalworld:amethyst_block, §d紫晶块
mysticalworld:amethyst_ore, §d紫晶矿石
mysticalworld:quartz_ore, 石英矿石
mysticalworld:granite_quartz_ore, 石英矿石
forestry:crated.forestry.peat.0, item.crated.forestry.peat.0.name
forestry:crated.forestry.apatite.0, item.crated.forestry.apatite.0.name
forestry:crated.forestry.fertilizer_compound.0, item.crated.forestry.fertilizer_compound.0.name
forestry:crated.forestry.mulch.0, item.crated.forestry.mulch.0.name
forestry:crated.forestry.phosphor.0, item.crated.forestry.phosphor.0.name
forestry:crated.forestry.ash.0, item.crated.forestry.ash.0.name
forestry:crated.ingottin, item.crated.ingotTin.name
forestry:crated.ingotcopper, item.crated.ingotCopper.name
forestry:crated.ingotbronze, item.crated.ingotBronze.name
forestry:crated.forestry.humus.0, item.crated.forestry.humus.0.name
forestry:crated.forestry.bog_earth.0, item.crated.forestry.bog_earth.0.name
forestry:crated.cropwheat, item.crated.cropWheat.name
forestry:crated.minecraft.cookie.0, item.crated.minecraft.cookie.0.name
forestry:crated.dustredstone, item.crated.dustRedstone.name
forestry:crated.minecraft.dye.4, item.crated.minecraft.dye.4.name
forestry:crated.sugarcane, item.crated.sugarcane.name
forestry:crated.minecraft.clay_ball.0, item.crated.minecraft.clay_ball.0.name
forestry:crated.dustglowstone, item.crated.dustGlowstone.name
forestry:crated.minecraft.apple.0, item.crated.minecraft.apple.0.name
forestry:crated.minecraft.nether_wart.0, item.crated.minecraft.nether_wart.0.name
forestry:crated.minecraft.coal.1, item.crated.minecraft.coal.1.name
forestry:crated.minecraft.coal.0, item.crated.minecraft.coal.0.name
forestry:crated.minecraft.wheat_seeds.0, item.crated.minecraft.wheat_seeds.0.name
forestry:crated.croppotato, item.crated.cropPotato.name
forestry:crated.cropcarrot, item.crated.cropCarrot.name
forestry:crated.minecraft.log.0, item.crated.minecraft.log.0.name
forestry:crated.minecraft.log.1, item.crated.minecraft.log.1.name
forestry:crated.minecraft.log.2, item.crated.minecraft.log.2.name
forestry:crated.minecraft.log.3, item.crated.minecraft.log.3.name
forestry:crated.minecraft.log2.0, item.crated.minecraft.log2.0.name
forestry:crated.minecraft.log2.1, item.crated.minecraft.log2.1.name
forestry:crated.cobblestone, item.crated.cobblestone.name
forestry:crated.dirt, item.crated.dirt.name
forestry:crated.minecraft.dirt.2, item.crated.minecraft.dirt.2.name
forestry:crated.stone, item.crated.stone.name
forestry:crated.stonegranite, item.crated.stoneGranite.name
forestry:crated.stonediorite, item.crated.stoneDiorite.name
forestry:crated.stoneandesite, item.crated.stoneAndesite.name
forestry:crated.blockprismarine, item.crated.blockPrismarine.name
forestry:crated.blockprismarinebrick, item.crated.blockPrismarineBrick.name
forestry:crated.blockprismarinedark, item.crated.blockPrismarineDark.name
forestry:crated.minecraft.brick_block.0, item.crated.minecraft.brick_block.0.name
forestry:crated.blockcactus, item.crated.blockCactus.name
forestry:crated.minecraft.sand.0, item.crated.minecraft.sand.0.name
forestry:crated.minecraft.sand.1, item.crated.minecraft.sand.1.name
forestry:crated.obsidian, item.crated.obsidian.name
forestry:crated.netherrack, item.crated.netherrack.name
forestry:crated.minecraft.soul_sand.0, item.crated.minecraft.soul_sand.0.name
forestry:crated.minecraft.sandstone.0, item.crated.minecraft.sandstone.0.name
forestry:crated.minecraft.nether_brick.0, item.crated.minecraft.nether_brick.0.name
forestry:crated.minecraft.mycelium.0, item.crated.minecraft.mycelium.0.name
forestry:crated.gravel, item.crated.gravel.name
forestry:crated.minecraft.sapling.0, item.crated.minecraft.sapling.0.name
forestry:crated.minecraft.sapling.1, item.crated.minecraft.sapling.1.name
forestry:crated.minecraft.sapling.2, item.crated.minecraft.sapling.2.name
forestry:crated.minecraft.sapling.3, item.crated.minecraft.sapling.3.name
forestry:crated.minecraft.sapling.4, item.crated.minecraft.sapling.4.name
forestry:crated.minecraft.sapling.5, item.crated.minecraft.sapling.5.name
forestry:crated.forestry.fruits.0, item.crated.forestry.fruits.0.name
forestry:crated.forestry.fruits.1, item.crated.forestry.fruits.1.name
forestry:crated.forestry.fruits.2, item.crated.forestry.fruits.2.name
forestry:crated.forestry.fruits.3, item.crated.forestry.fruits.3.name
forestry:crated.forestry.fruits.4, item.crated.forestry.fruits.4.name
forestry:crated.forestry.fruits.6, item.crated.forestry.fruits.6.name
forestry:crated.forestry.fruits.5, item.crated.forestry.fruits.5.name
forestry:crated.forestry.beeswax.0, item.crated.forestry.beeswax.0.name
forestry:crated.forestry.pollen.0, item.crated.forestry.pollen.0.name
forestry:crated.forestry.pollen.1, item.crated.forestry.pollen.1.name
forestry:crated.forestry.propolis.0, item.crated.forestry.propolis.0.name
forestry:crated.forestry.honeydew.0, item.crated.forestry.honeydew.0.name
forestry:crated.forestry.royal_jelly.0, item.crated.forestry.royal_jelly.0.name
forestry:crated.forestry.bee_combs.0, item.crated.forestry.bee_combs.0.name
forestry:crated.forestry.bee_combs.1, item.crated.forestry.bee_combs.1.name
forestry:crated.forestry.bee_combs.2, item.crated.forestry.bee_combs.2.name
forestry:crated.forestry.bee_combs.3, item.crated.forestry.bee_combs.3.name
forestry:crated.forestry.bee_combs.4, item.crated.forestry.bee_combs.4.name
forestry:crated.forestry.bee_combs.5, item.crated.forestry.bee_combs.5.name
forestry:crated.forestry.bee_combs.6, item.crated.forestry.bee_combs.6.name
forestry:crated.forestry.bee_combs.7, item.crated.forestry.bee_combs.7.name
forestry:crated.forestry.bee_combs.8, item.crated.forestry.bee_combs.8.name
forestry:crated.forestry.bee_combs.10, item.crated.forestry.bee_combs.10.name
forestry:crated.forestry.bee_combs.14, item.crated.forestry.bee_combs.14.name
forestry:crated.forestry.bee_combs.15, item.crated.forestry.bee_combs.15.name
forestry:crated.forestry.bee_combs.16, item.crated.forestry.bee_combs.16.name
forestry:crated.forestry.refractory_wax.0, item.crated.forestry.refractory_wax.0.name
forestry:crated.ic2.misc_resource.4, item.crated.ic2.misc_resource.4.name
forestry:crated.ic2.crafting.23, item.crated.ic2.crafting.23.name
forestry:crated.ic2.misc_resource.3, item.crated.ic2.misc_resource.3.name
forestry:crated.ingotsilver, item.crated.ingotSilver.name
forestry:crated.itemrubber, item.crated.itemRubber.name
morebees:hive, 岩石蜂巢
morebees:framesweet, 芳香框架
morebees:framecooled, 极寒框架
morebees:framemutating, 突变框架
morebees:combrock, 岩性蜂巢
morebees:combdirt, 泥土蜂巢
morebees:combwither, 凋零蜂巢
morebees:combslime, 粘滑蜂巢
morebees:combmetallic, 金属蜂巢
morebees:combcrystal, 水晶蜂巢
morebees:diamondfragment, 钻石碎片
morebees:emeraldfragment, 绿宝石碎片
morebees:nether_starfragment, 下界之心碎片
morebees:propolismetallic, 金属蜂胶
morebees:propoliscrystal, 水晶蜂胶
morebees:grainmetallic, 金属粒
morebees:graincrystal, 水晶粒
morebees:dustiron, 铁粉
morebees:dustcopper, 铜粉
morebees:dusttin, 锡粉
morebees:dustgold, 金粉
morebees:dustlead, 铅粉
morebees:dustsilver, 银粉
morebees:dustaluminium, 铝粉
morebees:dustnickel, 镍粉
morebees:dustplatinum, 铂粉
morebees:dustiridium, 铱粉
tp:bone_pickaxe, 骨头镐
tp:carrot_juice, 胡萝卜汁
tp:obsidian_battle, 黑曜石战斧
tp:octuple_compressed_nether_block, 八重压缩地狱岩
tp:bone_helmet, 骨头头盔
tp:hardened_stone_smallbricks_slab_half:0, 强化小石砖台阶
tp:glowstone_glass, 荧石玻璃
tp:redstone_helmet, 红石头盔
tp:toasted_bread, 烤面包
tp:nether_iron_axe, 铁质地狱岩斧
tp:small_bandage, 小型医疗绷带
tp:sextuple_compressed_sugar_cane, 六重压缩甘蔗块
tp:sextuple_compressed_nether_block, 六重压缩地狱岩
tp:emerald_multi, 绿宝石镐
tp:redstone_apple, 红石苹果
tp:bsc_gold_pickaxe, 金质甘蔗镐
tp:dragon_chestplate, 龙之胸甲
tp:mycelium_seeds, 菌丝种子
tp:bams_pizza, Bam 披萨
tp:growth_block, 生长结晶
tp:flint_shears, 燧石剪
tp:blueberry_bush, 蓝莓丛
tp:stone_leggings, 石护腿
tp:wub_ore, Wub Wub 矿石
tp:emerald_battle, 绿宝石战斧
tp:dragon_leggings, 龙之护腿
tp:monster_jerky, 怪物肉干
tp:compressed_sugar, 压缩糖块
tp:flint_spade, 燧石锹
tp:obsidian_chestplate, 黑曜胸甲
tp:nether_hoe, 地狱岩锄
tp:iron_battle, 铁质战斧
tp:raspberry_juice, 树莓汁
tp:triple_compressed_nether_block, 三重压缩地狱岩
tp:diamond_multi, 钻石镐
tp:colored_dust:0, 白荧石粉
tp:colored_dust:1, 橙荧石粉
tp:colored_dust:2, 洋红荧石粉
tp:colored_dust:3, 亮蓝荧石粉
tp:colored_dust:4, 石灰荧石粉
tp:colored_dust:5, 粉荧石粉
tp:colored_dust:6, 灰荧石粉
tp:colored_dust:7, 亮灰荧石粉
tp:colored_dust:8, 青荧石粉
tp:colored_dust:9, 紫荧石粉
tp:colored_dust:10, 蓝荧石粉
tp:colored_dust:11, 棕荧石粉
tp:colored_dust:12, 绿荧石粉
tp:colored_dust:13, 红荧石粉
tp:colored_dust:14, 黑荧石粉
tp:bone_hoe, 骨头锄
tp:nether_diamond_hoe, 钻石质地狱岩锄
tp:lava_leggings, 熔岩裤子
tp:fmf_block, 漂浮方块
tp:obsidian_boots, 黑曜战靴
tp:dragon_boots, 龙之靴子
tp:nether_diamond_pickaxe, 钻石质地狱岩镐
tp:emerald_shears, 绿宝石剪
tp:birthday_pickaxe, 派对镐
tp:ghost_block, 幽灵方块
tp:golden_battle, 金质战斧
tp:flint_chestplate, 燧石胸甲
tp:nether_gold_spade, 金质地狱岩锹
tp:triple_compressed_sugar_cane, 三重压缩甘蔗块
tp:asphalt_block, 沥青
tp:pouch, 大袋子
tp:bacon_sandwhich, 培根三明治
tp:growth_upgrade, 二级生长结晶
tp:chicken_sandwhich, 鸡肉三明治
tp:tiny_charcoal, 小块木炭
tp:wub_ingot, Wub 锭
tp:iron_spear, 铁长矛
tp:flint_leggings, 燧石护腿
tp:wither_leggings, 凋零裤子
tp:flint_multi, 燧石镐
tp:lapis_helmet, 青金石头盔
tp:wooden_leggings, 木护腿
tp:stone_multi, 石质镐
tp:diamond_battle, 钻石战斧
tp:raspberry_berry, 树莓
tp:wub_pickaxe, Wub 镐
tp:flint_helmet, 燧石头盔
tp:growth_upgrade_two, 三级生长结晶
tp:iron_multi, 铁质镐
tp:little_candy, 糖果
tp:bsc_diamond_spade, 钻石质甘蔗锹
tp:septuple_compressed_sugar_cane, 七重压缩甘蔗块
tp:maloberry_juice, 桑椹汁
tp:quick_sand, 流沙
tp:obsidian_sword, 黑曜石剑
tp:nether_rod, 地狱岩棍
tp:emerald_spade, 绿宝石锹
tp:cooked_mushroom_brown, 煮熟的棕色蘑菇
tp:dragon_helmet, 龙之头盔
tp:emerald_axe, 绿宝石斧
tp:redstone_chestplate, 红石胸甲
tp:lava_chestplate, 熔岩胸甲
tp:wooden_helmet, 木头盔
tp:wooden_boots, 木靴子
tp:raw_bacon, 生培根
tp:nether_gold_pickaxe, 金质地狱岩镐
tp:soul_sandstone, 灵魂砂岩
tp:bsc_gold_spade, 金质甘蔗锹
tp:colored_glowstone:0, 白荧石
tp:colored_glowstone:1, 橙荧石
tp:colored_glowstone:2, 洋红荧石
tp:colored_glowstone:3, 亮蓝荧石
tp:colored_glowstone:4, 黄绿色荧石
tp:colored_glowstone:5, 粉荧石
tp:colored_glowstone:6, 灰荧石
tp:colored_glowstone:7, 亮灰荧石
tp:colored_glowstone:8, 青荧石
tp:colored_glowstone:9, 紫荧石
tp:colored_glowstone:10, 蓝荧石
tp:colored_glowstone:11, 棕荧石
tp:colored_glowstone:12, 绿荧石
tp:colored_glowstone:13, 红荧石
tp:colored_glowstone:14, 黑荧石
tp:stone_boots, 石靴子
tp:cactus_juice, 仙人掌汁
tp:wub_gem, Wub 宝石
tp:flint_boots, 燧石靴子
tp:nether_pickaxe, 地狱岩镐
tp:bone_boots, 骨头靴子
tp:watering_can_upgrade, 强化喷壶
tp:nether_iron_sword, 铁质地狱岩剑
tp:iron_cobblegen_block, 二级造石机
tp:hardened_stone_bricks_stairs, 强化石砖楼梯
tp:double_compressed_nether_block, 二重压缩地狱岩
tp:wub_axe, Wub 斧
tp:bread_slice, 面包片
tp:bsc_iron_hoe, 铁质甘蔗锄
tp:septuple_compressed_nether_block, 七重压缩地狱岩
tp:flint_ingot, 燧石锭-[WIP]
tp:lapis_ingot, 青金石锭
tp:plump_peach, 桃子
tp:lapis_boots, 青金石靴子
tp:vasholine, Wub Wub Juice
tp:cooked_apple, 煮熟的苹果
tp:stone_helmet, 石头盔
tp:cooked_mushroom_red, 煮熟的红蘑菇
tp:wooden_multi, 木镐
tp:wub_sword, Wub 剑
tp:nether_diamond_sword, 钻石质地狱岩剑
tp:bone_leggings, 骨头护腿
tp:hardened_stone_bricks, 强化石砖
tp:steel_ingot, 钢锭
tp:watering_can, 喷壶
tp:wooden_battle, 木质战斧
tp:fried_egg, 煎蛋
tp:netherstar_block, 下界之星方块
tp:emerald_chestplate, 绿宝石胸甲
tp:flint_axe, 燧石斧
tp:stone_shears, 石剪
tp:repair_tablet, 万用修理器
tp:bsc_gold_axe, 金质甘蔗斧
tp:hardened_stone_slab_half:0, 强化石台阶
tp:lava_block, 熔岩源石头
tp:flint_pickaxe, 燧石镐
tp:large_bandage, 大型医疗绷带
tp:diamond_shears, 钻石剪刀
tp:wooden_shears, 木剪
tp:redstone_leggings, 红石护腿
tp:pumpkin_juice, 南瓜汁
tp:golden_spear, 金长矛
tp:nether_gold_hoe, 金质地狱岩锄
tp:obsidian_axe, 黑曜石斧
tp:quartz_leggings, 石英护腿
tp:lamp, 灯
tp:bone_spade, 骨头锹
tp:nether_sword, 地狱岩剑
tp:stone_chestplate, 石胸甲
tp:wheat_juice, 小麦汁
tp:flesh_block, 压缩腐肉块
tp:bsc_diamond_hoe, 钻石质甘蔗锄
tp:bacon_eggs, 培根鸡蛋
tp:lapis_leggings, 青金石护腿
tp:emerald_leggings, 绿宝石护腿
tp:quintuple_compressed_sugar_cane, 五重压缩甘蔗块
tp:blackberry_juice, 黑莓汁
tp:infin_bucket, 无尽之桶
tp:colored_lamp:0, 白色灯
tp:colored_lamp:1, 橙色灯
tp:colored_lamp:2, 品红色灯
tp:colored_lamp:3, 亮蓝色灯
tp:colored_lamp:4, 黄色灯
tp:colored_lamp:5, 黄绿色灯
tp:colored_lamp:6, 粉红色灯
tp:colored_lamp:7, 灰色灯
tp:colored_lamp:8, 银灯
tp:colored_lamp:9, 青色灯
tp:colored_lamp:10, 紫色灯
tp:colored_lamp:11, 蓝色灯
tp:colored_lamp:12, 棕色灯
tp:colored_lamp:13, 绿色灯
tp:colored_lamp:14, 应急灯
tp:colored_lamp:15, 黑色灯
tp:compressed_nether_block, 压缩地狱岩
tp:small_med_kit, 小型医疗箱
tp:lava_boots, 熔岩靴子
tp:wither_helmet, 凋零头盔
tp:dirty_glass, 污浊玻璃
tp:obsidian_multi, 黑曜石镐
tp:bsc_iron_pickaxe, 铁质甘蔗镐
tp:iron_furnace_block, 铁熔炉
tp:double_compressed_sugar_cane, 二重压缩甘蔗块
tp:stone_hammer, 石锤
tp:nether_gold_sword, 金质地狱岩剑
tp:bone_chestplate, 骨头胸甲
tp:nether_spade, 地狱岩锹
tp:wooden_chestplate, 木胸甲
tp:melon_juice, 西瓜汁
tp:nether_wub_ore, 下界 Wub Wub 矿石
tp:hardened_stone_stairs, 强化石台阶
tp:quadruple_compressed_nether_block, 四重压缩地狱岩
tp:maloberry_bush, 桑椹丛
tp:wub_hammer, Wub 锤
tp:quadruple_compressed_sugar_cane, 四重压缩甘蔗块
tp:obsidian_dust, 黑曜石粉
tp:bsc_iron_spade, 铁质甘蔗锹
tp:reinforced_obsidian_ingot, 强化黑曜石锭
tp:emerald_boots, 绿宝石靴子
tp:bsc_rod, 甘蔗棍
tp:bone_block, 骨块
tp:flint_sword, 燧石剑
tp:bsc_diamond_pickaxe, 钻石质甘蔗镐
tp:blueberry_berry, 蓝莓
tp:nether_axe, 地狱岩斧
tp:wither_chestplate, 凋零胸甲
tp:obsidian_helmet, 黑曜头盔
tp:hardened_stone_smallbricks_stairs, 强化小石砖台阶
tp:hardened_stone_bricks_slab_half:0, 强化石砖台阶
tp:tiny_coal, 小块煤炭
tp:obsidian_pickaxe, 黑曜石镐
tp:emerald_apple, 绿宝石苹果
tp:cooked_bacon, 熟培根
tp:kappa_pick, Kappa Pick
tp:diamond_apple, 钻石苹果
tp:water_block, 水源石头
tp:raspberry_bush, 覆盆子灌木
tp:blaze_cobblegen_block, 四级造石机
tp:wither_rib, 凋零之骨
tp:emerald_hoe, 绿宝石锄
tp:emerald_helmet, 绿宝石头盔
tp:nether_iron_pickaxe, 铁质地狱岩镐
tp:beet_juice, 甜菜汁
tp:stone_battle, 石质战斧
tp:lava_helmet, 熔岩头盔
tp:emerald_cobblegen_block, 五级造石机
tp:lava_infused_stone, 脉冲熔岩石
tp:obsidian_spear, 黑曜石矛
tp:plump_pear, 梨
tp:octuple_compressed_sugar_cane, 八重压缩甘蔗块
tp:bone_axe, 骨头斧
tp:stone_spear, 石长矛
tp:potatoe_juice, 土豆汁
tp:rabbit_sandwhich, 兔肉三明治
tp:nether_diamond_axe, 钻石质地狱岩斧
tp:blackberry_berry, 黑莓
tp:hardened_stone_bricks_slab_double:0, 强化石砖台阶
tp:large_med_kit, 大型医疗箱
tp:nether_iron_hoe, 铁质地狱岩锄
tp:emerald_pickaxe, 绿宝石镐
tp:slime_juice, 粘液汁
tp:unhardened_stone, 软石
tp:wub_paxel, Wub 镐
tp:wub_hoe, Wub 锄
tp:apple_juice, 苹果汁
tp:hardened_stone_smallbricks, 强化小石砖
tp:ender_ore, 末影矿石
tp:juicer, 榨汁机
tp:quintuple_compressed_nether_block, 五重压缩地狱岩
tp:chainmail_part, 链甲
tp:quartz_boots, 石英靴子
tp:compressed_sugar_cane, 压缩甘蔗块
tp:obsidian_hoe, 黑曜石锄
tp:c_axe, C-斧
tp:bsc_iron_axe, 铁质甘蔗斧
tp:reinforced_glass, 强化玻璃
tp:flint_hoe, 燧石锄
tp:hardened_stone, 强化石头
tp:bsc_gold_hoe, 金质甘蔗锄
tp:bsc_diamond_axe, 钻石质甘蔗斧
tp:bsc_gold_sword, 金质甘蔗剑
tp:peach_juice, 桃汁
tp:blueberry_juice, 蓝莓汁
tp:succ_pearls, SUCC 珍珠
tp:steel_block, Block of Steel
tp:quartz_ingot, 石英锭
tp:hardened_stone_slab_double:0, 强化石台阶
tp:nether_iron_spade, 铁质地狱岩锹
tp:beef_sandwhich, 牛肉三明治
tp:nether_gold_axe, 金质地狱岩斧
tp:bacon_eggs_sandwhich, 培根鸡蛋三明治
tp:maloberry_berry, 桑椹
tp:diamond_cobblegen_block, 三级造石机
tp:bsc_diamond_sword, 钻石质甘蔗剑
tp:nether_diamond_spade, 钻石质地狱岩锹
tp:emerald_spear, 绿宝石长矛
tp:wooden_spear, 木长矛
tp:diamond_spear, 钻石长矛
tp:quartz_helmet, 石英头盔
tp:bone_sword, 骨头剑
tp:flint_block, 压缩燧石块
tp:obsidian_spade, 黑曜石锹
tp:bsc_iron_sword, 铁质甘蔗剑
tp:double_compressed_sugar, 二重压缩糖块
tp:lapis_chestplate, 青金石胸甲
tp:reinforced_obsidian, 钢筋强化黑曜石
tp:nether_lava_block, 下界熔岩源石
tp:charcoal_block, 木炭块
tp:quartz_chestplate, 石英胸甲
tp:dragon_scale, 龙鳞
tp:hardened_stone_smallbricks_slab_double:0, 强化小石砖台阶
tp:emerald_sword, 绿宝石剑
tp:wub_spade, Wub 锹
tp:ender_dust, 末影粉
tp:redstone_boots, 红石靴子
tp:golden_shears, 金剪
tp:pear_juice, 梨汁
tp:bsc_sugar_cookie, 糖果曲奇
tp:wither_boots, 凋零靴子
tp:obsidian_leggings, 黑曜护腿
tp:golden_multi, 金质镐
tp:dead_reed, 干甘蔗
tp:iron_apple, 铁苹果
tp:old_reed, 干芦苇
tp:blackberry_bush, 黑莓丛
tp:redstone_ingot, 红石锭
tp:cobblegen_block, 造石机
guideapi:modularrouters-guidebook, item.guideapi.book.modularrouters.guidebook.name
guideapi:bloodmagic-guide, item.guideapi.book.bloodmagic.guide.name